{"inst1": {"S": [[1, 2, 5], [2, 1, 3, 4, 6], [3, 2, 4, 5], [4, 3, 5, 2], [5, 3, 4, 1], [6, 2, 7, 10], [7, 6, 8, 9, 10], [8, 7, 9], [9, 7, 8, 10], [10, 7, 9, 6]], "f": [[200.0, 0.0, -98.46586277496372, 13.15818484131357], [200.0, 0.0, 20.052787846189666, 72.00804140903143, -64.3285010393836, -14.931521580617435], [200.0, 0.0, 50.21296541449401, 11.86299472257133, -55.14214741100745], [200.0, 0.0, -81.53174959884895, -95.56764803519302, 54.5360437291315], [200.0, 0.0, 11.83880773264725, -45.76675450821273, 73.01028136974075], [200.0, 0.0, -90.34182077734079, -40.18581284933844, -28.78845824709131], [200.0, 0.0, 35.97738715353931, -8.900265441242539, -54.86238945257589, -58.913315005995884], [200.0, 0.0, 20.116446387317065, 62.47823551264287], [200.0, 0.0, 55.6079802847917, -22.187432146882212, -59.533709218974515], [200.0, 0.0, 61.96630783471269, -90.49494505593853, 86.50582204536987]], "c": [5.074919855164493, 4.669525435223566, 5.375268643132974, 4.658314058554865, 4.69104323456309, 4.732706911982417, 4.904300049112644, 4.768321614359639, 5.323954215969115, 5.3678184597986025], "caves": [[1, 2, 3, 4, 5], [6, 7, 8, 9, 10]]}, "inst2": {"S": [[1, 2, 3, 4, 5], [2, 1, 5, 3], [3, 1, 2, 6], [4, 1, 5], [5, 2, 4, 1], [6, 3, 7, 8], [7, 6, 9, 8], [8, 6, 9, 10, 7], [9, 8, 10, 7], [10, 8, 9]], "f": [[200.0, 0.0, 69.81730286051561, -88.1216642776428, -84.56716808701657, -52.67957279115476], [200.0, 0.0, -51.386818507331064, -78.5653634073457, 98.1220300828252], [200.0, 0.0, -51.43816414905346, 81.76853898004907, -97.33279099828367], [200.0, 0.0, -10.955978048661574, -18.744273937672084], [200.0, 0.0, 31.418885857801282, 61.422416546352764, -68.13357526063417], [200.0, 0.0, 85.43214356759891, -4.559665936810942, 23.041995638667334], [200.0, 0.0, -63.538253944965774, 59.60974343316017, -6.389696254770194], [200.0, 0.0, -50.23988769585712, -49.2646194813819, -54.454677938475385, -98.63364845859996], [200.0, 0.0, 77.9498850622518, 54.741498241809026, 54.92897808718347], [200.0, 0.0, 7.78566519900743, -61.070151727426406]], "c": [5.2650466537320355, 5.411449425654075, 5.474633449705881, 5.396304440018528, 5.263101572967331, 5.428551845700547, 5.242258416796127, 4.84933668550842, 5.155783867102874, 5.358224813852832], "caves": [[1, 2, 3, 4, 5], [6, 7, 8, 9, 10]]}, "jmap": {"1": 1, "2": 3, "3": 5, "4": 2, "5": 4, "6": 8, "7": 6, "8": 7, "9": 10, "10": 9}}