{"inst1": {"S": [[1, 2, 4, 6, 7, 9, 3], [2, 1, 3, 9, 7, 6, 8], [3, 2, 5, 1, 8, 6, 4], [4, 1, 7, 9, 10, 5, 8, 3], [5, 3, 6, 8, 4, 9], [6, 5, 9, 1, 10, 7, 2, 3], [7, 4, 8, 1, 6, 2, 9], [8, 5, 10, 7, 4, 3, 2], [9, 6, 10, 4, 2, 1, 5, 7], [10, 8, 9, 6, 4, 11], [11, 10, 12, 20, 13, 16, 18, 15], [12, 11, 13, 15, 16, 17, 19, 20, 18, 14], [13, 12, 14, 15, 11, 20, 18, 19, 16], [14, 13, 15, 19, 12, 20], [15, 12, 13, 20, 14, 11, 19], [16, 12, 11, 20, 18, 13], [17, 12, 18, 19, 20], [18, 17, 12, 11, 13, 16], [19, 12, 13, 14, 17, 15], [20, 12, 11, 13, 15, 16, 14, 17]], "f": [[200.0, 0.0, -43.07022044303916, -5.937666167330535, 37.368772315883824, 77.26689813341609, 37.99586869071461, 11.830648140291334], [200.0, 0.0, -96.25789198364502, 20.045029702326733, -50.574095836223655, 76.96185387770859, 93.56576133225755, 29.46968881338201], [200.0, 0.0, 18.978542120722587, 23.641955555000283, -90.30818931512272, 91.64422160854659, -0.04467477008303078, 67.3035248132408], [200.0, 0.0, 63.03511922279672, -48.60391416811682, 56.0421315045788, 5.219999992327029, -54.81449004980814, 33.33895393807702, 7.893354731442526], [200.0, 0.0, -62.07583250956523, 34.02360117005543, 68.58807320738174, -11.176310154958147, 51.19180066095428], [200.0, 0.0, -72.53540384638045, -20.413515971099507, -99.88019862796762, -68.75485721370855, -60.50968771852627, -87.14535653682177, 45.282951016961135], [200.0, 0.0, 8.505885047381302, 3.0378671463951568, 69.05455472560132, -26.98134373411103, -4.0513680149806275, 83.33700211811765], [200.0, 0.0, -23.047235642599517, -86.03920190438204, -42.326167732320606, -84.86452561970354, 28.82622654105562, -25.489045926691546], [200.0, 0.0, -95.15644223503334, -99.94508090551801, 59.099013276374166, 53.786843622022595, 47.91627696266676, -84.81382693274364, 55.83062269572192], [200.0, 0.0, -84.22852159862109, 85.78666876353455, -58.242941810563906, -48.769482437705825, 3.83853170558206], [200.0, 0.0, 98.37551067130408, -5.195642232202902, 34.8452729841787, 46.63769747146886, 26.992225787329804, 58.93402924938276, 66.59816632646584], [200.0, 0.0, -47.53409580143617, 1.8327575914107275, -11.226615372155235, -34.409085175335655, 79.31528026575792, 60.63060061898155, 42.85010552497648, -92.34241125700915, 89.55205281642273], [200.0, 0.0, 76.34987477678928, -51.721022915310954, -50.54046524309903, 73.61528104604793, -31.332973260064524, -35.379590003077425, 43.07364701655514, 25.547843161735706], [200.0, 0.0, -6.94771016493394, 58.65506375624581, 69.17103228254958, 43.98464253702103, -5.261626874517922], [200.0, 0.0, 60.88776464290569, 94.83437189776096, 49.08707119322766, -84.69922250978502, 71.54201803839536, -32.5571106300935], [200.0, 0.0, -57.23537913105143, -87.72464902438455, -32.570346246137525, 83.5221180861851, -58.33003292986631], [200.0, 0.0, 39.70026725428395, 74.68729885185894, -41.02317506240427, 54.85964007166962], [200.0, 0.0, 60.94354353346787, 99.97470597423322, -0.39565898693820767, 90.44291042199141, -7.76146733630807], [200.0, 0.0, -55.53625637111208, -92.16632258571363, 51.433460894716674, 58.04054647144567, -85.68582991222262], [200.0, 0.0, -6.391737613150195, -39.54190254295729, 36.68387825967399, 18.781094261245435, 42.182057354640065, -41.00724694248355, -44.7320388092568]], "c": [4.504773044825175, 4.952072545428802, 4.849350087139884, 5.255650815100348, 5.467698349922032, 5.339161481499758, 5.020148447847591, 4.850774827777984, 5.298977629049613, 4.758395707219027, 4.85139054867879, 5.032719394675358, 4.957151557007288, 5.410979229433216, 5.135319010336039, 5.134087710043621, 4.7785597540083975, 4.96343438198881, 5.33914553989803, 4.992312491696397], "caves": [[1, 2, 3, 4, 5, 6, 7, 8, 9, 10], [11, 12, 13, 14, 15, 16, 17, 18, 19, 20]]}, "inst2": {"S": [[1, 2, 7, 10, 9, 5], [2, 1, 3, 8, 6, 5], [3, 2, 4, 6, 9, 10, 8, 5, 7], [4, 3, 5, 8, 6], [5, 4, 10, 6, 8, 2, 3, 7, 1, 9], [6, 3, 8, 9, 5, 2, 4], [7, 1, 8, 9, 3, 5, 11], [8, 6, 2, 5, 3, 4, 7, 9], [9, 3, 6, 10, 1, 7, 5, 8], [10, 5, 1, 3, 9], [11, 7, 12, 13, 15, 14, 16, 19], [12, 11, 17, 19, 15, 18, 20, 14, 13], [13, 11, 14, 16, 20, 19, 12], [14, 13, 17, 11, 18, 20, 12], [15, 11, 19, 12, 20, 18, 17], [16, 13, 18, 20, 19, 11], [17, 14, 12, 15, 19], [18, 16, 12, 20, 14, 15, 19], [19, 15, 12, 16, 18, 13, 17, 11], [20, 16, 12, 18, 14, 15, 13]], "f": [[200.0, 0.0, -5.1919356442444276, -71.29884095220287, -97.05967876757818, 1.4875583559607497, 44.16223752928803], [200.0, 0.0, -99.17489540476008, 39.683643680650846, -2.1154446242448, 68.93746551704464, -53.22507448598268], [200.0, 0.0, -12.455051636477288, -11.439037425116494, 16.646595093070317, 91.432840639057, -57.99133564324317, 39.39834932860031, 73.60041715377004, 7.577239966696747], [200.0, 0.0, 97.09549508402893, -22.18745275344216, 23.00812508707537, 60.609622244181224], [200.0, 0.0, -96.87601238645298, -50.209755397735535, 51.18476412077022, 21.49999560948426, -4.568855867698263, -61.052144248971295, -10.448884220101862, -51.910094168083944, -73.18264818231852], [200.0, 0.0, 37.13348499140303, -26.94713216934921, 0.10860332370916659, -34.2953441372893, -76.85173554767297, -32.57560826564425], [200.0, 0.0, 56.44233732355632, 63.72579550612696, 6.393309340018627, -97.35763705024951, -53.13469308581658, -44.15439054197239], [200.0, 0.0, -89.98919039216786, 62.09643704131131, -52.66002310451727, -93.914480068735, -19.126242680750828, -25.090731741676308, 58.99847197535573], [200.0, 0.0, -59.57678773842643, -32.37042727183199, 56.142949827729005, 96.88606276677739, 75.41808980984281, -45.01784819767951, 99.6930000557715], [200.0, 0.0, -69.00890124139714, 1.4639150459291095, -17.29477238234425, 93.96732796448161], [200.0, 0.0, 65.0289785244106, 70.17400910366428, -63.926218230024446, 96.41942097339526, 71.98857827139358, 43.807137581628595, -16.282899511726367], [200.0, 0.0, -39.34248282013246, -59.65626864833011, -86.34174860698903, -77.33841866900615, 40.590783158570545, -32.367529635117066, 87.95162313838219, -44.823583216988915], [200.0, 0.0, -60.67782054495159, 38.3016581909839, -68.9132554127038, -89.15787837955409, -88.45865760214325, 41.72433407096594], [200.0, 0.0, -66.40421880782104, 79.26088656329237, 57.00002631413605, -74.72536812664944, 7.271734810983377, 70.91221308041055], [200.0, 0.0, -11.18871402953876, -54.409913417002585, -52.23544056389158, -47.33215901601786, -20.847334495049008, -38.28931150724071], [200.0, 0.0, -55.10569308808806, -88.82667390231424, 66.5752830678883, -22.153185068323424, -13.927518749360758], [200.0, 0.0, 78.90949601065557, 48.464254986004775, 36.32841488636333, 45.4710641006264], [200.0, 0.0, 25.86001047816946, 9.623151059117042, -46.71830513668025, 0.6438649227537896, 45.52678024860446, 49.6398057539928], [200.0, 0.0, 94.8657935171118, -83.19370594932111, 39.509788386379775, -57.86588164112902, -51.22537455299086, -23.499539124114065, -12.423887780850752], [200.0, 0.0, -18.37074994946606, -1.0174976612751907, -46.2966774336131, -48.65668581775897, 82.98326108996076, 41.645951272624046]], "c": [5.28218077957333, 5.478718439273868, 4.8831028436743695, 5.358457359390037, 4.753445271608089, 5.209206151438611, 5.430488076331274, 4.70380176737741, 4.982737074163635, 5.263065197599643, 4.934893360000206, 4.983072212023518, 4.593074098124669, 5.290135156340239, 4.619411515177253, 5.104097263589118, 4.78172618084412, 5.102616105657427, 5.185322075739483, 4.746781696387127], "caves": [[1, 2, 3, 4, 5, 6, 7, 8, 9, 10], [11, 12, 13, 14, 15, 16, 17, 18, 19, 20]]}, "jmap": {"1": 1, "2": 2, "3": 3, "4": 4, "5": 5, "6": 6, "7": 7, "8": 8, "9": 9, "10": 10, "11": 11, "12": 12, "13": 13, "14": 14, "15": 15, "16": 16, "17": 17, "18": 18, "19": 19, "20": 20}}