{"inst1": {"S": [[1, 2, 4, 6, 8, 10, 5], [2, 1, 3, 4, 8, 5, 7], [3, 2, 5, 10, 7, 6, 4, 9], [4, 1, 7, 9, 2, 6, 3], [5, 3, 9, 7, 2, 8, 1], [6, 1, 7, 4, 8, 10, 3], [7, 4, 10, 5, 6, 3, 8, 2, 11], [8, 1, 2, 10, 6, 5, 7], [9, 4, 5, 10, 3], [10, 3, 7, 8, 9, 6, 1], [11, 7, 12, 13, 14, 15, 20, 18, 16, 19], [12, 11, 16, 17, 20, 13], [13, 11, 17, 19, 14, 20, 18, 15, 12, 16], [14, 11, 13, 19, 15, 18, 17], [15, 11, 19, 14, 18, 13, 20, 17], [16, 12, 18, 20, 11, 13], [17, 13, 12, 14, 15], [18, 16, 11, 15, 13, 20, 14], [19, 13, 15, 14, 11], [20, 16, 11, 13, 12, 15, 18]], "f": [[200.0, 0.0, -55.2974941955229, 97.12252958234915, 12.987510821001024, -6.417266095358887, -90.63330844463624, 86.67618495472082], [200.0, 0.0, -14.143541919214497, -16.980926620592072, 62.200237041361106, -21.703660531361592, -10.719807410462657, 81.4895176908623], [200.0, 0.0, -33.831072203568425, 99.7564564266817, -12.0045627366008, 32.323861465762334, -85.51255625331974, 59.45170232396495, 70.80786936492038], [200.0, 0.0, 24.287469301988928, 56.8038889572694, -60.145633306744514, 35.74769699754903, 81.14784192387283, -13.517587593057634], [200.0, 0.0, 16.923622250405778, 53.5533583769191, -49.071109111002365, -47.93587550802263, 69.1660884562911, -46.17785447254414], [200.0, 0.0, 92.57083861154544, 47.164204528035626, -39.50233222513173, 67.80269293642472, 25.009901398457135, -75.96998035071223], [200.0, 0.0, 49.482062219902836, -21.178827863031135, -91.8721409597978, 8.730072630245566, 52.891751386275885, -13.089190411427353, -82.35709374186366, 77.56232586812702], [200.0, 0.0, 7.2591727916826665, 38.224711002121126, -97.87545283876067, 20.83150614192293, -63.98022453583716, 71.32120641769626], [200.0, 0.0, -71.67555346565166, -79.3981073458175, -72.74725476675039, 24.90424964889042], [200.0, 0.0, -96.8439457639625, -71.75327866466141, 84.11581803816537, 34.5986542871253, 66.24152027218422, -73.13833366335649], [200.0, 0.0, 49.483470469147406, 1.4407034245531802, 51.901552759012915, -85.33188882290004, -11.208468839514495, -30.47249215605521, 88.20882944337308, -69.67374578743548, -54.49551250305716], [200.0, 0.0, 9.526669713753044, 84.27898308656778, -35.08189186644104, 26.853406240332166, 53.265030699080754], [200.0, 0.0, -2.9210011125945456, -36.49420828390966, -39.7451839839563, 58.067793568984236, -59.272716571810214, -69.18063191066844, 99.30452198612245, -69.76006165841937, -2.0891699224611537], [200.0, 0.0, -2.9381619854377927, -65.75662481340983, -55.448831292318545, -61.07178999349503, 44.49066518451659, 26.279695574227002], [200.0, 0.0, -26.933882697927913, 16.47103067125557, 22.224063131112402, -58.161686104715216, 83.51829195234185, -73.97817248755223, -58.74991754729049], [200.0, 0.0, -75.1114192935223, 34.45871710053492, 88.1426774322807, 7.061290169133927, 60.21124564190992], [200.0, 0.0, 35.45423926361948, 13.485978048783952, -27.764077393957475, 0.005787482442598524], [200.0, 0.0, 74.34762219488826, 86.33070867228261, 50.17142826850707, -38.241996679748304, 61.422110034066144, 28.65217094457455], [200.0, 0.0, 40.659610924851755, -79.8866697267938, 95.78663121858062, -79.35135772198774], [200.0, 0.0, -94.88514131850252, 5.04120561558179, 95.848843984319, 99.72419406146122, -57.133704026091216, -99.27605090965328]], "c": [5.308391374334746, 5.248018262144969, 4.60241910645182, 5.033405371001377, 5.025355186734169, 4.811470717595618, 4.731413917918154, 5.14361401358692, 4.8312023304027685, 5.415971603849821, 5.388309632110691, 5.065830290642121, 4.653593236686036, 4.520297383909354, 5.397376122954293, 4.556929257386126, 4.9598243037733765, 5.429184712092829, 4.776293791866054, 5.272536147050095], "caves": [[1, 2, 3, 4, 5, 6, 7, 8, 9, 10], [11, 12, 13, 14, 15, 16, 17, 18, 19, 20]]}, "inst2": {"S": [[1, 2, 3, 6, 10, 5, 4], [2, 1, 4, 5, 7, 9], [3, 1, 9, 6, 10, 7, 8], [4, 2, 8, 5, 7, 9, 1], [5, 2, 4, 9, 10, 1, 7, 6], [6, 1, 9, 3, 10, 5, 8], [7, 2, 5, 4, 3, 10], [8, 4, 6, 3, 10, 9], [9, 3, 5, 6, 10, 2, 4, 8, 11], [10, 1, 5, 3, 9, 6, 7, 8], [11, 9, 12, 13, 20, 18, 17, 19, 15], [12, 11, 15, 13, 16, 19], [13, 11, 14, 16, 12, 19, 17], [14, 13, 20, 16, 19], [15, 12, 17, 20, 18, 19, 11], [16, 13, 19, 14, 18, 12], [17, 15, 18, 20, 19, 11, 13], [18, 17, 19, 20, 15, 11, 16], [19, 18, 16, 13, 17, 11, 15, 12, 20, 14], [20, 14, 11, 18, 17, 15, 19]], "f": [[200.0, 0.0, -96.77179888916945, 90.84144963288396, 14.13233409439163, -25.43730529872792, -45.54501010409713, 72.18136172279921], [200.0, 0.0, 17.12315230166017, 43.265280269882325, 38.70105644670567, 49.693488522386595, 92.73586703124562], [200.0, 0.0, -73.18021598958273, 36.02001689538663, 81.66419160742397, -15.566268750964362, 63.60846655158752, -2.6650836343779627], [200.0, 0.0, -4.365759652025214, -75.04208762366224, 96.10955200474078, -19.93801982982426, -84.55430964806709, 40.78912908892609], [200.0, 0.0, 61.305256235032736, 7.912738282849374, 45.51966769122764, 83.38383251595461, -81.25288941446958, -44.69068718895785, 32.04158126318188], [200.0, 0.0, -81.56806717755418, -16.919534666778024, 43.3854679898636, -57.2597422052517, -83.1899635841763, 17.37503895238315], [200.0, 0.0, 81.67766833480626, -98.14600712178316, -37.69722885740554, -84.51443398944458, 67.865772836783], [200.0, 0.0, -32.04007475695067, -82.92387195811015, -80.58071627558098, -14.028376261822363, 93.77965836216364], [200.0, 0.0, -18.712594573088005, 43.853225824867145, 97.55876811124197, -66.35553645751149, -10.86097133149677, -10.975301073762967, -82.67722110355615, -40.78904478308827], [200.0, 0.0, 39.135467217144935, -74.53516247569083, 90.06268769800035, 84.31526019209115, 56.90695568147521, 73.91275947901595, 63.68162419874306], [200.0, 0.0, -58.93837600586669, 63.16264168681916, 50.53164480413959, -78.82550524385974, -66.13274540633253, 24.08740879150848, 35.60715634774958, -82.54150682503867], [200.0, 0.0, 1.3778174585762581, 19.40639774950941, 28.036138036140954, -2.986409499722087, -85.53862009333915], [200.0, 0.0, 89.39374265934259, 39.6207609124241, 3.558218564195159, 22.13077454614838, 57.45789384863582, 87.09376598327252], [200.0, 0.0, -92.42590075841373, 59.34067005690067, 0.6148654734556391, 75.20423914392683], [200.0, 0.0, 23.05423641843827, -17.728684423060372, 64.60922023220557, 83.43541163844668, -96.46090093069029, -76.23616897886407], [200.0, 0.0, -10.70066287122151, -88.38944873306089, -83.07447940493431, 58.441379626749644, -83.86196754531335], [200.0, 0.0, -17.44734884939878, 67.37437716614636, 48.038195289405024, -96.28003097398836, -25.098678552268773, 91.14219018977178], [200.0, 0.0, 79.38393327245599, -81.9540494216024, -26.39631254504662, 44.00418964641213, 57.45870130973394, -70.64612444042957], [200.0, 0.0, 63.77738315471011, 77.43756977185284, -26.628451602935055, 15.778927998913005, 10.100851476498619, 55.396490637078635, -13.833122716376556, 55.82710404837887, 42.66371412820169], [200.0, 0.0, 8.410804547911454, 86.23224263491569, -46.23774142338781, -70.30803802408757, 5.18672414952277, -72.10577942131933]], "c": [5.3453164247193925, 4.539469495513327, 4.7127769791585425, 4.836565401201281, 5.386998053659991, 4.7279048164588975, 5.1198320382025395, 4.852526062213135, 5.083363143877757, 4.906725089548854, 4.572684171332402, 5.142811301069625, 4.903045941948168, 4.773132596452721, 4.625901135956697, 4.615329678389944, 5.265481000825704, 5.10987077609218, 5.266612183469131, 5.481191765888214], "caves": [[1, 2, 3, 4, 5, 6, 7, 8, 9, 10], [11, 12, 13, 14, 15, 16, 17, 18, 19, 20]]}, "jmap": {"1": 4, "2": 5, "3": 3, "4": 1, "5": 6, "6": 8, "7": 2, "8": 7, "9": 10, "10": 9, "11": 12, "12": 14, "13": 11, "14": 13, "15": 20, "16": 15, "17": 18, "18": 19, "19": 16, "20": 17}}