{"inst1": {"S": [[1, 2, 3, 4, 6, 10, 7, 8], [2, 1, 9, 8, 3, 4, 7, 10], [3, 1, 5, 4, 2, 7, 9, 8], [4, 1, 7, 8, 10, 3, 2, 6], [5, 3, 6, 10, 7], [6, 1, 5, 4, 9, 11], [7, 4, 1, 9, 8, 10, 3, 2, 5], [8, 4, 7, 2, 10, 1, 3], [9, 2, 7, 3, 6], [10, 1, 4, 8, 7, 5, 2], [11, 6, 12, 14, 16, 15, 18, 20, 17], [12, 11, 13, 17, 20, 18, 14], [13, 12, 18, 19, 15, 17], [14, 11, 15, 17, 16, 12, 18, 20], [15, 14, 11, 13, 19, 17], [16, 11, 18, 20, 14, 19], [17, 12, 14, 11, 13, 15, 20], [18, 13, 11, 19, 16, 12, 14, 20], [19, 13, 18, 20, 16, 15], [20, 12, 11, 16, 19, 18, 14, 17]], "f": [[200.0, 0.0, -98.28262181747786, 19.18801333464493, 74.61646293801161, 65.64172085327074, -87.78049129285921, 7.177223313478587, -62.63608873151425], [200.0, 0.0, 76.05638243508126, 60.605273183572116, -94.69912559461102, 53.93806641288812, 77.60367323461553, 62.540616922400936, 0.7113660738063299], [200.0, 0.0, -37.758575078111804, -25.270018483103172, -82.86833632535453, 3.76058634984191, 56.34644986809452, -64.79678570092095, -20.493445301581147], [200.0, 0.0, -83.57029028006761, -30.74714696052412, 32.74753685406151, -51.528295937803215, 34.07295094795397, -26.51879131682793, 86.30957903501664], [200.0, 0.0, -95.57112727973976, -51.21943169007579, -52.126174200380305, -42.403956143630175], [200.0, 0.0, 19.006406269167787, 12.271880164340242, 32.67149190446239, 14.594319745140094, -71.54590565925147], [200.0, 0.0, 23.14324578577014, -81.35181670049978, 98.00130860339391, -52.25616743685857, 86.73539773990491, 99.51600763515674, 69.1068748675819, 4.082399216620591], [200.0, 0.0, 49.313454868151126, 4.488956732768523, 31.466506782204906, -59.36314537060119, 75.77277666278441, -86.54271604589394], [200.0, 0.0, 62.623552453412536, 59.331279423744874, -8.62784200446165, -27.417655048388557], [200.0, 0.0, -2.537646768804347, 27.361604070423073, -84.57881344600173, 83.0044342799447, -60.75049794603231, -3.777109356346786], [200.0, 0.0, -73.58887005640695, 57.4559022207439, 32.33294192766076, -88.30888082182958, 82.42397810573034, 21.58101221973956, 27.895302378451326, -18.663426335299114], [200.0, 0.0, 0.6972950981028347, 47.101296954294504, -31.40462097876473, 1.3654693002883578, -11.32674164751084, -47.393157892950995], [200.0, 0.0, 54.73952737624907, -70.51196582051931, -2.0093970134104744, -79.4266213399251, 67.21125672977615], [200.0, 0.0, -78.45172972166203, -5.979840644672363, 51.04636554901558, 60.97650898097673, 88.48658843146171, 41.60990093770569, 42.10341973695242], [200.0, 0.0, -28.877495894307327, 51.38887398618843, 0.17985706396641543, 66.77000846997207, 37.8813587102415], [200.0, 0.0, 65.66226847576414, -21.79060356371898, -69.83036096857951, -61.4554723647494, -69.80577308017881], [200.0, 0.0, 58.1524352522407, 40.845993721021244, -89.58373893234133, -16.424817767490296, -51.450696300078214, 62.57720558581652], [200.0, 0.0, -3.1261794954221545, -3.363207870808238, -59.07651925534512, 68.73343829620597, -66.09692914692795, 57.59324263904273, 63.35136735521505], [200.0, 0.0, -53.27632878069508, -39.84518195891786, -27.59444612747808, 4.644418014640395, 61.164023507177134], [200.0, 0.0, 96.11445424097556, 6.261016473924008, 0.5090411153174879, 43.96381569518266, 29.744059491367757, -65.05508301750962, -38.73802419980728]], "c": [4.991632704923356, 4.832064584619342, 4.655930221594234, 4.6536426361026715, 5.391273640239674, 4.568959335887131, 4.65066753563464, 4.609135466940721, 5.3563333724798765, 5.119293765857846, 5.075299448425357, 4.6802083605970415, 4.614744116334538, 5.3877966913622375, 4.6042716928201175, 4.600576694697894, 4.737977906481707, 4.8237731738675995, 4.545190799982198, 5.11921127330187], "caves": [[1, 2, 3, 4, 5, 6, 7, 8, 9, 10], [11, 12, 13, 14, 15, 16, 17, 18, 19, 20]]}, "inst2": {"S": [[1, 2, 7, 5, 6, 4, 8], [2, 1, 3, 10, 8, 4, 6], [3, 2, 4, 10, 6, 5], [4, 3, 5, 6, 7, 10, 8, 2, 1, 9], [5, 4, 7, 10, 1, 3, 9, 6, 11], [6, 4, 3, 5, 1, 8, 2], [7, 4, 8, 9, 5, 1], [8, 7, 9, 4, 2, 6, 1], [9, 7, 8, 10, 5, 4], [10, 2, 4, 3, 9, 5], [11, 5, 12, 14, 16, 18, 19, 17, 15], [12, 11, 13, 17, 19, 16, 15], [13, 12, 15, 17, 18, 16], [14, 11, 15, 18, 17, 19], [15, 14, 20, 13, 17, 18, 12, 11], [16, 11, 17, 19, 20, 18, 12, 13], [17, 12, 16, 15, 13, 20, 14, 11], [18, 14, 16, 11, 15, 13, 20], [19, 12, 16, 11, 14, 20], [20, 15, 16, 17, 19, 18]], "f": [[200.0, 0.0, -38.51835167676205, 90.07684094180253, 9.122726448286066, -35.433347262462235, 80.41701315075014, 87.03282887416621], [200.0, 0.0, -58.75977097356686, 75.73885479222405, -57.40691814313883, 72.54125121490766, 34.4257220134424, 79.02923336586905], [200.0, 0.0, -28.584728658074997, 79.54649077145646, -5.912011889038737, -89.43377268358313, 57.62534008562186], [200.0, 0.0, -77.59651367300364, 3.6069865571247695, -87.38752289691256, 40.99054011085259, -54.554197140611784, -66.42528549772977, -79.35784151640507, -24.65695891115982, -2.1032587992960483], [200.0, 0.0, 51.78067075229127, 23.084616303717098, -33.78274053593, 59.851420237088405, 26.76450710264806, 56.4912313568275, -14.427789240624712, -43.31138262711778], [200.0, 0.0, 61.9561393997611, -44.97258298129538, 88.41091755331875, -62.96130345323658, 65.69580963580076, -48.93728278529104], [200.0, 0.0, 7.363761990880646, -89.57731619877917, -72.58564600922985, 66.70280301184202, 7.907878428689719], [200.0, 0.0, -31.53329073860014, 81.94897786661608, 66.39242782413106, -11.709023803271347, -88.06961192934686, -44.728929844207265], [200.0, 0.0, 80.04411422101761, 83.72054701081011, 35.75709232330742, 99.50997674520734, 21.268791374816654], [200.0, 0.0, 78.02823705052053, 37.171727211421654, 67.27211462525193, 74.8881408940768, -4.414833573115051], [200.0, 0.0, -14.391765782545885, -32.266073563711586, -7.553743223568077, -63.05017653477627, 13.961277160130315, 3.0225668242033876, -49.568654952961545, -83.7005881604426], [200.0, 0.0, 14.338275942786582, 74.69327381393596, -53.30956700209961, -47.31078615868611, 95.90495544191621, 67.03097826453812], [200.0, 0.0, -84.78452963705998, 66.76449837309735, -41.04103013601947, 29.484893055716444, 55.40780021151805], [200.0, 0.0, 52.004048556813466, -68.74379093685317, 89.6921710524392, -77.69934327243308, -93.1364011564399], [200.0, 0.0, -47.08095818163942, 30.84265046051311, -52.68023169963036, -74.781353013549, -54.53265464424793, -60.932199844426634, -73.0839795568839], [200.0, 0.0, -42.02659249386824, 14.619762948053694, -1.4725759424782492, -77.80196976435899, 55.846679695663084, -64.58389279654966, 13.999646696285396], [200.0, 0.0, 69.7396953428516, -7.732888558475404, -31.479625792389456, 30.159607362661145, 34.78893824066036, 86.68097191319026, 97.0625146422711], [200.0, 0.0, 58.60574346897243, -39.45389689218239, -50.92698771958823, -28.742784711156343, 33.23909249506938, -77.16227567520872], [200.0, 0.0, 43.14005899098241, 1.8645247580724167, -5.29172338887125, 94.42314490258505, -13.197200974668588], [200.0, 0.0, 43.66158733343886, 61.84391486562581, -18.361894823967507, 31.06701763572264, 27.46761004019922]], "c": [4.514377894024225, 4.512919309629423, 5.244856098964082, 5.469994983999119, 5.234957783267751, 4.685562977217701, 4.5162246095160725, 5.425051515761806, 4.9285078394119, 5.362461716375333, 5.091916802892309, 4.997466118496257, 4.67555363324205, 4.551101157651917, 4.569540924035348, 4.616436632133656, 5.047300539472496, 4.9518901931226935, 4.916677591545632, 4.728666795305131], "caves": [[1, 2, 3, 4, 5, 6, 7, 8, 9, 10], [11, 12, 13, 14, 15, 16, 17, 18, 19, 20]]}, "jmap": {"1": 1, "2": 2, "3": 3, "4": 4, "5": 5, "6": 6, "7": 7, "8": 8, "9": 9, "10": 10, "11": 11, "12": 12, "13": 13, "14": 14, "15": 15, "16": 16, "17": 17, "18": 18, "19": 19, "20": 20}}