{"inst1": {"S": [[1, 2, 3, 5, 7, 6, 8, 4], [2, 1, 6, 8, 4], [3, 1, 4, 8, 6, 9], [4, 3, 7, 6, 2, 1], [5, 1, 6, 8], [6, 2, 3, 5, 4, 8, 1], [7, 4, 1, 8], [8, 3, 6, 5, 2, 7, 1], [9, 3, 10, 11, 15, 14, 12], [10, 9, 13, 15, 12, 14], [11, 9, 12, 14, 16, 15], [12, 11, 13, 10, 16, 15, 9], [13, 12, 16, 10], [14, 11, 9, 15, 16, 10], [15, 9, 11, 10, 12, 14], [16, 11, 13, 12, 14]], "f": [[200.0, 0.0, 75.44529910768809, -84.55696394973707, -52.42661504709456, 12.489018209422898, -80.82587143352455, -19.305842361002522, 13.074232550385801], [200.0, 0.0, 2.2474847696201783, -51.88478255152344, -38.753593420691466, 1.3895403631729808], [200.0, 0.0, 38.239279066839835, -15.619408007630442, 45.00919744009262, -27.356964899596868, 78.34693357785292], [200.0, 0.0, -95.76536850859372, 74.22753371294245, 59.91089873290203, -55.77267060435827, 32.31135391294018], [200.0, 0.0, -88.04895900970769, 29.93758798686663, 74.39727049785981], [200.0, 0.0, 16.58497439261364, 27.459989334462833, -55.46652411671664, -59.03044130437842, -78.49312805728196, 12.06570456214353], [200.0, 0.0, 84.95339358543217, -89.4553088337406, 71.91382401323085], [200.0, 0.0, 26.29941047495874, 66.257444947352, -83.21698021121252, 94.22217788525427, -52.94623757155384, -29.451064437712816], [200.0, 0.0, 17.723799814314532, -26.87649387228317, -56.03104394896838, 2.4196129993981907, -37.379722397329296, -38.52595841314545], [200.0, 0.0, -61.997558448001456, 65.10412533253901, -35.56682524086903, -63.71432397178769, -83.21966254575044], [200.0, 0.0, 51.66172592055926, -6.597730343978325, 56.866578682830514, -17.98033941134154, -57.528029808888114], [200.0, 0.0, -21.510385198698568, 99.94928874905382, -15.32075008656102, -73.07077890915292, 43.45772628887443, 51.5110780078222], [200.0, 0.0, 0.2243257794498188, 32.034486781159984, -73.07765124242516], [200.0, 0.0, 64.22448085135227, 78.49518828189508, 33.74722872305451, 28.123052119383864, 69.02332694261624], [200.0, 0.0, -10.446000068715477, -27.88932001026998, -57.327010740199455, 81.6810650868805, 48.48468456192507], [200.0, 0.0, -23.82105287871985, -71.88015736840589, -90.23811763005756, 26.14250191978984]], "c": [4.817891534843278, 5.0067438001712175, 4.872692949816871, 5.05501720961273, 4.563183119375635, 5.331320710069799, 5.042943132444576, 4.627046907368049, 4.777239639462493, 5.047279025016071, 5.130973611998281, 5.340118368293939, 5.423704196948296, 4.78270516442965, 4.613144438442893, 4.576417897543396], "caves": [[1, 2, 3, 4, 5, 6, 7, 8], [9, 10, 11, 12, 13, 14, 15, 16]]}, "inst2": {"S": [[1, 2, 4, 8, 7, 5], [2, 1, 3, 5, 6, 7, 8], [3, 2, 5, 7, 6, 8, 9], [4, 1, 5, 7], [5, 2, 7, 4, 6, 3, 1, 8], [6, 2, 5, 3], [7, 2, 5, 1, 3, 4], [8, 2, 1, 5, 3], [9, 3, 10, 11, 12, 14, 13], [10, 9, 16, 15, 12], [11, 9, 16, 12, 13, 14], [12, 9, 13, 14, 11, 10], [13, 12, 16, 9, 11, 15], [14, 9, 15, 16, 12, 11], [15, 14, 16, 13, 10], [16, 14, 11, 15, 10, 13]], "f": [[200.0, 0.0, 42.00902970736045, 93.59639336073707, -78.47915282013236, 55.19708926854185, -41.34713115962732], [200.0, 0.0, -72.00090535970509, -28.009118143687004, -66.52892473606464, -56.47406660420098, 27.89748380757937, 41.38137314587822], [200.0, 0.0, -74.38091334936703, 57.47895175243332, 57.58107344568468, 14.889602873537111, -47.90897348937398, -23.66781954837325], [200.0, 0.0, 6.995626518590514, 22.02423092908763, -95.99637665100002], [200.0, 0.0, -92.82681563557156, 17.73270293948357, -67.88122469032636, 13.465112271924795, -63.75997166025715, 54.622120210497705, 43.211481587076726], [200.0, 0.0, -73.5564341105482, -56.40202410668274, -49.5690509088047], [200.0, 0.0, -67.19293389788379, -36.61341197242396, -84.2852138863507, -60.62925996227611, 34.83960064626268], [200.0, 0.0, -4.655549551751603, -29.76943127319187, 27.382142791308638, 8.967232118094802], [200.0, 0.0, 82.6528378631272, 41.14406493230203, 23.627377625728265, -48.92363632520842, -10.964701509690066, -50.917925283994904], [200.0, 0.0, 40.12845075615375, -85.39500014881831, 28.035152373840177, 68.6107971841645], [200.0, 0.0, 82.69539953309678, 50.95837675934545, -76.79658423661128, 38.41699556336007, 2.3894039092711816], [200.0, 0.0, 81.84858505798599, 38.59525897329219, -76.03925880883212, -51.10790281200597, -11.755390796611188], [200.0, 0.0, 99.03946900733858, 16.63983391811601, 44.5268376633208, 89.34544193083565, 39.01693145762266], [200.0, 0.0, -85.4438524768376, -84.37963837460383, 30.151704141431445, -93.62044034743795, 23.958977358715572], [200.0, 0.0, 35.03537944463051, -71.16147440497113, 30.209181922386662, -50.25460411923337], [200.0, 0.0, 36.0049880563424, 75.97502347680603, 13.260085140310895, 73.94958342837596, -23.305550840364564]], "c": [5.370378404966774, 5.169472401700572, 4.816108861652868, 5.191616039072772, 5.495958855758889, 4.780898717442665, 5.036538121229198, 4.613403427649364, 4.626108185480539, 5.2239046447337, 5.023134672883859, 4.524486678131805, 4.747473024126255, 4.547989899250198, 5.420955145969356, 4.75422551088751], "caves": [[1, 2, 3, 4, 5, 6, 7, 8], [9, 10, 11, 12, 13, 14, 15, 16]]}, "jmap": {"1": 5, "2": 3, "3": 8, "4": 4, "5": 1, "6": 6, "7": 2, "8": 7, "9": 12, "10": 16, "11": 11, "12": 10, "13": 14, "14": 9, "15": 13, "16": 15}}