{"inst1": {"S": [[1, 2, 5, 4], [2, 1, 3, 4], [3, 2, 5, 4], [4, 2, 1, 3], [5, 1, 3, 6], [6, 5, 7, 8, 10], [7, 6, 8], [8, 7, 9, 6, 10], [9, 8, 10], [10, 9, 8, 6]], "f": [[200.0, 0.0, -2.427016204588406, -4.441261767739602, 96.546362082704], [200.0, 0.0, 27.78516918584213, -53.71049810924509, 27.107620255005838], [200.0, 0.0, 0.1612906440050299, 27.706937924187525, -13.771998186917411], [200.0, 0.0, 11.97957217336274, -89.95529350079524, -47.351739901967484], [200.0, 0.0, -34.587676825764355, -2.4894542584774637, 1.527993723957466], [200.0, 0.0, -44.40286563468996, 99.24264732553868, -80.85695495659348, 78.15413526482573], [200.0, 0.0, 70.98112013361553, 18.69513220652457], [200.0, 0.0, -37.7667843145558, 52.75305644742379, -11.656775848037682, 89.25362217594979], [200.0, 0.0, 3.9286318786587504, 32.48239367325583], [200.0, 0.0, -18.282168286993183, 6.930827148005658, 80.41467190235151]], "c": [5.373161471362658, 5.0506100249184565, 4.875412480404443, 4.9361648670805085, 5.497307671833642, 4.976003675157439, 4.562964177811866, 4.901267799292947, 5.025139464981527, 5.354718652525568], "caves": [[1, 2, 3, 4, 5], [6, 7, 8, 9, 10]]}, "inst2": {"S": [[1, 2, 4, 5, 6], [2, 1, 3, 5], [3, 2, 5], [4, 1, 5], [5, 1, 3, 4, 2], [6, 1, 7, 8, 9, 10], [7, 6, 10, 9], [8, 6], [9, 6, 10, 7], [10, 9, 7, 6]], "f": [[200.0, 0.0, 86.10375629749547, 6.330334065677801, 8.528627791807452, -63.90865556257237], [200.0, 0.0, 81.16102684358337, 40.04807332486531, -0.37872207580416095], [200.0, 0.0, 87.78486785817184, 98.36659570998513], [200.0, 0.0, -77.77337430330455, 3.8227486091632956], [200.0, 0.0, 43.091345000452996, 28.116334977384728, -49.615886523679144, 90.9863843971612], [200.0, 0.0, -51.15765736060851, 68.50200704303279, 12.084680573367269, -76.8343432128951, 24.85132783412176], [200.0, 0.0, 79.9069225198487, 25.39049583948647, 70.90767774405107], [200.0, 0.0, -93.94338109153826], [200.0, 0.0, 90.94347124547275, 21.900198752517408, 69.26784870781024], [200.0, 0.0, -42.88892438652461, -73.90322966798972, -4.650547589945764]], "c": [4.794498825253315, 4.611106021770964, 4.866092811687321, 5.055736887231472, 5.333217714706479, 5.080570323388524, 4.531213300713029, 5.0245575452676325, 5.330811068137923, 5.235562159441761], "caves": [[1, 2, 3, 4, 5], [6, 7, 8, 9, 10]]}, "jmap": {"1": 3, "2": 1, "3": 4, "4": 2, "5": 5, "6": 8, "7": 6, "8": 7, "9": 10, "10": 9}}