{"inst1": {"S": [[1, 2, 5, 6, 7, 8, 3, 4, 9], [2, 1, 3, 7, 5], [3, 2, 4, 8, 1, 7], [4, 3, 6, 1], [5, 1, 8, 7, 2], [6, 1, 4, 8, 7], [7, 1, 2, 8, 6, 5, 3], [8, 3, 1, 6, 5, 7], [9, 1, 10, 13, 14, 12, 15, 11], [10, 9, 11, 12, 15], [11, 10, 12, 16, 13, 9], [12, 11, 15, 16, 9, 14, 10], [13, 9, 11, 14, 16], [14, 9, 15, 12, 13, 16], [15, 12, 14, 10, 9], [16, 12, 11, 13, 14]], "f": [[200.0, 0.0, -86.72719430630684, 86.74872945835854, 80.30383773496503, -69.30599113468594, -47.59334522622029, 25.180067465479894, -34.46034512179699, -74.54831638468909], [200.0, 0.0, 11.586369380515936, -39.46679852112665, 20.217952964808973, -34.13336340472441], [200.0, 0.0, -7.422719670994082, -9.647796787936812, -94.70999538938362, 87.0516303833204, -29.340038889401043], [200.0, 0.0, 22.27289824988783, 94.70754066760281, 51.671771641003026], [200.0, 0.0, -55.853221151266474, -72.80240270215074, 82.35970026956856, 80.57067705039718], [200.0, 0.0, 29.431112023413753, -4.04416288742897, -37.70843403553472, 24.885495615001997], [200.0, 0.0, -74.33336177051018, 5.898204884135683, -51.83662262722741, -33.85879758123262, -47.9690658152486, 14.676837188356128], [200.0, 0.0, -76.59625664762095, -80.4224796697122, 47.20068085063885, -39.40643448186305, 3.4889788317819193], [200.0, 0.0, 12.540232710918087, -82.09036655317294, -71.68238279466254, 64.13593072970298, -45.74395184001234, 64.46067707067691, 78.03449907383191], [200.0, 0.0, -92.54242260537472, 0.5736455524959716, -75.0190409882726, 8.224025482560315], [200.0, 0.0, -13.820989526962911, -68.21019575872971, 39.203961663787055, -15.070988475915126, -16.69287721713122], [200.0, 0.0, -54.32115193794458, -52.28806653061062, 22.765471001047665, -15.44941863054683, 27.32362616224082, -48.792241761980584], [200.0, 0.0, 32.48304277922453, -39.695458935601515, -3.6355887117706542, -78.06228337449951], [200.0, 0.0, -62.94349344192851, -59.91637267949699, 52.174661614725856, -16.521600419783876, -1.970560745826222], [200.0, 0.0, -79.13493584118336, -98.96934901796277, 23.678829365541134, -97.57903124821887], [200.0, 0.0, 24.07562012087019, -56.37364771270856, 69.24461509857278, -37.150946055130454]], "c": [5.347033738474964, 5.242958991915386, 5.265839195868641, 5.490770561043202, 5.475777270170676, 5.124815181709687, 5.206900247586721, 5.218671918636949, 4.977845032139478, 5.378122465285795, 4.912751573834009, 5.444880760634264, 5.4118349793391385, 5.031384746333107, 4.955909339584417, 4.771148943376196], "caves": [[1, 2, 3, 4, 5, 6, 7, 8], [9, 10, 11, 12, 13, 14, 15, 16]]}, "inst2": {"S": [[1, 2, 3, 6, 5, 4, 7], [2, 1, 5, 7, 6, 8, 9], [3, 1, 4, 6, 5, 7, 8], [4, 3, 8, 5, 1], [5, 2, 1, 3, 4, 6], [6, 1, 3, 8, 2, 5], [7, 2, 3, 1], [8, 4, 6, 3, 2], [9, 2, 10, 12, 16, 13, 15], [10, 9, 11, 14, 13, 16], [11, 10, 12, 14], [12, 9, 13, 11, 15, 14, 16], [13, 12, 15, 10, 14, 9], [14, 10, 11, 15, 13, 12], [15, 13, 14, 12, 9, 16], [16, 9, 10, 12, 15]], "f": [[200.0, 0.0, 64.19101946802344, 23.59085847719602, -24.155977612211778, -75.05023601716817, -90.17338570348421, -91.47930166249138], [200.0, 0.0, 24.055114654787467, -70.4182905726163, -94.1184952447025, -57.05189336243652, -87.5558220941677, 98.0859140438808], [200.0, 0.0, -67.13348444131636, -50.302258918699664, -83.74784710184977, 31.788017068584406, -1.4649695427497944, 14.435195847730942], [200.0, 0.0, -3.752335538103657, 26.789179763774374, -0.15857654418214295, -0.7360912979708756], [200.0, 0.0, -56.42451903269175, -75.2025497950491, -23.96481183480561, 50.86472949018261, -25.3864499756046], [200.0, 0.0, -94.52441885066088, 66.34280790719211, 85.97056057519166, -77.35424853854073, -4.09521344123398], [200.0, 0.0, 16.320944076399524, 74.77365198651525, 40.56097386731021], [200.0, 0.0, 7.738875034102799, 30.663918886470555, -77.2134823988621, 8.230400079951705], [200.0, 0.0, -25.196843186193284, -98.0272918084609, -74.12287339715986, -1.8861399638956389, 83.83799499432962, 54.93955551574097], [200.0, 0.0, -49.64408023449214, -62.26809249494547, 46.36976558192174, -16.709868841464438, -26.470203412890704], [200.0, 0.0, 98.19598154043298, 78.97783434499573, -10.921923903372633], [200.0, 0.0, 89.2158384900104, -69.82780097664991, -89.58033328020778, -36.54536589417226, 5.009262550167648, -1.38276918895468], [200.0, 0.0, 26.58386367701988, 90.32365166240643, -72.3089628548807, 58.49676930860102, 23.22821997622153], [200.0, 0.0, 82.06096008394752, -31.12397810283303, -6.5539369936288505, 47.2945825241041, -17.47264946742908], [200.0, 0.0, 32.661713904823195, -23.47368487417516, -1.249847991359676, -92.03198918534594, 2.134110022210245], [200.0, 0.0, 53.02855341780373, -49.994298194508005, -30.493515790148827, -31.664763862909595]], "c": [5.450456905329652, 4.51123572779756, 5.064350385346275, 4.5715531134017, 5.418990439538236, 4.929903753885745, 4.751323854251127, 4.617250182674214, 4.6327903932565295, 5.095359580834513, 4.595305012457884, 4.514508658740944, 4.803608033374183, 4.57232711715268, 5.432448828373056, 4.566977385538195], "caves": [[1, 2, 3, 4, 5, 6, 7, 8], [9, 10, 11, 12, 13, 14, 15, 16]]}, "jmap": {"1": 8, "2": 7, "3": 6, "4": 5, "5": 4, "6": 3, "7": 2, "8": 1, "9": 16, "10": 15, "11": 14, "12": 13, "13": 12, "14": 11, "15": 10, "16": 9}}