{"inst1": {"S": [[1, 2, 3, 6, 8, 10, 9, 4, 11], [2, 1, 4, 7, 8, 10, 6], [3, 1, 5, 8, 10], [4, 2, 7, 10, 1, 9], [5, 3, 9, 7, 8], [6, 1, 10, 7, 2, 9], [7, 4, 8, 2, 10, 9, 5, 6], [8, 7, 10, 2, 1, 9, 3, 5], [9, 5, 10, 7, 8, 1, 4, 6], [10, 9, 8, 4, 7, 6, 1, 2, 3], [11, 1, 12, 13, 16, 20, 18, 15], [12, 11, 14, 19, 18, 15, 20], [13, 11, 15, 18, 20, 16], [14, 12, 17, 16, 15, 18, 20, 19], [15, 13, 14, 12, 19, 11, 17], [16, 11, 17, 14, 18, 13], [17, 16, 19, 14, 15, 18], [18, 13, 12, 11, 14, 16, 19, 20, 17], [19, 12, 17, 18, 15, 20, 14], [20, 11, 13, 14, 18, 19, 12]], "f": [[200.0, 0.0, 81.30526888982088, 43.46083750892515, 21.547517752735757, 3.993972086178932, 97.78651955530859, 14.644230495887523, 97.01512316678267, -97.99797817814955], [200.0, 0.0, 10.856937555206292, -78.10284415460043, -92.81978263242925, 94.65125690109362, -84.30058666083755, -2.157858494067133], [200.0, 0.0, 41.761669841716945, 94.18828211613818, 52.3049509968478, -59.645964084137844], [200.0, 0.0, 51.97869357977574, -78.79462545239193, -96.72006743361106, -35.107789425756344, -11.539348515953218], [200.0, 0.0, 50.40432699572588, 24.10071030552794, -17.350710716633056, -24.429772156576647], [200.0, 0.0, 86.43986661525113, -2.193502650612067, 23.55428722700288, -53.8802692201529, -93.65874553403893], [200.0, 0.0, 74.8280267787487, -93.3904393265674, 3.8031851862310173, -62.30161551586877, -40.01828309744484, -64.31080641722468, -18.047868874943628], [200.0, 0.0, -16.430919490716335, -53.95077472064116, 79.80321164998114, 96.74631959670002, 66.31066565151202, 3.5723375689223014, -85.02756653256354], [200.0, 0.0, -19.538872184334764, 6.504474515888803, 1.7639344969614612, -5.136148556217068, -21.119945968808395, -8.285669580065669, -18.5254927725222], [200.0, 0.0, 96.70375170235121, 39.43413524530624, 31.06031788625012, 41.451618714270786, -70.42398083482276, -21.939009763351013, 14.403674886086048, 11.328508233282886], [200.0, 0.0, -91.20295891175942, 7.229161593252398, 34.09652009363728, 86.12658099028812, -20.214517465307267, -88.27320656228173, 93.83722234562597], [200.0, 0.0, -29.763760345548928, -35.50900446351368, -65.53262679847096, -21.179316341384347, 64.74782818326106, -80.37307760597147], [200.0, 0.0, -40.48564950846823, -84.44451979180607, -43.66496922360166, 52.236583856983486, -19.084631440463085], [200.0, 0.0, 29.284565335203936, -59.749578454956435, 2.543179547586094, -62.48751801764896, 24.52276302916463, -47.01332673174168, -13.191280395579263], [200.0, 0.0, -59.9404607400994, -88.66867037244094, -78.64802240101905, 42.18492345459251, 61.62028714538981, 39.95836055692761], [200.0, 0.0, 6.4663626529669616, -98.34432786504486, -25.177918508758346, 74.1970328037491, 28.475833834154862], [200.0, 0.0, -53.23083364843857, -76.27718290419408, 48.89071909130933, -87.08674979715178, -50.351588870779636], [200.0, 0.0, -86.70526857167343, -30.984134364324902, 29.36543619423688, -8.329390450601926, -60.26763569684339, 11.18396494988987, 51.672485713007376, -21.588115697097642], [200.0, 0.0, 93.53239486770644, -78.68889670842802, -68.54950374095512, 41.940503621582195, -88.22131878695367, 98.05104410856276], [200.0, 0.0, -32.181994951839975, -64.64193458637524, 38.87388372163265, 4.0380695163694025, 28.269703370454536, -85.32116504956053]], "c": [4.8591943412293075, 5.425844316527953, 5.409056535517608, 4.515810524514516, 4.792686928481899, 4.735537076924692, 4.551932751596174, 5.330110538476475, 4.639002210588345, 4.5723673467216805, 5.216150422895817, 5.335201922107389, 4.523185386109428, 5.127304731252867, 4.815852160178354, 4.744360455378326, 5.042429147924548, 5.490726501584829, 5.254371966381826, 4.5455237422233035], "caves": [[1, 2, 3, 4, 5, 6, 7, 8, 9, 10], [11, 12, 13, 14, 15, 16, 17, 18, 19, 20]]}, "inst2": {"S": [[1, 2, 3, 5, 4, 9], [2, 1, 8, 9, 5, 3, 6, 7, 4], [3, 1, 4, 2, 8, 10, 9, 7, 5, 11], [4, 3, 6, 1, 9, 7, 2, 5], [5, 1, 2, 7, 9, 8, 4, 3], [6, 4, 7, 10, 2], [7, 6, 5, 9, 8, 3, 2, 4], [8, 2, 3, 7, 5], [9, 2, 7, 4, 1, 5, 3, 10], [10, 6, 3, 9], [11, 3, 12, 17, 20, 18, 16, 19, 14], [12, 11, 13, 14, 16, 20, 17, 15], [13, 12, 18, 20, 15, 14, 19], [14, 12, 15, 13, 20, 18, 11], [15, 14, 18, 12, 13, 16, 17, 20], [16, 12, 19, 17, 11, 15], [17, 11, 18, 16, 12, 19, 15], [18, 17, 15, 13, 11, 14, 20], [19, 16, 17, 11, 13], [20, 12, 13, 11, 14, 18, 15]], "f": [[200.0, 0.0, -45.39569560338372, -95.18101411812243, -83.25423526809936, -69.56262312307035, 47.89757541657067], [200.0, 0.0, 29.023660501092596, -52.47560667565458, 5.172331121808971, -93.09210749241703, -90.7767696114598, 6.482727243598196, -68.02083765478027, 16.499150836108623], [200.0, 0.0, -18.975918080040444, -82.15722713570005, 16.005900328029444, 83.0243137982899, 19.56546179167329, 61.78608757695325, 55.52742285443066, 0.8797623187245973, -40.67934369696899], [200.0, 0.0, 65.27204639739577, 44.35198565144369, -15.904407817804023, 83.00776743753894, 62.62653412739005, 20.601993991022248, 66.8662866712908], [200.0, 0.0, 46.26790091350899, 46.514089164219754, -41.06476084309403, 44.8779429078243, 13.325182417205571, 99.67717926673654, 57.154124679701354], [200.0, 0.0, -11.898512478238032, 87.50104303330374, -2.601072320938025, -44.16870762912619], [200.0, 0.0, -23.96228453075937, 39.07587889256119, -42.678394906586625, -67.02450490710068, -49.79465385458646, -69.05758118246783, -52.786052990531985], [200.0, 0.0, -2.617169806584463, 36.46736928948555, 40.5515405900553, 72.89810222626568], [200.0, 0.0, 94.19505426857442, 83.57659059465607, -70.12962587642495, 58.67746464699957, -92.36964937770968, 23.654641081606865, -38.80635541898667], [200.0, 0.0, 97.14489788382026, 50.64151367509042, 32.44903658955762], [200.0, 0.0, 0.6849225000232106, -41.59951766081817, 33.7706222682991, 77.51615997710348, -82.5995163323403, 76.34829302769867, 43.54194411359924, 28.080667287549254], [200.0, 0.0, -65.55351775760894, -51.3682685003342, -41.812219581447074, -72.99130685510593, -42.658658171018324, -58.030328632090765, -0.2252106783295904], [200.0, 0.0, -23.89151306495789, 14.087619070676705, -32.465176278344956, 13.326102083081693, -28.526860996641858, 80.55842754144702], [200.0, 0.0, 74.43403063386451, 42.78521887060829, 65.81630231289397, -89.82631169509652, 87.70674326273476, -41.09427852581913], [200.0, 0.0, 71.51961153434736, -35.241150469301054, 64.88809716284601, 68.17562678277707, -39.42829896724578, -64.89938375671322, -18.202309700271122], [200.0, 0.0, -88.94655300702728, 41.633677037107034, -70.11497048120268, -40.6642214836135, 66.59287697319147], [200.0, 0.0, -82.58424646111311, -3.5606825852244617, 91.70812861418251, 72.700351597743, 91.89632423730257, 14.22074504527675], [200.0, 0.0, -32.54828806320133, -74.03074519653363, 33.32466723809049, 39.86035460355551, 63.131914091710485, 37.78378701136666], [200.0, 0.0, 13.349308412889837, 1.9836135666688737, 43.80498560014705, 13.193938073360535], [200.0, 0.0, 41.91385633004474, 31.03195951150406, -89.59594079101451, 87.76502625700853, -19.43576651077081, 23.523976523700796]], "c": [5.2612553508953095, 4.642133112102003, 5.290618097596021, 5.2339486209031065, 4.971122680140126, 4.593334228974786, 4.936902004362962, 5.245417803338334, 5.491108139232856, 5.325263080479651, 5.316872138914993, 5.114283102939587, 5.072145460049954, 5.258470988085547, 4.762077748411731, 4.631381663173782, 5.410541417422105, 5.1351985890085174, 4.690388470415848, 4.609342256505638], "caves": [[1, 2, 3, 4, 5, 6, 7, 8, 9, 10], [11, 12, 13, 14, 15, 16, 17, 18, 19, 20]]}, "jmap": {"1": 4, "2": 1, "3": 6, "4": 3, "5": 5, "6": 2, "7": 10, "8": 7, "9": 9, "10": 8, "11": 12, "12": 11, "13": 18, "14": 15, "15": 14, "16": 16, "17": 19, "18": 13, "19": 17, "20": 20}}