{"inst1": {"S": [[1, 2, 3, 4, 5], [2, 1, 3, 5], [3, 1, 5, 2], [4, 1, 6], [5, 3, 1, 2], [6, 4, 7, 8, 10], [7, 6, 9, 8], [8, 6, 10, 7, 9], [9, 7, 8], [10, 8, 6]], "f": [[200.0, 0.0, 38.85323183220011, 65.55719162717963, -15.319674019569995, -9.261550933329833], [200.0, 0.0, 12.24554229003667, -20.287801031445984, -61.09696453638422], [200.0, 0.0, 52.569536034063226, -81.47368073461323, 15.177290859622117], [200.0, 0.0, -3.8410052701722153, 57.92564366159676], [200.0, 0.0, 86.2128155830762, -7.087900159931948, 80.57010352685087], [200.0, 0.0, -21.228031535239424, 0.12704981576785457, 1.1224924722684326, -57.262667742980966], [200.0, 0.0, -14.807175866936785, 11.654154845527032, -80.4886446432523], [200.0, 0.0, -18.442008677023214, -38.90158066168625, -80.15024183169281, -49.29325200176138], [200.0, 0.0, -96.20117705454878, -15.011877934321216], [200.0, 0.0, -54.2168938861052, -29.903440902595115]], "c": [4.987785051540664, 5.051095190303949, 5.386241817013057, 5.355096333217917, 4.589151601965699, 4.938337245757375, 5.250608473178666, 5.301412479845686, 5.4148917299769925, 5.28115795413361], "caves": [[1, 2, 3, 4, 5], [6, 7, 8, 9, 10]]}, "inst2": {"S": [[1, 2, 5], [2, 1, 3, 4, 5], [3, 2, 4], [4, 2, 3, 5, 6], [5, 1, 2, 4], [6, 4, 7, 8, 9], [7, 6, 9], [8, 6, 10, 9], [9, 6, 7, 10, 8], [10, 8, 9]], "f": [[200.0, 0.0, -54.96005969333338, 89.16009106366974], [200.0, 0.0, -43.920690894991445, -74.15646322651928, 59.947579495738545, -36.704358719808084], [200.0, 0.0, -2.2739710685107273, -17.076186690683315], [200.0, 0.0, -63.71429957000245, 5.696777129968988, -72.00983224100013, 93.87409806994486], [200.0, 0.0, 71.88753539696519, 91.41577152184186, 26.874017737715604], [200.0, 0.0, 84.7763317698392, 76.01312775802145, -50.3365102253444, -65.57494944368581], [200.0, 0.0, -7.849051462370493, -7.98914344517847], [200.0, 0.0, 42.51931282064489, -10.43809725626772, 43.54494064086616], [200.0, 0.0, -18.000048493135413, 23.636882579034936, -55.53058195890226, -67.9085260385621], [200.0, 0.0, -4.075990477282376, 64.19994389868644]], "c": [5.052634330252865, 5.297785508441943, 5.35620965813216, 4.626105177403325, 4.628035169278027, 4.708566365254306, 4.840135506362828, 4.9061382753324425, 4.727144165962128, 5.055391624272738], "caves": [[1, 2, 3, 4, 5], [6, 7, 8, 9, 10]]}, "jmap": {"1": 1, "2": 2, "3": 3, "4": 4, "5": 5, "6": 6, "7": 7, "8": 8, "9": 9, "10": 10}}