{"inst1": {"S": [[1, 2, 4, 5], [2, 1, 3, 5, 6], [3, 2, 4], [4, 3, 5, 1], [5, 4, 1, 2], [6, 2, 7, 9, 10], [7, 6, 8, 10], [8, 7, 10, 9], [9, 6, 8], [10, 7, 6, 8]], "f": [[200.0, 0.0, 72.5926596473526, -16.19815586889306, 48.04386847161688], [200.0, 0.0, 72.71636085206529, -6.9301765048455755, -35.04317666907919, 99.55358389677514], [200.0, 0.0, -71.07485648709778, -25.25238625468924], [200.0, 0.0, 36.741200996655564, 75.97536009926014, -19.841083690798598], [200.0, 0.0, 60.552378702120045, 1.567662281563531, -95.78555436007821], [200.0, 0.0, 73.62862346599893, 55.213235071918774, 63.13713117330519, -23.925280910110747], [200.0, 0.0, -38.984820988436255, -86.02969655181185, 37.56792617617988], [200.0, 0.0, 61.60794302262283, 98.73208379280969, 0.9586434662097076], [200.0, 0.0, 32.1058090869669, 81.08719547143426], [200.0, 0.0, -86.67364124721841, 6.30142817207755, -67.46414834971897]], "c": [5.210978698629209, 5.326834575856879, 5.4494178424860875, 5.420452856472051, 5.159658743740678, 5.3771156407505, 5.377460624766066, 4.710925137917883, 4.646666813377536, 4.872521465474652], "caves": [[1, 2, 3, 4, 5], [6, 7, 8, 9, 10]]}, "inst2": {"S": [[1, 2, 4, 5, 3], [2, 1, 3], [3, 2, 1, 5], [4, 1, 5, 6], [5, 1, 4, 3], [6, 4, 7, 10, 9], [7, 6, 8, 9], [8, 7, 9], [9, 8, 10, 7, 6], [10, 9, 6]], "f": [[200.0, 0.0, 67.13441004034588, -74.7992953962102, -31.923639559446393, -14.095153487991997], [200.0, 0.0, -89.42142790221222, -35.01583754160467], [200.0, 0.0, 70.09713658474243, 82.41435080063908, 70.37975506104787], [200.0, 0.0, 21.258641756627927, -11.597163047450953, -84.88788334789137], [200.0, 0.0, -76.95854446831392, 31.236057789710014, 6.553173880632146], [200.0, 0.0, -77.27079788664054, -77.69338203115738, -17.765457013071106, 73.2033099186036], [200.0, 0.0, -18.310783735120317, 28.466190899020493, -22.018634872869434], [200.0, 0.0, -52.010589697844, 82.20529250225496], [200.0, 0.0, 6.6742843953468745, 49.10948179911436, -25.49942740510629, 38.658402045117654], [200.0, 0.0, 91.28331371522187, -14.098046822489142]], "c": [5.455505351154147, 5.218300098423127, 4.974044801850196, 5.173694147398178, 4.659795094194411, 5.4412184856323655, 4.615253580522113, 4.643425309177341, 5.134425072985338, 4.511458734345997], "caves": [[1, 2, 3, 4, 5], [6, 7, 8, 9, 10]]}, "jmap": {"1": 1, "2": 2, "3": 3, "4": 4, "5": 5, "6": 6, "7": 7, "8": 8, "9": 9, "10": 10}}