{"inst1": {"S": [[1, 2, 8, 4, 6, 7], [2, 1, 3, 4, 5, 7, 8, 6], [3, 2, 5, 8, 7], [4, 2, 8, 1, 6], [5, 2, 6, 3, 8, 9], [6, 5, 1, 4, 2], [7, 2, 1, 8, 3], [8, 1, 4, 3, 2, 5, 7], [9, 5, 10, 13, 14, 15, 12, 11], [10, 9, 11, 12, 14, 15], [11, 10, 16, 13, 9], [12, 10, 9, 15, 13], [13, 9, 15, 14, 11, 12, 16], [14, 9, 16, 10, 13, 15], [15, 13, 9, 10, 12, 14], [16, 14, 11, 13]], "f": [[200.0, 0.0, -18.50452554558133, 30.130358963362692, -98.3521940603931, 73.20013852355744, 96.76484037339081], [200.0, 0.0, 52.827549844790525, -33.380107324277034, -56.62232164047476, -40.377260190012485, 7.8199198482321375, 9.884262627689733, -23.38072949609913], [200.0, 0.0, 47.47566955362099, -0.9072358457743457, -90.94054496736818, -34.499990322626495], [200.0, 0.0, 94.68851701264288, 16.598942707398677, 49.80247502152122, -69.17421421024426], [200.0, 0.0, 7.167566165018835, 39.31505218624483, -31.50250857580035, -97.61383637036944, -42.40551531052124], [200.0, 0.0, -38.261136882165815, 18.981831224532364, -36.747117224527614, -93.11343814515321], [200.0, 0.0, 40.92602902564187, 5.195013963108686, 68.08612201341464, 21.563209198432464], [200.0, 0.0, 16.10395632437729, -61.99318576810688, 14.236722098370747, -95.17032968719639, 55.779779181601754, 65.72974331989576], [200.0, 0.0, 67.06216195639456, 30.408748035925438, 24.29318587474556, 52.35505901863311, 45.73724861000543, -46.589388434687876, 42.865759204718536], [200.0, 0.0, -87.2660960276236, -59.691742473233234, 27.58799003089607, 51.23908782404369, 86.3907530336003], [200.0, 0.0, -99.41736188464559, -78.93552565391533, 53.73810934746548, 4.053871056468394], [200.0, 0.0, -39.62727744283132, 48.357509180078175, -56.72867383716651, 36.61756683440984], [200.0, 0.0, 62.49612697058142, -64.54738071264849, 43.58479517526956, 83.96100518143668, -52.43790404029915, -53.79351515847128], [200.0, 0.0, -75.78527879910979, 91.16809738389402, 4.106216661854822, -79.78156038413435, 59.74588774482037], [200.0, 0.0, -73.2675329220468, 79.66654374222641, 29.308819348134296, 67.753171422772, 62.384522969360255], [200.0, 0.0, 98.02961528138245, -67.87496625267102, 9.259280567287176]], "c": [4.977931909916706, 4.792741315352475, 5.4045167113686245, 4.997993812070493, 4.850705080895271, 4.637973035574729, 5.403592676256941, 4.822931788633474, 5.336024173557333, 5.291381247398793, 4.590527037639687, 5.353556672923809, 5.143399738035965, 5.446787216316899, 4.8734158105453265, 5.346995673165077], "caves": [[1, 2, 3, 4, 5, 6, 7, 8], [9, 10, 11, 12, 13, 14, 15, 16]]}, "inst2": {"S": [[1, 2, 7, 8, 3, 4, 9], [2, 1, 3, 4, 5, 7, 8], [3, 2, 4, 5, 7, 6, 1], [4, 2, 5, 3, 8, 6, 1], [5, 4, 6, 3, 2], [6, 5, 8, 3, 4], [7, 1, 2, 3], [8, 6, 1, 4, 2], [9, 1, 10, 13, 11, 12, 15], [10, 9, 11, 13, 16, 14], [11, 10, 12, 16, 9, 14], [12, 11, 14, 15, 9, 13], [13, 10, 9, 14, 12], [14, 12, 15, 16, 13, 10, 11], [15, 12, 14, 16, 9], [16, 10, 14, 15, 11]], "f": [[200.0, 0.0, -71.04146469542145, 92.97677699453106, 33.84069409334931, -12.324100596501907, 79.09794505746015, 24.190545092905946], [200.0, 0.0, 72.30855009383923, 98.81969687271932, -28.992255820972733, 55.41811888412587, -76.37589034346585, 98.88680621757833], [200.0, 0.0, 16.153313952204094, -44.19247516724849, 92.16266922977357, -82.84908801206493, -44.49654280907349, -33.828425481319634], [200.0, 0.0, 65.5898056229792, 49.84577042625453, 73.34024513151213, -26.030332426397386, -89.80935118565294, -25.791064537187115], [200.0, 0.0, -6.499132305975919, 28.253518507173393, 94.97005644899812, 4.798878662254102], [200.0, 0.0, 81.10924664626467, -71.88370647243707, -65.17505634413132, 36.66838278872244], [200.0, 0.0, 57.65840186182023, -87.26067232021532, 95.87083601645875], [200.0, 0.0, 5.97982719967487, 95.57177020941148, 1.2944956988419687, 91.90711012193763], [200.0, 0.0, 85.61692528275984, -36.51003837740656, 53.47304390262242, -44.33059918315101, -3.311906097413986, 78.42771554047145], [200.0, 0.0, 92.90047952490042, 7.330638432375225, -60.40057591058159, -16.842468128538137, -15.595085572852074], [200.0, 0.0, 63.56054637203001, 5.91545990075768, -75.65013747624363, -20.016006479135264, 24.181216114250926], [200.0, 0.0, 41.579869873389306, 65.52423041786687, 20.340315282884713, -18.945887415584963, 1.46873595472381], [200.0, 0.0, 86.99629996989134, 78.66844944551852, 94.61201777052696, -60.2638582053558], [200.0, 0.0, -20.647056986997715, 38.68623912464941, -49.40521162373426, 68.7273001924308, 70.34590008845116, 83.95176159945561], [200.0, 0.0, 10.427308437955585, 91.24554034773762, -38.01988682867137, 48.19294729570669], [200.0, 0.0, 66.34646050745499, 84.17595352582453, 37.71616434315099, -41.8681993549612]], "c": [5.18987538812301, 5.411693294317053, 5.181849475061863, 4.8615699901550675, 4.578158042933643, 4.8171264554912305, 5.4081275073121, 5.164839165779288, 4.5587482525011955, 4.675992584035292, 4.549008051187777, 4.869149647743259, 5.0289278325426725, 5.473416054220764, 4.769833130346164, 5.04613824126763], "caves": [[1, 2, 3, 4, 5, 6, 7, 8], [9, 10, 11, 12, 13, 14, 15, 16]]}, "jmap": {"1": 1, "2": 2, "3": 3, "4": 4, "5": 5, "6": 6, "7": 7, "8": 8, "9": 9, "10": 10, "11": 11, "12": 12, "13": 13, "14": 14, "15": 15, "16": 16}}