{"inst1": {"S": [[1, 2, 3, 5, 7], [2, 1, 4, 6, 3, 5, 8], [3, 1, 8, 7, 2, 6, 4], [4, 2, 5, 6, 7, 3, 9], [5, 4, 1, 6, 2], [6, 4, 7, 8, 2, 5, 3], [7, 6, 3, 1, 4], [8, 3, 6, 2], [9, 4, 10, 11, 12, 14, 15, 16], [10, 9, 12, 14, 15], [11, 9, 13, 15, 12, 16], [12, 9, 10, 11, 16, 13, 15], [13, 11, 16, 12], [14, 9, 10, 16], [15, 9, 11, 16, 10, 12], [16, 13, 9, 15, 12, 14, 11]], "f": [[200.0, 0.0, -96.77397086368345, -97.81259547185837, -20.602500350801066, -50.59032449305736], [200.0, 0.0, -50.20082779401833, -32.56413769988058, 18.13000073334221, 17.16339176944388, 42.03824140577148, -5.233659452248451], [200.0, 0.0, -90.34527038217158, -24.8880282890398, 68.44360440087267, 85.69524525156243, -89.15337474557295, -50.680154941099566], [200.0, 0.0, -91.94858053536245, -3.7277754347442293, 47.44595150191937, -0.6415884075453571, -43.98807826030611, -66.09818923913923], [200.0, 0.0, 45.99497982535223, 87.11070739814136, 56.906552484141756, -95.0577213779942], [200.0, 0.0, 16.494975424038994, 23.36437973944627, 95.52763539784979, -48.17303121874823, 20.984748751186345, 17.001303594471963], [200.0, 0.0, 86.12067624322522, 20.490198900520728, -47.08362805853334, 71.32748229955979], [200.0, 0.0, -79.6382433265988, 70.95573415744624, -22.003980139765787], [200.0, 0.0, 23.20654298275575, 64.37617455670046, 61.967306016479064, 11.951532574391411, -68.26013472473116, -55.70757898247154, 85.24025361987005], [200.0, 0.0, -56.90132076930343, 18.996014025571583, 56.16230842200443, 26.486410408208027], [200.0, 0.0, -6.485479761047674, -73.47677630389333, -19.14515946063251, -26.395314141114778, 12.706331102337343], [200.0, 0.0, -58.71908342644383, 86.3192462822348, -37.590648679011316, 45.66203915115683, -36.48943339707811, 35.46818727322088], [200.0, 0.0, -52.7480610530513, 19.30647784173649, 75.81457608158155], [200.0, 0.0, -93.86815302479805, -17.3854227865349, 85.39322833594672], [200.0, 0.0, -12.781909437574178, -65.19494669343375, 52.79156688326139, 56.76812452681277, 1.731356675696638], [200.0, 0.0, -65.95747852224531, 39.90601533701763, 47.19097730423556, 39.73616548494703, 37.66134031863733, -71.91515388614998]], "c": [5.311039587241607, 5.439238995277019, 5.48440617855243, 5.262392949517815, 4.642471780352274, 5.16207783486402, 4.776217291626749, 5.258107685950544, 5.241113457321434, 5.465637348785317, 5.229206726483021, 5.262101044092331, 5.239293122022571, 4.559235667318437, 5.136265146306232, 5.3341383795565855], "caves": [[1, 2, 3, 4, 5, 6, 7, 8], [9, 10, 11, 12, 13, 14, 15, 16]]}, "inst2": {"S": [[1, 2, 4, 5, 6, 8, 3], [2, 1, 3, 6, 7], [3, 2, 5, 6, 1, 8], [4, 1, 8, 7, 6], [5, 1, 3, 8, 7], [6, 2, 7, 1, 4, 3, 9], [7, 2, 6, 4, 8, 5], [8, 4, 5, 7, 1, 3], [9, 6, 10, 11, 13, 14, 15, 16], [10, 9, 12, 13, 16, 14], [11, 9, 15, 13], [12, 10, 15, 16, 14], [13, 9, 16, 10, 14, 11], [14, 9, 15, 16, 12, 13, 10], [15, 12, 9, 11, 14], [16, 12, 13, 10, 14, 9]], "f": [[200.0, 0.0, 37.89257727931352, 55.9011154964969, 29.924900027988578, -18.49214006444415, -1.5165264969842163, 71.06851327271164], [200.0, 0.0, 52.36795796215337, 25.61751959302756, -39.77167414302658, 39.87430487154657], [200.0, 0.0, 91.95502065610977, -58.321431082528676, -75.73289673189385, 29.637390706385624, 55.08742047412698], [200.0, 0.0, -57.97390451518427, -45.57051644304746, 83.43528584224897, 25.900200833154365], [200.0, 0.0, -10.874466260308058, 57.556623407917805, -66.39553997560246, 28.686560140285565], [200.0, 0.0, 86.26694861128004, 10.19301243514581, -70.27997113152993, -24.09793531022453, -84.66921725958542, -45.27510174171141], [200.0, 0.0, -3.1742765062512834, -6.139253368967568, -32.06165160992267, 27.954979393366884, 15.989625472360224], [200.0, 0.0, 37.86312723639642, 40.34761645426526, 91.52568561006646, -18.76774625839568, 84.58759688249746], [200.0, 0.0, 13.805736169029114, -91.12547344087226, 86.38411903245586, 27.62391312290191, 75.52909006748945, -93.27775276337722, -59.0419915350763], [200.0, 0.0, -72.01000219925379, 56.219792753171085, 37.511925397153774, 10.618979404261065, 76.74667206324528], [200.0, 0.0, -30.638444644315133, -67.94562812651816, 54.002281741417704], [200.0, 0.0, -69.74260411742065, -55.24932902594004, 54.58288695855036, 44.886378257395606], [200.0, 0.0, 9.600797031534247, -11.196566788756645, 63.36438903519947, -81.99371516857555, 6.133727307923387], [200.0, 0.0, 45.25087012777711, 10.237323176563539, 20.278809562229295, -19.238244832536687, -30.229273124704605, 29.965729611286697], [200.0, 0.0, -30.212758168573718, -30.897382994279397, 3.121427468333615, -66.01515987536541], [200.0, 0.0, 4.705663735063581, 66.27731095108702, 87.80661231172753, -78.11756154394011, -46.714457619543936]], "c": [5.413691392644572, 4.903569059157424, 5.417267584913152, 5.029517555573845, 4.635435499914912, 4.614254171061665, 5.35808482352381, 4.595619158163182, 5.073280581673033, 4.87335387970205, 4.93466134774073, 5.246976212624146, 5.45200565957914, 5.023516772915311, 5.11075804975964, 5.278485437896242], "caves": [[1, 2, 3, 4, 5, 6, 7, 8], [9, 10, 11, 12, 13, 14, 15, 16]]}, "jmap": {"1": 1, "2": 2, "3": 3, "4": 4, "5": 5, "6": 6, "7": 7, "8": 8, "9": 9, "10": 10, "11": 11, "12": 12, "13": 13, "14": 14, "15": 15, "16": 16}}