{"inst1": {"S": [[1, 2, 3, 5, 7, 4, 6, 8], [2, 1, 4, 7, 5], [3, 1, 4, 5, 7], [4, 3, 7, 1, 2, 5, 9], [5, 1, 6, 8, 2, 3, 4], [6, 5, 8, 1], [7, 4, 8, 1, 2, 3], [8, 6, 7, 1, 5], [9, 4, 10, 11, 12, 13, 15], [10, 9, 16, 11, 13, 12], [11, 9, 14, 13, 12, 10, 16, 15], [12, 9, 11, 13, 16, 10], [13, 9, 11, 16, 12, 10, 14], [14, 11, 13], [15, 9, 16, 11], [16, 10, 13, 12, 15, 11]], "f": [[200.0, 0.0, 68.65773749149872, 34.275360825682164, 91.29101193367481, 55.423574937250564, 13.123872225135669, 33.00361895389807, -75.53742034526498], [200.0, 0.0, 5.007954789146463, 99.19228732119517, 84.22709328619283, -7.3617386814963215], [200.0, 0.0, -49.75674921081574, -95.01751329679887, 57.83697886885626, 74.63671987302507], [200.0, 0.0, 0.11174328453669169, -22.877501076230477, 9.455335098744477, -73.37819245840464, 65.48746090134489, -38.92597371029225], [200.0, 0.0, -73.08040019091537, -78.18659314428882, 76.34679456022685, -29.427363826173902, 4.524329981090314, 81.15140886557049], [200.0, 0.0, 82.1927200034888, 46.93720719124477, -2.949637466970323], [200.0, 0.0, -41.34851520710221, -16.038066640155037, -51.99883884769074, -12.921188145346662, -55.0345790695943], [200.0, 0.0, -39.527450479601754, 30.996602488250268, -50.299634615397835, 89.53671436864947], [200.0, 0.0, 54.40582388150308, -17.74371853223906, -69.52670439847289, -18.309700742627257, -54.659312117797086, 91.55855051332597], [200.0, 0.0, -65.78519500510195, 62.96289444396545, 53.471793721748085, 58.86647918801336, 7.5290601859876904], [200.0, 0.0, -36.20340468447934, 26.77699307912407, 38.51855853961099, -46.17770653309723, 17.873732891830674, 73.91694890107688, -57.51088341207071], [200.0, 0.0, -71.20316226825894, 70.36433439396168, 74.74447394848163, 14.011806583707354, -70.4848633906398], [200.0, 0.0, 16.772914423877516, -85.81373357378881, -75.2524608924273, 90.20592002801308, -80.17935117609443, 73.54417860140421], [200.0, 0.0, 73.25686759925264, 26.92853127402732], [200.0, 0.0, -0.808218211652223, 22.30340673579223, -57.34819306734664], [200.0, 0.0, -36.41331952949673, 92.59569660462965, -91.47307506266837, -66.33786277606784, -84.79062147239176]], "c": [5.019675397550304, 5.4047576453034045, 4.812880756205491, 5.341942491968777, 4.865481240306992, 5.435311802711051, 4.809689518658244, 4.810392221213059, 4.938757989713254, 5.037245062308344, 4.62740788954407, 5.339106418187084, 4.818109561126771, 5.3080913693263705, 4.715891832505041, 5.444097828411029], "caves": [[1, 2, 3, 4, 5, 6, 7, 8], [9, 10, 11, 12, 13, 14, 15, 16]]}, "inst2": {"S": [[1, 2, 6, 7, 3, 8, 5, 4, 9], [2, 1, 3, 4, 8], [3, 2, 5, 4, 1, 7, 6], [4, 2, 5, 3, 6, 7, 1], [5, 3, 4, 7, 1], [6, 1, 4, 3], [7, 1, 8, 4, 3, 5], [8, 7, 2, 1], [9, 1, 10, 13, 12, 14], [10, 9, 11, 15, 13, 14], [11, 10, 12, 13, 15, 16], [12, 11, 14, 9, 15], [13, 9, 15, 11, 16, 10, 14], [14, 12, 15, 13, 9, 10], [15, 14, 16, 13, 12, 10, 11], [16, 15, 13, 11]], "f": [[200.0, 0.0, 22.18294410012063, -79.02999155139186, 27.275453603958375, 81.45362489878023, 53.38864607523459, 41.87472500242442, 54.318061728387356, 73.1001631496506], [200.0, 0.0, -72.23728142155514, -73.99228352126457, 72.51377665240251, -87.29271388169848], [200.0, 0.0, -42.198740468417895, 90.11251926949646, 81.70243677129154, 92.22073543526051, 44.763607489649516, -75.04551767446827], [200.0, 0.0, 18.527604093739725, -79.7928475680512, 20.258721242462975, -52.82081269109058, 31.419432402480307, -31.09448442148366], [200.0, 0.0, 15.104706455919903, -77.57859079493785, 12.01640342775665, -74.46329919498129], [200.0, 0.0, -94.83893333575284, -29.59113232278021, 63.69774722146375], [200.0, 0.0, -66.96595129900868, 22.13566825147919, 89.87543214203866, -48.60400523126405, 65.20976484610361], [200.0, 0.0, -38.39080589437152, -49.94671963641959, 21.766542734259843], [200.0, 0.0, 28.51248951278493, 26.7566607597292, 71.7821565558499, 1.1272816913911576, 53.845335970401024], [200.0, 0.0, 79.4649499064763, -49.620124551002554, -1.4415636922405994, -53.832534710115354, -12.887468093297837], [200.0, 0.0, 96.6316840685935, -6.593285403725924, -36.24429230326376, 90.84324412943867, 54.832457038907066], [200.0, 0.0, -69.10213215876158, 76.77069268222785, -48.07888297083205, -94.9445920780143], [200.0, 0.0, 75.66304579160574, 50.28899862872343, 42.91119747997154, -24.603007973801528, 46.041240119975704, -49.787678601553154], [200.0, 0.0, -17.874948584258664, -13.215513825255965, -59.324098386967925, -84.69633340048365, 46.751896128725214], [200.0, 0.0, 35.716114736761085, 74.2464274706383, 91.13948939127204, 62.43864771947112, -20.416879796940268, -32.947035597215745], [200.0, 0.0, 63.68491836159402, -29.514966801340293, -67.46117865280901]], "c": [4.6114853747313145, 5.293107919557176, 4.948845778279038, 4.566901493604075, 4.985464914894771, 5.051933227394259, 5.239041611422123, 5.029644009199188, 5.2551998689066535, 4.5903314242608015, 5.1373961629445235, 5.177887442569154, 5.459878777446165, 4.689456723617315, 5.007260907772002, 4.617059763982102], "caves": [[1, 2, 3, 4, 5, 6, 7, 8], [9, 10, 11, 12, 13, 14, 15, 16]]}, "jmap": {"1": 3, "2": 8, "3": 5, "4": 1, "5": 2, "6": 7, "7": 6, "8": 4, "9": 14, "10": 12, "11": 10, "12": 13, "13": 16, "14": 9, "15": 11, "16": 15}}