{"inst1": {"S": [[1, 2, 3, 11, 5, 12, 9, 8, 7], [2, 1, 4, 6, 5, 12, 7, 8, 11], [3, 1, 6, 7, 11, 13, 9, 5], [4, 2, 5, 9, 10, 12, 8, 11, 13, 7], [5, 4, 12, 6, 1, 2, 3, 14], [6, 3, 7, 13, 5, 2, 12, 10, 8, 9], [7, 6, 8, 3, 13, 11, 9, 2, 1, 4], [8, 7, 4, 9, 10, 6, 1, 2], [9, 4, 8, 1, 3, 7, 11, 13, 10, 6, 12], [10, 4, 6, 11, 8, 12, 9], [11, 1, 10, 3, 7, 12, 9, 4, 13, 2], [12, 4, 5, 1, 6, 2, 10, 11, 9], [13, 6, 7, 3, 9, 4, 11], [14, 5, 15, 16, 18, 26, 20, 24, 22, 25, 19], [15, 14, 17, 16, 21, 23, 22, 19, 18, 24], [16, 14, 15, 17, 26, 21, 20, 19], [17, 15, 23, 16, 19, 21, 24, 20], [18, 14, 19, 26, 24, 15], [19, 18, 20, 22, 24, 17, 15, 16, 26, 23, 25, 14], [20, 19, 21, 14, 25, 22, 16, 24, 17], [21, 20, 25, 15, 16, 17, 26, 22, 24], [22, 19, 26, 15, 14, 23, 20, 24, 21], [23, 17, 24, 15, 22, 25, 26, 19], [24, 23, 26, 14, 18, 19, 20, 17, 22, 15, 21], [25, 21, 20, 23, 14, 19], [26, 22, 14, 24, 16, 18, 23, 21, 19]], "f": [[200.0, 0.0, -39.973877386864885, 62.90237351603245, 30.356179444781752, 64.06761596120766, -8.000337679677273, -89.45356160278655, -65.75536954982448, 39.90362046981686], [200.0, 0.0, -61.50164940616507, 13.71961691287289, 73.01942540253492, 17.080826166219552, 51.37682023324474, -86.28024222148841, 74.31290069572233, -69.18039818569581], [200.0, 0.0, -5.688320832378113, 61.65508454738124, -50.90915698065193, 41.712739188158324, -22.92188262903774, 86.86700212416847, 67.79950417960512], [200.0, 0.0, -73.29953185550733, 17.890505308892003, 10.51259481639988, 1.251048210753014, 49.82165078226431, 17.25485985667101, -18.536309340176405, -77.48359695650994, 10.360348631226323], [200.0, 0.0, -91.1491825786936, 46.00291353865551, 18.12466444680938, -40.89901350604577, 92.65396151988253, 44.621482550667245, 87.95624103785575], [200.0, 0.0, -77.3672680538674, 68.01830621143824, 30.006367913871166, -98.83886695701946, 79.25764278133963, 92.34865567344612, 85.6469925405887, -48.33817042789836, -33.441331972602796], [200.0, 0.0, -40.296048363713766, -3.4939481807454653, -57.28718989499973, 70.15362168282782, -91.43201411152016, 45.288704966461644, 97.66749006395973, -59.72203807898504, -16.311216284808406], [200.0, 0.0, -29.08066528748263, 88.76749337932517, 23.544736437287227, 18.685942825899392, -24.477292439589338, -58.8004572362441, -50.885571508975794], [200.0, 0.0, 16.409819166961114, 70.80660449831497, -1.197843638148366, -91.61060048491775, -14.538230477855008, -66.29676750942318, -28.504092321695353, 86.63817926574187, 46.124253212125296, 97.13135692502604], [200.0, 0.0, 59.069124226288274, 99.82690835520015, -18.743032969719863, 6.633842030037029, -52.52847490687456, -19.701452578176326], [200.0, 0.0, -55.79758266532022, -67.78496759726995, 3.195191357215732, 66.65013380439385, -87.21739552028454, 19.028603402102817, -79.83879561738438, -70.08255205354332, -83.73267566335036], [200.0, 0.0, -56.365575502236, 70.44337296826097, 15.512490793804389, 53.30588022660372, 49.12563682394182, -45.77913611820803, 81.16878715949079, 94.18871762575465], [200.0, 0.0, 37.0528980043209, -86.53073397695546, 90.26225693352659, 13.067920035619785, -25.674540322869355, -81.06157262385396], [200.0, 0.0, -92.52761313326539, -36.84924462219321, 3.9967569481498266, 87.7847932649187, 69.721984860339, -86.22429453205423, -62.29374555661018, -92.69617853723227, 19.363311473829615, 58.89874015060435], [200.0, 0.0, -79.36483627900952, -78.7598087397537, -26.55143740155923, -64.90531824125023, -65.12524924949574, -47.1699705221811, 93.55552062304926, 4.464670784891389, 70.79281049539937], [200.0, 0.0, -57.29152655921983, 68.67507165020122, -8.68231010233005, 0.7450551039694941, -2.540455743742087, 15.488931234454896, -84.2346183825134], [200.0, 0.0, 54.34388398780028, -28.339339719170574, -63.0989366619515, -44.84666344942778, -64.55386574020132, 84.57727799637233, 10.570781004737452], [200.0, 0.0, 32.6304281135775, -97.58170470319756, 57.90375100871725, -4.780795594704412, 2.372739225353526], [200.0, 0.0, 56.137065174258474, 97.75566204838924, 33.78884367974828, 84.54932789872677, -78.21838365874996, 41.9630936015561, -93.78765153887451, 21.770960097951786, 30.955255453038923, -80.52684271466784, -39.13612318704107], [200.0, 0.0, 33.04920080995677, -12.256354400123781, -59.747332587157295, 18.65707951890796, 33.05109868854215, -77.09025495981025, 82.68344699557792, 18.726598139436092], [200.0, 0.0, 92.19168157786586, 54.92311599162587, 33.74399317316015, -86.851904542501, -45.90406320630749, -11.297879746462435, -72.10476826338245, -81.64771206280344], [200.0, 0.0, -49.418924159584506, -81.85093287747316, 53.68433854941901, -47.52462588644464, 44.83746482493112, 27.123610433242405, -41.047880338363775, -47.78325174922009], [200.0, 0.0, 42.86778632926354, 77.72239104122751, -59.755347446150544, -86.31418506597082, -98.85263339292862, -4.136321465250581, 52.99909067897133], [200.0, 0.0, 20.319013625482405, 27.6776785639685, -89.31656420187122, 58.18982892290325, -56.056055036361975, 13.337197078978713, -42.29803220701835, 1.5783884229078948, -7.177314923341527, 95.21116117639534], [200.0, 0.0, -70.82615589882964, 61.741689057473415, -28.67645832315229, 8.313843264143927, -93.11781880780825], [200.0, 0.0, -68.55689639654776, 29.69620640324615, 72.35380312676465, 45.83979778346385, 46.771478018730875, -39.07291984259693, -26.291223635908366, 65.69945702327466]], "c": [5.2431893328372094, 4.548451542618449, 5.193071568948268, 5.262624958182761, 5.333678804719546, 5.284140477631667, 5.418077042742048, 4.7363921764150785, 5.126370363894499, 5.242702121319276, 4.619677271443085, 4.9150405928276255, 4.796023635166654, 4.7751189645324015, 5.282251080346109, 4.996210641067399, 5.248227123611172, 5.32018761013709, 5.066557502294581, 4.887758100520128, 5.170744581017595, 5.4656849770888005, 4.595967894820145, 4.802072088550142, 4.877559466415418, 4.692474358502683], "caves": [[1, 2, 3, 4, 5, 6, 7, 8, 9, 10, 11, 12, 13], [14, 15, 16, 17, 18, 19, 20, 21, 22, 23, 24, 25, 26]]}, "inst2": {"S": [[1, 2, 3, 5, 6, 13, 4, 8, 7, 11], [2, 1, 4, 3, 10, 13, 11, 5, 6], [3, 1, 2, 6, 11, 14], [4, 2, 8, 10, 7, 11, 9, 6, 1, 13, 5], [5, 1, 12, 9, 6, 7, 2, 11, 8, 4], [6, 1, 7, 10, 4, 3, 5, 2, 8, 12, 9], [7, 6, 9, 4, 10, 11, 5, 1], [8, 4, 12, 1, 9, 5, 11, 6], [9, 7, 13, 5, 4, 10, 12, 8, 6], [10, 4, 11, 12, 7, 6, 13, 2, 9], [11, 10, 4, 12, 3, 7, 2, 5, 8, 1], [12, 5, 10, 8, 11, 9, 13, 6], [13, 9, 1, 10, 2, 12, 4], [14, 3, 15, 19, 23, 17, 22, 25, 16, 24, 20], [15, 14, 16, 23, 25, 19, 17, 22, 20], [16, 15, 17, 20, 24, 22, 26, 19, 21, 14], [17, 16, 18, 19, 15, 14, 25, 26, 21, 24], [18, 17, 21, 20, 26], [19, 14, 21, 22, 26, 15, 23, 17, 24, 16, 25], [20, 16, 21, 18, 26, 25, 15, 14], [21, 19, 24, 25, 18, 20, 23, 17, 16, 22], [22, 19, 26, 16, 25, 15, 14, 21], [23, 15, 21, 19, 24, 14], [24, 21, 26, 16, 23, 19, 25, 17, 14], [25, 21, 15, 20, 26, 17, 22, 24, 19, 14], [26, 22, 24, 19, 18, 20, 16, 25, 17]],