{"inst1": {"S": [[1, 2, 3, 9, 7, 6, 10, 5, 4], [2, 1, 7, 4, 11], [3, 1, 4, 9, 5, 6], [4, 3, 5, 6, 8, 2, 1], [5, 4, 7, 10, 3, 6, 8, 1, 9], [6, 4, 7, 1, 3, 5, 10], [7, 6, 10, 5, 9, 8, 1, 2], [8, 4, 10, 7, 9, 5], [9, 1, 10, 3, 7, 8, 5], [10, 9, 7, 8, 5, 6, 1], [11, 2, 12, 13, 19, 16, 14, 18], [12, 11, 14, 15, 19, 16, 17], [13, 11, 15, 20, 14, 16, 17], [14, 12, 16, 18, 11, 13, 17], [15, 12, 13, 16, 20, 17], [16, 14, 17, 18, 19, 15, 11, 13, 12, 20], [17, 16, 20, 15, 13, 14, 18, 12], [18, 16, 14, 20, 11, 17], [19, 16, 11, 20, 12], [20, 17, 19, 13, 15, 18, 16]], "f": [[200.0, 0.0, 74.7706927630631, -9.908340321831965, -5.370654448932255, 9.522777511747416, -87.62294957558952, 35.023441636273404, -82.24553318506915, 1.1889672372614957], [200.0, 0.0, 3.9894401373098853, 88.38270583357948, 95.37237754404183, 64.55818467242167], [200.0, 0.0, -71.38272172041312, 31.333813257259592, -10.7855712514916, -85.49573744244485, 62.10369607908199], [200.0, 0.0, -21.455311324791015, -43.67596414712362, -95.21667558371468, 66.44511533600964, 41.91405807838579, 60.85872721422194], [200.0, 0.0, 91.07273067140935, -33.63095917729677, -22.38336929276685, 50.15862670228288, 46.621087507458945, 89.44665808714034, 94.89900285670797, -37.04153939601129], [200.0, 0.0, -13.729974941885036, -63.62348633322264, 24.503544030432778, -51.37573293976403, -60.37245336044297, -73.21802648630413], [200.0, 0.0, -26.33455312369122, -37.87227244498072, 25.54060458730738, -11.440766843759032, 49.90348545989547, -36.113374637022645, 4.641669146396188], [200.0, 0.0, 4.601175856981943, -28.7353186567358, -50.855306600501194, -77.45290939216885, -67.88854957105997], [200.0, 0.0, 71.60921991887676, -65.9979871355806, -30.33381075599959, -45.455830735071935, -49.13019875273634, 5.396646181096432], [200.0, 0.0, 90.92817649594384, 99.90681090194951, -52.375016845573754, -55.08377340240214, -10.801567890589459, 80.40762031842354], [200.0, 0.0, 64.79680302450006, -91.05903475637282, -93.18371865613348, 67.6729599363282, 34.48108619729033, -14.797291934394185, -38.171691805525086], [200.0, 0.0, -33.198939826261345, -59.5521516765489, -19.97993470353212, 95.17611426553437, -50.07622768234879, 11.016848442101335], [200.0, 0.0, -74.79563391978996, 86.26248159347128, 40.41693875521359, 79.13150399428856, 29.99516281909824, -12.593668409225156], [200.0, 0.0, -52.010454211787696, -55.58179833806416, -49.61187724614706, -87.13421232192282, 95.45831112437332, -29.12973295844834], [200.0, 0.0, -8.02584940553659, -44.614011778471884, 25.209204388294438, -12.97137206812058, 52.63023888895606], [200.0, 0.0, -85.18424490923562, -93.21810711516969, 39.582145296253834, 63.81576102030459, 13.702336091047895, -59.75671446914479, -46.47155010696595, -67.64331540213999, 65.38940365526705], [200.0, 0.0, 85.76454386725048, -32.674029314791554, -85.35029697639298, -31.530482695874305, 59.442305588329305, 90.95713026932222, -6.443098701741579], [200.0, 0.0, 77.81761556931363, 52.096389327263616, 91.0223144599895, -62.91969449033683, -81.5603137767248], [200.0, 0.0, 68.57711629127678, -26.603914229413306, -71.3178100176205, -78.46811978577006], [200.0, 0.0, -24.699086851601983, -87.2979550540695, -1.4919933431089438, 91.19391895230716, -77.32358638064716, 8.909783201026244]], "c": [4.576157648202208, 4.744578391569706, 4.870894932348682, 4.502385887454681, 4.655495999983067, 4.620440434233238, 4.5938020580886825, 5.025642945359898, 4.979088841405513, 4.8028651331846115, 4.508733754868707, 5.20318687076632, 4.700231541547933, 5.0360867731911485, 5.242331677326059, 5.201226517674408, 5.30176748004467, 5.493454592067042, 5.28338319962557, 4.937647460982674], "caves": [[1, 2, 3, 4, 5, 6, 7, 8, 9, 10], [11, 12, 13, 14, 15, 16, 17, 18, 19, 20]]}, "inst2": {"S": [[1, 2, 3, 4, 6, 5, 10, 7], [2, 1, 4, 9, 10, 3, 5, 8], [3, 1, 5, 6, 10, 4, 2, 7, 11], [4, 1, 10, 2, 3, 9, 5, 6], [5, 3, 7, 1, 10, 4, 2], [6, 3, 8, 1, 9, 4], [7, 5, 9, 10, 1, 3], [8, 6, 9, 2], [9, 7, 6, 2, 4, 10, 8], [10, 4, 3, 5, 7, 1, 2, 9], [11, 3, 12, 16, 13, 19, 14, 15], [12, 11, 13, 14, 17, 20, 19, 15], [13, 12, 15, 19, 20, 14, 16, 11, 17], [14, 12, 18, 17, 13, 15, 11, 19], [15, 13, 17, 14, 19, 12, 11], [16, 11, 13, 20], [17, 15, 18, 12, 14, 20, 13, 19], [18, 17, 14, 19], [19, 13, 15, 20, 12, 17, 11, 18, 14], [20, 13, 12, 16, 17, 19]], "f": [[200.0, 0.0, 56.2458127861488, -93.76567908550825, 73.77442511102376, 14.797538729823012, -33.35476964734028, 94.92962253597277, 96.22499543779935], [200.0, 0.0, 0.185892684461475, -8.854522244262863, 18.725759718589806, 5.402337876831909, -71.30805774154554, 15.176971476449296, -20.484187590812695], [200.0, 0.0, -52.81715238422224, 35.07633416253009, 85.66509529300836, -51.491116642478914, -28.32117269128407, -48.144784598930435, 80.80260299169886, 81.83832120961216], [200.0, 0.0, 66.68399538189784, -84.56545967116091, -13.01332399124584, -71.40082654250787, 89.38457270402955, 52.735150838005886, 53.34345504927771], [200.0, 0.0, -62.36701793858823, -51.94297173084546, -57.342966396158126, 76.22521352093783, 43.39628888765077, -39.59087208707821], [200.0, 0.0, 15.976997762586365, -90.77837189156197, -10.518782660145298, -75.65392394942745, 7.331510194627566], [200.0, 0.0, 23.81361189922242, 33.045285482242925, 3.9929597051351795, -2.616001819437841, 81.23645196631391], [200.0, 0.0, 78.2598551991613, 5.470276496898374, 75.63967792344133], [200.0, 0.0, -28.019479442241103, 30.352701935397942, -96.59749438090515, -51.54446875800629, 17.771545319409256, -58.25199004769461], [200.0, 0.0, -4.812971591158743, 75.27604112057872, -25.12752388671926, 41.32940148931355, -16.83819178846504, -77.64618735896008, 21.285025498227327], [200.0, 0.0, -25.249519027623712, 69.38160785793409, -65.43782175708266, -41.411837712445475, -52.46567836349174, -25.83452041035701, 86.76145698870887], [200.0, 0.0, 77.18416045331634, -79.061399946496, -67.437919700012, -61.093218438216, -28.71071388937341, -92.08663778501416, 36.121503138625435], [200.0, 0.0, 90.40486059375594, 18.970499292452068, -32.32537300009233, -25.42942425163359, 55.039132516634815, 64.70639873867474, -35.89799809716592, 49.49166942592051], [200.0, 0.0, 69.239143691103, -72.51747527411214, 89.01009817749026, -23.020408056648336, 88.39879061532912, 49.9588303451131, 71.31434529953104], [200.0, 0.0, -65.58495944515437, 56.379965116150174, 24.928598293126257, -40.43585374692369, -49.88689225903642, -44.233822794688415], [200.0, 0.0, -19.992030408866434, 8.015263461668031, -48.23165745501821], [200.0, 0.0, -73.96977736769176, 39.82059847609523, -95.71378240087532, -64.42920095617018, -36.35862193314821, -46.71097116960221, 16.546429981444977], [200.0, 0.0, 40.263567756640796, 40.72677049186444, 71.18661226351387], [200.0, 0.0, 41.29585867868253, -48.80059533505276, 70.4087640899269, 17.931300841277142, 59.58942692748239, -3.8449222531991234, 60.84722018314179, 14.651603714196447], [200.0, 0.0, -59.83266401988965, 52.37249148925838, 3.405003290396613, -77.89138545577737, -86.03774231430667]], "c": [4.664308136194161, 4.7469142610549415, 5.174944049736042, 4.531430969185038, 5.346411420783591, 5.151935023180863, 5.262340550085352, 4.597769800735534, 5.496027508919121, 4.901331940632106, 5.440780667386572, 4.609149614253907, 5.468717356798438, 4.630022693248284, 5.127265053927931, 4.723271206155819, 4.674505287843455, 4.80314730409815, 4.56670907650768, 4.881731399677525], "caves": [[1, 2, 3, 4, 5, 6, 7, 8, 9, 10], [11, 12, 13, 14, 15, 16, 17, 18, 19, 20]]}, "jmap": {"1": 10, "2": 9, "3": 8, "4": 7, "5": 6, "6": 5, "7": 4, "8": 3, "9": 2, "10": 1, "11": 20, "12": 19, "13": 18, "14": 17, "15": 16, "16": 15, "17": 14, "18": 13, "19": 12, "20": 11}}