{"inst1": {"S": [[1, 2, 3, 5, 6, 7, 12, 4, 9, 11, 8], [2, 1, 9, 13, 10, 8, 4, 11, 5, 6], [3, 1, 4, 7, 10, 13, 8, 9, 5, 12, 11], [4, 3, 8, 12, 1, 6, 2, 7, 9], [5, 1, 11, 7, 2, 3], [6, 1, 7, 4, 13, 2, 9, 8], [7, 3, 10, 6, 8, 1, 9, 11, 5, 4, 12, 14], [8, 4, 7, 3, 10, 2, 13, 6, 1], [9, 2, 7, 1, 12, 3, 6, 13, 4, 10], [10, 7, 11, 2, 3, 8, 12, 9], [11, 10, 5, 12, 7, 2, 1, 3], [12, 4, 1, 10, 11, 9, 7, 3], [13, 2, 3, 8, 6, 9], [14, 7, 15, 18, 25, 17, 23, 19, 20, 24], [15, 14, 16, 17, 19, 26, 18, 23, 21, 25], [16, 15, 18, 22, 26, 20, 24, 21, 17, 23], [17, 15, 21, 20, 14, 16, 23], [18, 16, 20, 24, 23, 14, 15, 26, 22], [19, 15, 22, 25, 23, 24, 26, 14, 21], [20, 18, 23, 25, 17, 16, 14, 21, 22], [21, 17, 25, 15, 16, 24, 20, 19, 23], [22, 19, 16, 26, 23, 18, 20], [23, 20, 18, 19, 15, 26, 25, 14, 24, 17, 22, 16, 21], [24, 18, 16, 25, 23, 19, 21, 14], [25, 19, 20, 14, 21, 24, 23, 15], [26, 15, 16, 22, 18, 23, 19]], "f": [[200.0, 0.0, 56.87164552000479, -28.473313455311654, 29.654159355006684, 78.31983795171395, -66.35678023791884, 72.61673095401922, -12.803180056501828, -82.20212247876387, -31.224031296753108, 87.71206127901404], [200.0, 0.0, -1.1170165675153276, 24.098388367307976, 41.796503617919115, -89.0697975992306, 78.4181572889486, 55.52366260609567, 73.14419579598565, -94.15351939208121, -13.70283957037286], [200.0, 0.0, -79.14114910121141, -73.57080232971427, -37.83619024665492, 53.891497093487196, -87.19706388678534, 32.39575435860693, 75.13625828114014, -18.92119852203018, -39.60711542858273, 54.072127032569625], [200.0, 0.0, 59.486151720440404, 10.9094700857457, 95.63206081817914, 88.1507261479302, 88.74574061007453, 62.114860258878956, 92.48363558454768, 88.08103692250367], [200.0, 0.0, -58.3623033649892, -60.33057696381814, 98.87003449122342, 60.68423548301918, 32.65787143392671], [200.0, 0.0, 54.7479723944164, -46.95029470599712, -71.64577521608417, -84.39848616124164, -87.90736549930497, -15.975471510646377, -17.429248115292808], [200.0, 0.0, -12.653022759109334, -54.0266366275181, -90.10866109766414, 4.540807771516375, 25.447102210234206, 21.726530569315507, -33.21338211333935, 12.187105599163983, 6.662845168315212, 56.2610255098567, 74.7238987793312], [200.0, 0.0, -21.62030235956456, -77.20870948602796, 55.106478930773875, 32.6238390335537, 65.5257816973736, -56.97600341632638, 1.0964764605920552, -97.87624142888373], [200.0, 0.0, 42.31734136352942, 62.220331971175604, -55.64696233841, 42.05057839608555, 16.821475848980484, -72.32987647735641, 86.71871916366544, -74.19247444315738, -21.99180951377613], [200.0, 0.0, 56.21799552743343, -37.26781300154309, 91.1945456364321, -22.20780642376252, 0.10458063166358667, 59.430003282889544, -8.604488635103348], [200.0, 0.0, 30.843839203163892, 24.752754810457, -92.8017891158328, 55.241560610434746, -52.896885004696095, -76.72903764360075, 24.407331534257203], [200.0, 0.0, -9.775304185079081, 28.37065144923583, 66.36657021616814, 57.66541218679655, 9.67832388555796, -28.157806982125066, -21.2587440354135], [200.0, 0.0, -78.11311059483201, -5.833414328362951, 66.50740320782629, 63.201378425256706, -69.73773834884427], [200.0, 0.0, -21.11008095851259, 56.77521926877856, -1.383770860316691, 26.29884395594768, 19.813022634086508, -20.098128161370443, -6.826704228036262, -63.067681443957134, 9.329991217339352], [200.0, 0.0, 56.633535568882465, -19.324105745733622, -56.51341612174892, 86.20632034127493, 67.63003409094546, 17.684123284511077, -57.339823579872395, -0.19399943000466546, -24.848881164370027], [200.0, 0.0, -84.10499832900493, 97.29802146290325, -43.329951884953054, 11.038276210715026, 13.747477522424067, -12.22485143587586, -64.32494078154394, -11.935655013388669, 33.4945909667067], [200.0, 0.0, 0.8898502753578619, 11.158077935405753, 36.03467204615916, 59.543030329938105, -29.642637337397737, -30.116926631603434], [200.0, 0.0, -9.128412961844123, 30.609909887892716, -70.85980546092023, 67.55035104329268, 46.36205105451139, 55.015925817879484, -23.761240167458396, 76.45205888934588], [200.0, 0.0, 24.65301868320924, -83.65954100241866, -62.82046925960869, -77.97002532222821, 46.34172202396096, -95.5283276556369, -51.067434629152174, -0.6640850643601093], [200.0, 0.0, 59.208836673235886, 45.37660011280038, -77.461384922419, 77.44579497404926, -92.0611586914068, 65.62200706772015, -8.088631632315568, 25.376747200165916], [200.0, 0.0, 60.47528250056195, 37.38148779911943, 79.9031197362331, 28.043741347119845, -37.34025735214252, 8.996901785976075, 37.518908261286384, -44.0337540747848], [200.0, 0.0, 44.83073962241757, 49.152038919545646, 43.14485434855406, 55.943409294326905, 94.87624432010202, -27.214841032933236], [200.0, 0.0, 16.247030635109528, -50.12325981073522, 51.18522701219981, 53.47551172981346, -38.69864361981288, -91.13132513577118, -43.86323467414213, 54.53693084347358, -1.0941352869831444, -67.37694505969118, 46.19001079845364, 68.26572704075025], [200.0, 0.0, -63.52069796505888, 34.00959063677298, -9.750449514020577, -26.912526298134274, 17.128195265229795, -51.20134029198034, -0.0759537977804925], [200.0, 0.0, -86.85843802793751, 70.71217236437009, -29.905186113336548, -40.56860941060394, -26.411772726544093, -77.21215965358314, 42.445638557669874], [200.0, 0.0, -91.1046268494035, -68.93677273265489, -99.93181260136093, -24.307916467418877, 71.83569095082748, -21.48428605105728]], "c": [5.409887548284871, 4.763960520632864, 5.366939516129286, 5.345890216327597, 4.931370065764694, 5.473833082275872, 5.355473626700076, 4.874613526192603, 4.563347265288477, 4.520374855659505, 4.854364278654424, 4.558352757713203, 5.222540289547279, 4.624557529784166, 4.5520974702552754, 4.887376682534963, 4.798139946049671, 5.001560807481572, 5.427816482246186, 5.288580670389539, 5.317560672821452, 5.432166202201047, 5.117448397221752, 4.806872429039327, 5.391428101515428, 4.737032428238017], "caves": [[1, 2, 3, 4, 5, 6, 7, 8, 9, 10, 11, 12, 13], [14, 15, 16, 17, 18, 19, 20, 21, 22, 23, 24, 25, 26]]}, "inst2": {"S": [[1, 2, 4, 11, 6, 9, 12, 8, 5, 10], [2, 1, 3, 10, 9, 13, 4, 7], [3, 2, 5, 9, 6, 8, 10, 12, 11], [4, 1, 6, 7, 12, 9, 2, 11, 10, 5], [5, 3, 8, 9, 7, 11, 1, 10, 4], [6, 4, 3, 1, 12, 13], [7, 4, 10, 8, 13, 5, 11, 12, 2], [8, 5, 7, 3, 13, 9, 1, 11, 10, 14], [9, 3, 5, 2, 12, 1, 8, 4, 10], [10, 2, 12, 7, 3, 8, 5, 1, 11, 4, 9], [11, 1, 5, 13, 7, 4, 8, 3, 10], [12, 10, 13, 4, 9, 7, 1, 3, 6], [13, 12, 7, 11, 8, 2, 6], [14, 8, 15, 16, 17, 24, 22, 18, 20, 19, 25, 21], [15, 14, 19, 22, 23, 25, 21, 17, 20, 18], [16, 14, 26, 25, 22, 23, 24, 19], [17, 14, 18, 23, 21, 24, 25, 15, 19], [18, 17, 20, 25, 22, 14, 24, 21, 15, 19], [19, 15, 21, 22, 26, 25, 17, 14, 16, 18], [20, 18, 25, 21, 26, 15, 14, 24], [21, 19, 17, 20, 18, 25, 15, 22, 26, 24, 14], [22, 19, 15, 18, 14, 21, 16], [23, 17, 24, 15, 16], [24, 14, 23, 17, 18, 21, 16, 26, 20], [25, 18, 20, 17, 15, 21, 16, 19, 26, 14], [26, 16, 20, 19, 21, 25, 24]],