{"inst1": {"S": [[1, 2, 6, 8, 12, 10, 7, 11], [2, 1, 3, 12, 7, 4, 9, 13], [3, 2, 4, 7, 11, 13, 9, 6, 12, 10], [4, 3, 5, 9, 13, 2, 12, 10, 6], [5, 4, 10, 11, 9, 13, 8], [6, 1, 8, 13, 9, 12, 11, 3, 7, 10, 4], [7, 3, 9, 2, 6, 1, 11], [8, 6, 12, 1, 13, 5], [9, 4, 11, 6, 7, 3, 13, 5, 12, 2], [10, 5, 13, 1, 3, 6, 4, 11], [11, 3, 12, 9, 5, 6, 13, 1, 10, 7, 14], [12, 11, 2, 13, 8, 6, 9, 3, 1, 4], [13, 6, 12, 8, 3, 4, 9, 5, 10, 11, 2], [14, 11, 15, 17, 22, 25, 20, 18, 26], [15, 14, 16, 18, 21, 23, 24, 22, 19, 25], [16, 15, 23, 17, 24, 26, 21, 20], [17, 14, 19, 21, 16, 25, 26], [18, 15, 26, 19, 21, 14, 20, 25, 24], [19, 17, 20, 24, 18, 25, 15, 22], [20, 19, 23, 14, 24, 25, 22, 16, 18, 26], [21, 17, 15, 23, 25, 22, 18, 16, 26], [22, 14, 23, 25, 26, 24, 21, 15, 20, 19], [23, 22, 16, 20, 21, 25, 15, 24], [24, 19, 16, 20, 15, 22, 23, 18], [25, 14, 17, 21, 26, 19, 23, 22, 20, 18, 15], [26, 18, 25, 22, 16, 14, 21, 17, 20]], "f": [[200.0, 0.0, -12.556702683770983, -49.52519269002613, -43.926261181890865, -94.39965631043488, 11.076409772661266, 68.34543927378401, -92.99883098345238], [200.0, 0.0, 44.59973030574549, -79.64703246648519, -72.08979113280523, -92.1917688009577, -68.38584503965627, -81.16676224212426, 46.87993611615906], [200.0, 0.0, 17.968988059975356, -48.604255772856874, 37.220879945512465, -18.45649109033831, -12.786715170707197, -79.65791580632316, 83.69838924464656, -64.28686944390189, -4.382795282418184], [200.0, 0.0, -25.063385983673612, 20.868280095724057, 50.214777063843805, -39.60747776389007, -76.45445367582946, 75.1844218454594, 81.42219497893666, -2.926769875204549], [200.0, 0.0, -69.17582936017166, -72.73366076752615, -80.74904879830194, -14.711703630603745, 17.45187989180561, 3.053360913227987], [200.0, 0.0, -25.12901591093297, -83.98905605590386, -55.02698188029704, -84.03024198344741, -26.70569407344714, 24.594262174438164, 47.89477748907274, -81.38396817108746, 5.2562138335258135, -46.9486831244567], [200.0, 0.0, 8.755054407533503, 39.512123028047874, 37.99082991417557, 30.273028973716663, 66.72297277008906, 89.76312815571725], [200.0, 0.0, -73.89050126254573, 45.292442602406815, 94.71642534219124, 83.20066285237407, -1.1160810471271043], [200.0, 0.0, 96.18928402863607, -31.97034799557301, 6.489433433546465, -16.22257321665719, -75.85053919383995, -23.505413465613678, 26.942260599498844, 65.92044265741343, -38.114354412059505], [200.0, 0.0, -66.94908042765408, -27.950673553416006, -24.62599614263674, 30.1763369675069, 8.51881400687442, -81.9387638332086, 6.75027223644975], [200.0, 0.0, -52.10787378761348, 31.250959007047463, 28.042523491054517, 27.27728319046747, 67.39574326589013, -45.504652721668236, -68.11249622658428, -90.35464134334256, 72.77097449516879, -42.2403425087649], [200.0, 0.0, -82.36700168473546, -84.65521438847227, 4.286528318981908, -52.31248538010236, 3.0153100007162426, -8.908178007198542, 10.888309423113451, 40.01613145752434, -26.206419119627466], [200.0, 0.0, -38.82664141576122, -72.22422971278482, -50.089884104346694, 43.839066378259275, 28.324251253578137, -76.44116314471108, 20.124683722460702, 65.35070299682128, -63.47398359657716, 78.26108244079025], [200.0, 0.0, -15.16241413845445, -55.92295446544932, 19.190010720394678, -20.72428704135263, -45.41691217796231, -97.21287778710521, -21.625583581125518, 97.32567220843687], [200.0, 0.0, 38.47714973435483, -61.8348979378613, 54.710339310298714, 22.77261626290994, 9.874582902178929, 42.303704818138414, -30.831279228408846, -47.668148831987224, 29.203594485096573], [200.0, 0.0, 67.20702284599378, -33.819265760616624, 15.834542422034037, 54.59052429598448, -48.32854757889484, -79.0986895005549, 70.25148183264281], [200.0, 0.0, -50.950656066103605, -31.812132482534984, -40.33565074794141, 18.616512204627366, -24.790310440289144, -7.054884215485657], [200.0, 0.0, -97.82211602379718, -23.00997644471643, 42.50820675098377, -36.35554701454073, 14.03239646477006, -1.8334299611288518, -51.64967911878706, 94.42293702422799], [200.0, 0.0, 39.6146409937616, 28.703595714875508, 57.639362199707975, -8.04728597574007, 17.470350948958526, -59.27382437532201, 97.56740796874746], [200.0, 0.0, -21.292126301539895, -30.46431622128283, 64.85843431267082, -96.56854380256488, 17.75099191203635, 11.706242029634284, 57.006834451844604, -18.081451129212933, 59.481450857633924], [200.0, 0.0, 31.828880085645885, 26.117767992084673, 41.82497890513057, -36.36303899192088, 54.36125441301105, -58.28258872451708, -22.948719455140008, -40.82767970395593], [200.0, 0.0, 57.92539338047467, 59.68379235461221, 49.580159593192775, 64.9069971318805, 17.68072492141537, -64.32342093230305, -31.25257196768585, 98.49351605185824, -63.77016723314482], [200.0, 0.0, -52.00085894151607, 78.12453511163686, -75.76166141533594, 34.93826773845594, 0.5898699316669864, 37.2817801259312, -38.107090698308575], [200.0, 0.0, 2.5232860749162755, 30.830542869771847, 17.746403443856806, -33.97440198399955, -86.95046453056857, 83.18691447717698, 7.835011499095201], [200.0, 0.0, -83.96000269647436, 80.78801823216138, 66.66518390588764, 75.74653068156249, -18.312009326196122, 39.65876003150861, 15.261507766662508, 46.57058965898704, -40.18482456908716, -16.7857036851214], [200.0, 0.0, -92.47789013340255, 47.444400343640744, -3.1377652970150827, -23.484962183178524, -65.277660679365, -99.09733849409643, 98.41871900529809, 24.07627446102605]], "c": [4.87049941066604, 4.851989649996009, 5.15287845750151, 5.254425638755934, 5.367809876443955, 5.379038561722507, 4.698204518698573, 5.462898287165753, 4.511183268629337, 4.592180840852106, 5.310945189156249, 5.055730747192174, 5.1086047964436805, 5.264167708096456, 4.850636248489017, 5.259782468753786, 4.650310553765749, 5.443927380835153, 5.281143711588242, 4.988121335163676, 4.925843369615727, 5.168489968757501, 4.583187001678157, 5.114636082886476, 4.924649993056619, 4.790599163152075], "caves": [[1, 2, 3, 4, 5, 6, 7, 8, 9, 10, 11, 12, 13], [14, 15, 16, 17, 18, 19, 20, 21, 22, 23, 24, 25, 26]]}, "inst2": {"S": [[1, 2, 3, 4, 5, 6, 13, 12, 10], [2, 1, 4, 6, 13, 8, 11], [3, 1, 9, 5, 8, 4, 6], [4, 1, 7, 13, 10, 2, 6, 5, 3, 12, 9, 8], [5, 1, 3, 11, 4, 13, 7, 8], [6, 1, 7, 9, 4, 12, 2, 3], [7, 4, 8, 12, 11, 6, 13, 5, 10, 9], [8, 7, 11, 9, 3, 13, 4, 2, 10, 5], [9, 3, 10, 8, 6, 12, 4, 13, 7], [10, 9, 4, 12, 13, 7, 11, 8, 1], [11, 8, 5, 7, 13, 2, 10, 14], [12, 7, 13, 10, 6, 9, 1, 4], [13, 4, 12, 1, 7, 5, 2, 11, 10, 8, 9], [14, 11, 15, 20, 21, 23, 24, 18, 19, 17, 16, 26], [15, 14, 16, 17, 24, 23, 19, 26, 22, 25], [16, 15, 18, 19, 26, 21, 14, 22, 17, 25], [17, 15, 25, 18, 21, 19, 26, 14, 16, 23, 22], [18, 16, 22, 14, 17, 24, 26, 23, 19], [19, 16, 15, 25, 20, 14, 17, 23, 18, 24], [20, 14, 21, 19, 26, 22, 25], [21, 14, 23, 16, 20, 17, 24, 26], [22, 18, 23, 20, 15, 16, 17], [23, 21, 14, 15, 22, 19, 18, 25, 17], [24, 15, 25, 14, 21, 18, 19], [25, 24, 17, 19, 20, 15, 23, 16], [26, 16, 15, 20, 18, 21, 17, 14]],