{"inst1": {"S": [[1, 2, 9, 3, 6, 4, 5, 13, 12], [2, 1, 3, 4, 5, 9, 8, 7], [3, 2, 8, 13, 1, 7, 5, 4, 11], [4, 2, 10, 13, 11, 6, 1, 12, 3, 14], [5, 2, 6, 9, 11, 12, 13, 1, 10, 3, 7], [6, 5, 7, 11, 12, 1, 13, 4, 8], [7, 6, 9, 10, 8, 3, 11, 5, 12, 2], [8, 3, 11, 12, 7, 10, 2, 6], [9, 5, 12, 1, 7, 11, 2, 10], [10, 4, 7, 8, 11, 5, 13, 9], [11, 5, 6, 8, 9, 4, 7, 10, 13, 3], [12, 9, 8, 6, 5, 4, 1, 7], [13, 3, 4, 6, 5, 10, 11, 1], [14, 4, 15, 18, 16, 23, 20, 19, 25, 17], [15, 14, 16, 24, 25, 18, 20, 26], [16, 15, 17, 22, 19, 14, 25, 23, 24, 18, 21, 26], [17, 16, 20, 22, 23, 21, 14, 25], [18, 14, 19, 21, 25, 15, 24, 16, 20], [19, 18, 26, 22, 16, 25, 14, 20], [20, 17, 23, 15, 26, 14, 21, 18, 25, 19], [21, 18, 25, 16, 22, 20, 17], [22, 16, 23, 17, 19, 24, 25, 21], [23, 22, 25, 26, 17, 20, 16, 14, 24], [24, 15, 25, 22, 16, 18, 23], [25, 23, 18, 24, 15, 21, 26, 19, 16, 22, 20, 14, 17], [26, 19, 23, 25, 20, 15, 16]], "f": [[200.0, 0.0, -24.860034162609157, 82.52051044769408, 31.97681008350626, -24.52238162427125, -68.57638921176957, 80.90548059482778, 27.123840983675972, -61.709997451410324], [200.0, 0.0, -34.379540140614864, -65.2546869426179, 81.7480769383214, -58.64427584182279, -91.91947167320156, 56.92068575913789, -93.07595417553276], [200.0, 0.0, 29.737157449715767, -59.80486311811701, -99.88486408088318, -75.40639186545496, -52.20942182172623, 65.30621982829383, 72.97115597154398, -0.247097226855586], [200.0, 0.0, -95.2001429307026, -94.61729959871768, 89.86151714203, -27.743036855533386, -12.353595932573903, -80.87275981679021, -83.3921250034636, -85.27291040362717, -82.08345031046926], [200.0, 0.0, 8.378998886799671, 6.025462414192462, 74.35788456284325, 52.9397133077411, -17.690094714689963, 5.086887114610428, -3.660593879520957, -80.64581482250182, -57.164958237240505, 25.69815056970013], [200.0, 0.0, 97.70489439115069, -90.28096719472813, 63.426049998374026, -74.39889592204074, -99.28550117780557, -57.05663207124487, -65.46673819307091, -39.666555811543766], [200.0, 0.0, 70.57335870496617, 81.09924242999229, 35.760947198491436, -2.625940646894187, -28.80281422368507, -37.90914595050889, -64.92495193546894, 77.13391858637111, -61.026081467659196], [200.0, 0.0, 13.07752367253514, -16.373278459979822, -24.886730093024, 21.117007440284198, 50.2810740862583, 4.1242519888115, -82.15783600435707], [200.0, 0.0, -70.16900682611748, -23.221316963128857, 77.19224418466825, -89.66527889712756, -14.919401739201032, 52.167723337387464, -54.30187673593754], [200.0, 0.0, 84.52264769426225, 44.41976677966537, 58.88880763238229, -64.49465721082106, 91.62810968471537, -97.94097497867693, -12.265308041905953], [200.0, 0.0, -51.052681923657, -68.73870316858427, 25.562514486242915, 51.43768225200998, 55.88501897920322, 58.690311750495525, -74.34761265772094, -58.97980795668134, 63.272870872744605], [200.0, 0.0, -24.13885577440078, 85.51592760763864, 16.810535222475664, -55.48334705830218, 59.13162043384483, 69.85537970524038, 56.74285110358148], [200.0, 0.0, 62.044734732157124, -97.72648179935798, -64.22439356725809, 30.97158914445235, -46.6488929377953, -21.178383368514233, 22.97276690706118], [200.0, 0.0, -50.86491138436766, -63.07109607779313, 43.09516501344777, 63.407354718410325, -31.728957227503596, -85.69064488739137, -55.50801107565901, 6.584598388665186, -95.2220554563312], [200.0, 0.0, 36.77274875009584, 24.42258979285001, 41.439540538335386, -35.13549361209907, 10.913863002309698, 40.946776032264374, 83.01615141127444], [200.0, 0.0, 39.40732947051746, 98.804541658477, -78.690715365209, -16.3790207129197, -33.99509831776446, 92.77716364797217, 80.00885532588231, 80.60480402246827, 49.50625380426739, -64.97719451017323, -43.10347815262012], [200.0, 0.0, -52.041507333731715, 76.9009192214204, 27.953511010146805, -20.563017174468467, -58.245922750061176, -52.955658120420864, -72.71307499617927], [200.0, 0.0, -19.53374827224672, -0.200648262538361, -59.196395333635586, 53.88108889023784, -43.15432753510991, -74.10174496873796, 79.73404206335562, -26.225174809682162], [200.0, 0.0, -76.23199903936782, -18.20724356347916, -81.16161732353144, -82.52333709375408, 0.21131707937562805, -5.218869588781838, 89.56120746834384], [200.0, 0.0, -84.7377699404142, -55.11493270110024, -73.3038281824684, -87.2943062488882, -60.211279461141466, -14.899174686129424, 50.31774451711182, 22.687916435140632, -49.75775169436947], [200.0, 0.0, 37.55209758142766, -76.68442724225942, -93.07128520256911, 22.162896372252018, -92.15070594893089, 61.37629391540709], [200.0, 0.0, -58.488399633432486, -26.62716714728517, -73.85935153809329, -99.32898083514696, -5.358001887008235, 9.589409819572348, -61.13030759567002], [200.0, 0.0, 68.83146749878229, 37.084786461455145, -57.09820698929893, 33.52832256382607, -72.91880558728236, 95.29581556851552, 7.33991835921628, -55.28460052858508], [200.0, 0.0, -22.141052755995272, 70.54942162125941, 93.39606193177032, 59.08638434569906, -87.24164790806998, 46.49286174934764], [200.0, 0.0, 82.46340714821795, -64.24023117546803, -40.9589709093997, 2.011540863779948, 17.983356001223207, 49.99229131000615, -20.88786796774795, -35.05299082062763, -36.4923389887819, 94.14550676614878, -33.76480117977252, -73.70691330790035], [200.0, 0.0, -12.184965733531051, 62.482967626124776, 3.2015992819522276, 95.29854274986774, -13.004146277429518, 50.742425756753605]], "c": [5.477271108348032, 4.764162130285811, 5.007823557931652, 4.969236244754391, 4.867105138792839, 5.148411105127605, 5.006434233663454, 5.038065710711856, 4.765283110997993, 5.322547100300912, 5.201012221016959, 5.457903170726783, 5.137793293946489, 5.326766664442962, 4.7882647943911545, 4.790450592261582, 5.175472740597049, 5.135700757020735, 5.489938557635787, 4.665610736240557, 5.480549986517481, 4.687820156751425, 4.945105915389103, 5.177607234862607, 5.090950761871369, 4.70248428443079], "caves": [[1, 2, 3, 4, 5, 6, 7, 8, 9, 10, 11, 12, 13], [14, 15, 16, 17, 18, 19, 20, 21, 22, 23, 24, 25, 26]]}, "inst2": {"S": [[1, 2, 3, 4, 5, 12], [2, 1, 8, 3, 4, 9, 12, 7, 11, 6], [3, 1, 6, 7, 2, 4, 13, 11, 8], [4, 1, 5, 11, 3, 2, 13, 7, 12, 9], [5, 4, 10, 7, 11, 8, 1, 9, 13, 12], [6, 3, 12, 13, 7, 2, 8, 14], [7, 3, 8, 10, 5, 12, 6, 9, 2, 4, 11], [8, 7, 9, 5, 10, 2, 3, 6, 12], [9, 8, 13, 2, 5, 7, 11, 4], [10, 5, 7, 8, 11, 12], [11, 4, 5, 13, 10, 3, 2, 9, 12, 7], [12, 6, 7, 13, 2, 5, 10, 4, 11, 1, 8], [13, 9, 6, 12, 11, 3, 5, 4], [14, 6, 15, 16, 17, 19, 20, 25, 24, 18, 23], [15, 14, 25, 23, 26, 17, 24, 16, 22, 18], [16, 14, 18, 23, 26, 24, 19, 15, 22], [17, 14, 21, 22, 15, 25, 26, 19, 20], [18, 16, 24, 26, 22, 14, 15], [19, 14, 26, 21, 16, 25, 17], [20, 14, 26, 22, 25, 24, 23, 17], [21, 17, 23, 19, 25, 24], [22, 17, 20, 26, 18, 23, 25, 24, 16, 15], [23, 16, 21, 15, 22, 14, 25, 20], [24, 18, 16, 26, 25, 14, 15, 21, 20, 22], [25, 14, 15, 21, 17, 20, 26, 24, 22, 19, 23], [26, 20, 16, 18, 19, 15, 24, 22, 25, 17]],