{"inst1": {"S": [[1, 2, 3, 4, 8, 10], [2, 1, 10, 8, 9, 4, 7, 6, 3], [3, 1, 6, 9, 4, 7, 10, 2, 8], [4, 1, 5, 7, 10, 3, 6, 2, 11], [5, 4, 10, 6, 8], [6, 3, 5, 4, 8, 2], [7, 4, 3, 8, 2, 10], [8, 1, 2, 5, 7, 9, 6, 3], [9, 3, 2, 10, 8], [10, 4, 5, 2, 9, 3, 1, 7], [11, 4, 12, 16, 15, 13, 19, 18], [12, 11, 13, 15, 16, 19, 18, 14, 20], [13, 12, 14, 17, 16, 11, 18, 20], [14, 13, 20, 15, 12, 17, 18], [15, 12, 18, 14, 20, 11, 19, 16, 17], [16, 12, 11, 13, 19, 20, 15], [17, 13, 14, 15, 20], [18, 15, 12, 11, 13, 14], [19, 12, 11, 16, 15], [20, 14, 15, 16, 12, 13, 17]], "f": [[200.0, 0.0, -94.48981638575931, -8.26402215329094, -34.333202674973684, -70.78895292986364, 85.03430187825711], [200.0, 0.0, -47.59441752349194, -2.694771336943913, -50.508246855421056, -39.10277755268299, 84.21352196293637, 26.11728443609398, 23.616840636582403, 34.98520176477924], [200.0, 0.0, 43.98010144241298, -87.68450861737524, 4.619319767000518, -66.37658905272997, 24.719998084850992, -30.85256470452322, -70.56848918024954, 3.1505217032368416], [200.0, 0.0, 76.91367220522083, 49.12573767869035, 45.03137131510853, 24.72817176032023, 66.34601153844525, -38.519056340264115, 35.34138409243637, 50.82823408619854], [200.0, 0.0, 54.253289186133216, 0.04020703818710114, -76.88496653653789, 72.71036407590519], [200.0, 0.0, 9.521543540308276, -94.83901356784443, -46.010163895206716, 29.40027095739879, -70.17555722895014], [200.0, 0.0, -63.35895656449213, -11.698155691108148, -34.78438787176563, 86.70709725041641, -93.45311830160846], [200.0, 0.0, -11.225885269117054, -11.571126071482517, 70.90361113584589, 67.95610685485147, 15.617158000051079, 73.39366232764067, -68.28821716739961], [200.0, 0.0, -83.98921568494538, 86.79573528554172, -96.2955132749689, -88.78995955971638], [200.0, 0.0, -39.24392708644664, -23.09203706260332, -83.71982640725236, -55.553385413105325, 3.0812239553120957, -33.168815039609, -41.8428777302392], [200.0, 0.0, -67.97225729976475, -54.820360300612634, -71.35301942207745, -90.82086131822345, 10.25813896830945, 16.4349946824901, 83.43850123106039], [200.0, 0.0, 70.65377097931751, 87.03251246868457, 89.53454224572724, 35.345357968711966, -28.087663214778026, 62.06114275273453, 46.15159032657441, -98.43379855679675], [200.0, 0.0, 54.38273882876392, -17.92821547110077, -83.18582994568669, -35.88612014542236, -87.13341960276144, 12.568937477869135, -25.418576657029647], [200.0, 0.0, -53.449275908293984, -56.84260609207381, 99.93650774941176, -54.80228529020823, -61.06948102402878, -95.8306500719531], [200.0, 0.0, -16.399576119254, 8.511290861511611, -51.04988901762175, -41.615212504781, -85.93288771986016, 16.297120144821896, 4.590161745682142, 96.00780746519177], [200.0, 0.0, -85.21306861333898, 86.02435069938137, -24.129437169866797, 23.196836663007048, 51.114510928804876, -89.14453786671734], [200.0, 0.0, -2.772179058809132, -4.609018333885051, -48.85083482360337, -56.93865163382637], [200.0, 0.0, 70.39865315273191, -80.47949079909915, -46.612794057618025, 77.52369812426511, 10.071305188733447], [200.0, 0.0, -96.54758728272002, -22.045962720248234, 43.98861148157496, -55.9153046380366], [200.0, 0.0, 72.91121171717339, 14.558043081487337, 98.3134478679662, -80.08752916695636, -49.59005194087575, -65.10123857402859]], "c": [4.555637860437978, 4.525173583130273, 5.347453632076556, 5.494970257018699, 4.811860071033677, 5.32920711693171, 4.920766452686962, 5.072488755417913, 4.65274443660525, 5.3687817925956764, 5.137377692568801, 5.1957290287760935, 5.006943154300802, 5.3984588123389425, 4.71671559818472, 4.895365748070865, 4.9634962665536335, 4.686747843940452, 5.079766165161562, 4.527813091950156], "caves": [[1, 2, 3, 4, 5, 6, 7, 8, 9, 10], [11, 12, 13, 14, 15, 16, 17, 18, 19, 20]]}, "inst2": {"S": [[1, 2, 3, 8, 9, 4, 7, 6], [2, 1, 4, 5, 6, 7, 3, 9], [3, 1, 9, 10, 2, 8, 5], [4, 2, 8, 1, 9, 7, 6], [5, 2, 9, 10, 6, 3, 8], [6, 2, 10, 5, 1, 9, 4], [7, 2, 10, 1, 8, 4], [8, 4, 1, 3, 10, 5, 7], [9, 3, 1, 5, 4, 2, 6, 11], [10, 3, 7, 6, 5, 8], [11, 9, 12, 13, 19, 18, 20, 14], [12, 11, 17, 13, 20, 15, 16, 19, 14], [13, 11, 14, 12, 20, 16, 19], [14, 13, 15, 18, 17, 11, 20, 12], [15, 14, 16, 20, 12, 17, 18], [16, 15, 19, 18, 13, 12], [17, 12, 19, 14, 15], [18, 14, 11, 15, 16, 19], [19, 17, 11, 16, 20, 13, 12, 18], [20, 15, 12, 11, 13, 19, 14]], "f": [[200.0, 0.0, -16.75987838519115, 81.5257580168964, 84.06940890560584, 51.742704133200704, 75.09283155712632, -46.0231488549657, 97.86017052122675], [200.0, 0.0, 56.93833509691639, -49.52478291453251, 26.984354206271256, 65.32036162858124, -44.21124902488511, 68.33353630905046, 50.08237930760324], [200.0, 0.0, 90.69491531433191, -69.32966475241598, -65.92279784539765, 88.74931636068686, -55.34329709874029, 33.04418765436512], [200.0, 0.0, -37.86482578582402, 93.63224530566379, -41.53754659976092, -51.671587721850656, 44.3613931405517, 51.486535011144284], [200.0, 0.0, 92.90253711451115, -61.1096164970436, -5.560853893119844, 62.833164922297, 78.05785664252743, -8.726345445083595], [200.0, 0.0, -64.61897182629586, 58.38741359423065, -74.47174051538461, 79.68719377504642, -20.275155379470398, -7.354767822975927], [200.0, 0.0, 86.2244443834086, 28.29727602441947, -4.630701814160232, -63.74298695702196, -91.777089341075], [200.0, 0.0, 86.86124329374927, 2.9136348654501543, 86.9109868905096, 24.436307351224684, 25.48422705092279, 51.93105084246079], [200.0, 0.0, 15.056022542463854, -28.666609974854506, -18.931684309269038, -14.481139430687806, 89.15449580595052, -6.142995218048952, 5.150557543586931], [200.0, 0.0, 12.915103366690595, -54.73232696720576, -63.238889363774284, -10.244719433793747, 94.30685120074958], [200.0, 0.0, -55.173049148056165, 58.391610493248905, -40.43825665284484, -33.79037540480565, -0.1472158509137511, 2.405334631035627, -29.195928839122608], [200.0, 0.0, -72.5249551092501, 70.92550107434967, -60.31478121206582, -45.97310854402865, -12.958744826570289, -20.41598454188862, -43.27546144438619, -54.1386008878201], [200.0, 0.0, -11.991929473862362, -45.792447328604055, 40.07508259721164, -64.57656977212818, 38.65554361195842, 98.54178094728421], [200.0, 0.0, -60.72298928120554, -32.742344406247746, -56.974821003350584, 65.51708108148475, -66.82401763576267, -68.78802140927942, -62.22233031693667], [200.0, 0.0, 34.82086165843701, 44.079803599896074, 76.2951048907044, -98.58687035602902, -9.136473944621294, 74.48048240298579], [200.0, 0.0, -60.48319094797883, -96.2484271126776, -69.92587715260667, 26.976655280884355, 68.83354182313077], [200.0, 0.0, 15.312212859161356, 37.78087812290502, -74.04514147947351, 28.32701181106314], [200.0, 0.0, -70.93452306933597, -88.65529188768551, -24.410816381260723, 18.006499528918376, 12.412672229853406], [200.0, 0.0, 33.33717495863122, -6.015385258889805, -19.928651142794607, 66.66368375960236, -41.974548580789396, -73.35745378239493, 91.40894367814863], [200.0, 0.0, -59.53818740213226, 95.2992758892282, 53.1908641625775, -81.8447072446403, -60.34247441977478, -61.43691163782697]], "c": [4.641461104673801, 5.201405314363053, 5.045158211834755, 5.407524270673923, 4.725940870833449, 4.999811051137715, 4.999423069627046, 5.486070274976946, 4.795773598191035, 4.696622675932093, 4.660845205956081, 5.240731298257088, 5.178890749861932, 4.6012773929588215, 5.4474503179524465, 4.662615072510654, 5.407387977950174, 4.694603837050847, 5.071999944115662, 5.371542112925124], "caves": [[1, 2, 3, 4, 5, 6, 7, 8, 9, 10], [11, 12, 13, 14, 15, 16, 17, 18, 19, 20]]}, "jmap": {"1": 10, "2": 9, "3": 8, "4": 7, "5": 6, "6": 5, "7": 4, "8": 3, "9": 2, "10": 1, "11": 20, "12": 19, "13": 18, "14": 17, "15": 16, "16": 15, "17": 14, "18": 13, "19": 12, "20": 11}}