{"inst1": {"S": [[1, 2, 3, 5, 6, 9, 7, 12, 10], [2, 1, 4, 7, 5, 10, 3, 8], [3, 1, 7, 13, 12, 6, 10, 11, 5, 2, 9, 8], [4, 2, 8, 12, 7, 9, 6, 13], [5, 1, 8, 12, 2, 9, 3, 13, 11], [6, 1, 10, 12, 3, 8, 4, 9], [7, 3, 9, 2, 1, 12, 10, 4, 13], [8, 5, 12, 11, 9, 4, 6, 3, 2], [9, 1, 11, 7, 8, 5, 3, 4, 10, 6], [10, 6, 12, 2, 7, 3, 11, 13, 9, 1, 14], [11, 9, 8, 10, 3, 5], [12, 5, 13, 8, 3, 6, 10, 4, 7, 1], [13, 12, 3, 10, 5, 7, 4], [14, 10, 15, 17, 19, 22, 24, 25, 23, 20, 21, 16], [15, 14, 16, 18, 19, 26, 21, 22, 17], [16, 15, 23, 22, 18, 21, 17, 14, 19, 24], [17, 14, 21, 26, 20, 23, 19, 25, 16, 15, 24], [18, 15, 20, 24, 19, 25, 16, 23], [19, 14, 25, 18, 24, 17, 20, 22, 15, 16], [20, 18, 17, 24, 19, 23, 14], [21, 17, 16, 23, 15, 14], [22, 14, 16, 24, 19, 26, 23, 25, 15], [23, 16, 17, 24, 20, 14, 22, 21, 18], [24, 18, 19, 22, 20, 14, 23, 26, 25, 17, 16], [25, 19, 26, 18, 14, 22, 17, 24], [26, 17, 25, 22, 24, 15]], "f": [[200.0, 0.0, -34.48263768709794, 12.106638392854197, 17.6745072088385, 59.64371899144694, -42.87023166670214, -82.0240792189804, -55.49458601249098, 92.46947176743627], [200.0, 0.0, 75.25233244501885, 66.82542603013326, -17.04895839207068, -90.17669116708282, -52.148477033826964, -11.810164751718212, -23.254727583388267], [200.0, 0.0, -48.405644150358775, 77.3441728357632, 91.32550071775054, 5.06159619212061, -39.80679939235981, 71.12850936738779, -62.976613133196004, -32.0429692478106, 75.67632338215083, -52.797221568213914, -72.63658495827], [200.0, 0.0, -24.96745932062854, -35.901387884813516, 64.47980612646447, -46.15466503307057, 77.97279794270455, 81.76116072322337, 29.679540857997864], [200.0, 0.0, -73.0583102183225, 48.99400771403679, -56.6626870523945, -71.78807526929494, -39.10542082436776, 68.05998668366658, -19.55226586617551, 30.44746576279731], [200.0, 0.0, 98.27474356430919, 93.1245592999718, -3.633350749107822, 29.62572283718188, 86.34836303841465, 46.89872455587949, -2.4006696722218557], [200.0, 0.0, -41.64047185110664, -64.44906384056249, -82.11385818746986, -58.64578051804419, -93.6507332844952, -81.67229526427792, 2.6414166628742963, -7.341577172359304], [200.0, 0.0, 77.02945596752076, -2.541976833470372, 77.32681623311204, 3.096742851908596, 93.76756362532308, 13.892675456624248, -93.66747901529374, 63.262351843012524], [200.0, 0.0, 47.26412402549083, 11.422894052893406, -81.83224373298445, 0.814604649092332, -52.40312384345089, -20.174564953573526, -81.54018805111498, 47.94389681394979, 75.60341479149983], [200.0, 0.0, 82.92943364248507, 54.51070301365406, 88.5962758172298, -39.81693318198811, 39.52340925643794, -22.141049460542984, 15.42887092621239, -16.676678286888592, -50.14600340389468, 73.87724670688208], [200.0, 0.0, 49.87972035282993, -94.92146975715896, -36.93290864517043, 9.449498910308328, 30.210151605692893], [200.0, 0.0, 9.30115726748706, 58.830591427216696, 38.865100793739174, -1.4664691479193026, 24.426693994587765, -65.58965368435639, 81.48676520717389, 41.88608385797154, 54.48577336086937], [200.0, 0.0, -17.120645327072516, 62.57559179502841, -90.3761544090688, -80.11654239145913, 34.91866245300861, -6.800710606265614], [200.0, 0.0, 22.49368376292933, -23.486274154571852, -72.0785974248383, -66.8422163719977, 16.535165315281432, 80.47615168980167, 9.181764716560647, -23.821828543615055, -90.44791390080478, -97.1677965858478, -77.51327921215601], [200.0, 0.0, -72.19694700861908, 37.68844071588793, -78.49067458574477, 2.9758622484707953, 44.06246753567149, -94.03476819129449, -42.15657372845709, -29.986638190406634], [200.0, 0.0, 53.011170711253854, 88.54067899790053, -31.677235043477836, 14.489473860111435, 75.06429045996713, 8.59569080210536, 77.68223952191993, 15.63766973624574, 8.633678828812785], [200.0, 0.0, -25.749350361210755, -51.829475384056536, -41.232404806817804, -44.935495335077036, 72.85281029102234, -10.622205164392252, 91.35808856527035, 96.6746734952749, 39.411703990179724, -98.07702175820683], [200.0, 0.0, -71.36768685682, -77.0834729771697, -8.55205795788374, -32.28702691338305, 47.76678219200112, -80.33158533288037, 57.27208577604459], [200.0, 0.0, -29.21264600993705, 75.81396441131606, 27.45854596318875, -87.97970591175037, -80.76098783087997, 43.222606513351145, 54.153577160767384, -58.04749953062655, 48.89108707434821], [200.0, 0.0, 92.22165536493915, 25.010925700017083, -31.449042487035506, 52.56445181060067, -51.602561661926714, 30.782102043046233], [200.0, 0.0, 6.2691678088377945, 46.91355985391459, 16.235180640873903, 84.17497287031159, 60.25971223386026], [200.0, 0.0, 3.222938113021012, -10.349906938052955, -63.53512569392705, -79.483247220558, 25.960503248911838, -94.53939895008526, 74.84138039949761, 24.38891211286276], [200.0, 0.0, -45.9677198741045, -67.49437831163188, -50.75375513178737, 32.67708227558137, 79.73040960468869, -53.89522547147958, -35.67258073824788, -87.6846396391622], [200.0, 0.0, -69.02180728769545, -16.518742492706195, 88.49863941334468, 11.22600357965544, 24.759053896119898, -28.16672099941737, 4.138959401830911, 14.252164410625202, -22.05287355187684, 84.9532733877743], [200.0, 0.0, -47.856628221689014, 53.42562288171593, -17.711125306921428, 86.67794890848492, -67.11652789731876, -85.42647122751677, 38.643942702013035], [200.0, 0.0, -85.33829781431467, 11.84333668540718, -18.9138426202619, 44.692163194168266, 92.97777395894163]], "c": [5.411215242813185, 4.926520429039674, 5.050453631406023, 5.4513129554540765, 4.84500562497027, 5.461283393592152, 4.710496766353598, 4.649955823472218, 5.331041741791136, 5.175903491841708, 5.452895785472297, 4.903773055236591, 4.652738328000611, 5.275406396170672, 5.28208874155312, 4.729349626680988, 5.255269090339017, 4.829021113832448, 4.760984631365563, 5.308654970842542, 4.590633773965499, 5.3889524496835435, 5.3532978452067805, 5.474771072230184, 5.4549331739540925, 5.017539528996425], "caves": [[1, 2, 3, 4, 5, 6, 7, 8, 9, 10, 11, 12, 13], [14, 15, 16, 17, 18, 19, 20, 21, 22, 23, 24, 25, 26]]}, "inst2": {"S": [[1, 2, 7, 10, 12, 8, 6, 11, 9, 4], [2, 1, 3, 4, 6, 12, 11, 5, 10, 7, 9], [3, 2, 5, 9, 13, 6, 4], [4, 2, 8, 3, 7, 1, 5, 9], [5, 3, 2, 11, 12, 6, 13, 8, 4], [6, 2, 11, 3, 5, 9, 10, 1, 12, 14], [7, 1, 8, 9, 2, 11, 4, 12], [8, 4, 10, 7, 9, 1, 11, 5], [9, 3, 13, 12, 8, 7, 6, 2, 1, 4], [10, 1, 11, 8, 13, 2, 6, 12], [11, 10, 2, 6, 5, 13, 7, 8, 1, 12], [12, 1, 2, 13, 9, 5, 6, 11, 10, 7], [13, 9, 12, 3, 10, 11, 5], [14, 6, 15, 18, 19, 24, 21, 25, 16, 22, 26], [15, 14, 16, 18, 26], [16, 15, 17, 20, 26, 25, 18, 23, 24, 22, 14, 19], [17, 16, 23, 19, 22, 20, 21, 26, 25, 18], [18, 14, 22, 25, 15, 16, 24, 20, 19, 17], [19, 14, 17, 21, 22, 26, 24, 18, 16], [20, 16, 21, 25, 26, 17, 24, 18], [21, 20, 24, 14, 17, 19, 26], [22, 18, 26, 17, 19, 16, 25, 23, 14], [23, 17, 16, 26, 22, 24], [24, 14, 21, 26, 16, 18, 19, 25, 20, 23], [25, 20, 18, 14, 16, 17, 22, 24], [26, 22, 24, 20, 16, 17, 19, 23, 21, 15, 14]],