{"inst1": {"S": [[1, 2, 6, 3, 8], [2, 1, 3, 4, 5, 7, 8], [3, 2, 1, 7, 8, 5], [4, 2, 5, 6, 7, 8], [5, 2, 7, 8, 4, 3], [6, 1, 4, 7], [7, 5, 3, 6, 2, 4], [8, 5, 3, 1, 2, 4, 9], [9, 8, 10, 11, 13, 12, 15], [10, 9, 12, 15, 16, 11, 13, 14], [11, 9, 10, 13, 16, 15], [12, 10, 14, 13, 9, 15, 16], [13, 9, 11, 12, 15, 10], [14, 12, 10], [15, 10, 9, 13, 11, 12], [16, 10, 11, 12]], "f": [[200.0, 0.0, 36.92571269139544, -43.95232459653633, 77.68676024949079, 12.926135809213669], [200.0, 0.0, 17.00156622324489, -86.59330471478457, 85.83430645156929, 77.3320698543288, -11.692392284380325, -20.20991103022862], [200.0, 0.0, -15.610130079351237, -63.390022192168715, 54.351748625639985, -77.93925702936357, 82.98970065438237], [200.0, 0.0, -85.38700083470839, 10.012369570968339, -66.10114419853761, -5.72182426280472, -63.33849980275428], [200.0, 0.0, 63.63688783216044, -64.94806170820249, -25.13807482533956, 85.79393186580036, 93.51825739618285], [200.0, 0.0, 4.293411664942637, -96.2295642307065, -37.33114353662192], [200.0, 0.0, -88.42333404365749, 11.067575680046836, -8.935316763682554, -63.99988259500453, -15.795091743476796], [200.0, 0.0, 21.840356955558704, 40.247798123529385, 9.547131882621152, 36.3892528960259, 34.589182925842806, -53.36797597567846], [200.0, 0.0, 69.21678972031353, -77.81216930137258, 33.928758465955354, 80.61877144935909, -46.14848323525291, 56.14853300878164], [200.0, 0.0, -74.32692451124568, 14.525292277943125, -65.03539813717889, 95.83936234147698, -27.251312503797354, 96.97442112110846, 23.403518647686106], [200.0, 0.0, 21.164081391566093, 36.09954862753075, -63.84016134929767, -84.26525436817475, -11.239852562461895], [200.0, 0.0, -12.296409953859788, 79.20086906923596, -63.756419847172154, -1.2617184636831924, 79.12407713167113, 48.21256092732096], [200.0, 0.0, -4.900289662535773, 42.79001863066381, -73.94571299672134, 91.29908683907782, 22.42348562831784], [200.0, 0.0, 78.11576469153985, -38.12528869853933], [200.0, 0.0, -10.168862864995631, 57.648201685236145, -78.40800046717315, -6.82038305081567, 52.706470299907934], [200.0, 0.0, -51.45638408840239, -77.43206625636698, 39.34413239029164]], "c": [5.106115821822617, 5.449201786990339, 5.116843771661865, 4.864416598374412, 4.790109124482203, 5.276501195500446, 4.512074906394503, 4.762679651310695, 5.260601811520618, 5.22090637225211, 4.773285871108204, 4.878063460995247, 5.118653931136005, 4.6339859202068805, 5.159667636319849, 4.878495008637122], "caves": [[1, 2, 3, 4, 5, 6, 7, 8], [9, 10, 11, 12, 13, 14, 15, 16]]}, "inst2": {"S": [[1, 2, 3, 5, 7, 4, 6, 8], [2, 1, 8, 7, 5], [3, 1, 4, 6, 7, 8, 9], [4, 3, 1, 5], [5, 1, 7, 4, 2], [6, 3, 8, 7, 1], [7, 1, 6, 5, 2, 3, 8], [8, 2, 6, 1, 3, 7], [9, 3, 10, 11, 12, 15], [10, 9, 14, 16], [11, 9, 13, 16, 12, 15], [12, 9, 13, 14, 16, 11], [13, 11, 15, 14, 12, 16], [14, 10, 13, 15, 12, 16], [15, 9, 16, 13, 14, 11], [16, 15, 11, 10, 13, 12, 14]], "f": [[200.0, 0.0, 21.586809644066918, 10.836947302567612, 20.899550260023968, 1.5584526298055845, 19.048235342575516, -41.271012801864984, -79.98555226330264], [200.0, 0.0, -42.45211583403745, -64.71711516394518, 83.1313776990468, -52.622402020794844], [200.0, 0.0, 75.5203389313827, -41.96446881246445, -72.22546426381669, -51.88546691075582, -20.831528915084284, -93.64478844777263], [200.0, 0.0, 41.246753873819756, -54.65076968217255, -73.06286429752183], [200.0, 0.0, 83.68617283443555, 1.6539198080189, -26.984903837391073, 87.32889384498496], [200.0, 0.0, 11.444060284289325, 5.391508488222829, 76.19438911183114, -10.11057120263159], [200.0, 0.0, 50.169838473167715, -1.4154321412023219, 69.81658623845316, 3.720447179297759, -22.23341225613964, 16.69799482155483], [200.0, 0.0, -25.929344225219086, -6.159526210582356, 84.39146081035145, 47.49366921153842, -61.92220914525579], [200.0, 0.0, 0.48413001746154816, 7.5481725444959125, 67.16140228486509, 22.39673870852592, 30.4702668404516], [200.0, 0.0, -7.018945456092096, -65.58791368112415, 21.159846110799307], [200.0, 0.0, -16.90237310674576, -19.96010941142592, 34.409272696982065, -48.01302412685131, 33.626276191067525], [200.0, 0.0, -97.36462431495636, 65.03858415333985, -48.7371759743489, -79.91094311986944, 41.85233456201944], [200.0, 0.0, -31.627457751785528, 29.389557769137674, 7.992196296801879, 1.895212232241339, 18.599646605929966], [200.0, 0.0, 93.08663370346997, -88.75141060827036, 7.590452990127683, -25.129615274240315, -19.7836822515854], [200.0, 0.0, -69.95386491479553, -21.89898663526504, 71.62424064069037, -79.91192146593502, 35.61453311569607], [200.0, 0.0, 30.82577454458466, 65.17150576217654, 65.1519454917771, -55.29088221039393, -77.69142084126526, -61.2419189270905]], "c": [5.214148923785395, 4.667970067150699, 5.441178165570957, 4.81960130572639, 5.058253874300682, 5.377320492013313, 5.492839739306167, 5.065997988710243, 5.053127643172777, 4.603304233955092, 5.481792289238522, 5.199701460698436, 5.341237873575981, 4.842932673128104, 4.522843592416076, 5.461194449315716], "caves": [[1, 2, 3, 4, 5, 6, 7, 8], [9, 10, 11, 12, 13, 14, 15, 16]]}, "jmap": {"1": 6, "2": 1, "3": 4, "4": 5, "5": 8, "6": 3, "7": 7, "8": 2, "9": 14, "10": 12, "11": 10, "12": 9, "13": 16, "14": 13, "15": 15, "16": 11}}