{"inst1": {"S": [[1, 2, 5, 9, 8, 6, 3, 10, 7, 11], [2, 1, 3, 7, 5, 9, 6, 8], [3, 2, 4, 10, 1, 5, 9], [4, 3, 9, 5, 10], [5, 1, 6, 8, 2, 4, 10, 3, 7], [6, 5, 9, 10, 1, 2], [7, 2, 9, 8, 5, 10, 1], [8, 5, 1, 7, 2], [9, 6, 1, 2, 7, 4, 3], [10, 3, 6, 1, 5, 4, 7], [11, 1, 12, 14, 13, 19, 15, 18, 17], [12, 11, 13, 18, 20, 16, 19], [13, 12, 17, 11, 20, 18, 15], [14, 11, 15, 16, 18], [15, 14, 16, 20, 13, 19, 18, 11, 17], [16, 15, 17, 14, 12, 19], [17, 13, 19, 16, 15, 11, 20], [18, 12, 13, 15, 11, 14, 19], [19, 17, 15, 11, 16, 12, 20, 18], [20, 12, 15, 13, 19, 17]], "f": [[200.0, 0.0, 43.57758660499489, -48.293313846414996, -52.36651187588477, 11.917539452998692, -73.03419386533375, -9.950166639684621, 12.50429451211279, 70.45180575564305, 14.140853581773305], [200.0, 0.0, -92.10789669014386, -74.39121531248787, -5.411072622813551, -32.28057298854663, 74.48013505586498, -42.96555456769018, 2.6757699565493454], [200.0, 0.0, -18.761168726403476, 46.87357347603198, 4.1233138445691875, 30.49145533331623, 80.86857972426553, -30.21023259286746], [200.0, 0.0, -61.63182296525957, -8.087624546335338, 75.7076087692183, -81.53453895026111], [200.0, 0.0, 6.663251648828772, -61.603588702541366, 70.18666362868811, 95.66596257766962, 87.09238616026147, 62.28316207597868, 17.927827345628057, 3.642799134522945], [200.0, 0.0, -82.50418170925494, -78.14491380195199, 26.250185061113317, 75.18260617943027, -80.94171094585955], [200.0, 0.0, 93.40558697410802, 83.98881771962886, -64.82404359972153, 26.41357150650807, -55.782247156872856, 44.06256149838801], [200.0, 0.0, -43.673540855813364, -70.62949177333515, -33.92335187129603, -47.33313427330113], [200.0, 0.0, 93.04595781970073, -3.8620741987933416, 2.8750943808933727, -84.68477911832028, -78.69681585712611, 84.57666933558554], [200.0, 0.0, 60.18642215468013, 93.51454143772835, -82.18982068607434, -25.80323673721976, -48.93377816926916, 28.946413381873846], [200.0, 0.0, -18.35188220249684, 81.1298826489322, 27.40800838476254, 28.70114197140503, 40.93874953736447, -26.5018170212594, 60.47147650596354, 16.346190715017038], [200.0, 0.0, 5.426650257394039, -86.35538777367367, 23.66212339743896, 74.3908794797301, 73.47155550759277, -39.276669899986196], [200.0, 0.0, 23.13686412845137, -65.44744663853174, -12.652612170647615, -57.15379026986835, 90.37450378324795, -75.9120609506799], [200.0, 0.0, -79.04305262353324, 46.62283007465058, -96.7034148172199, 6.086628089359425], [200.0, 0.0, -56.10003205003047, 71.06785081630396, -32.606845710177026, 40.264307625897075, -41.6689971853359, 7.289017204156667, 77.09507834690112, 61.11161269180212], [200.0, 0.0, -45.96307969620936, -38.38184436137053, 9.473794541139124, 81.92480359768797, 6.800216024702377], [200.0, 0.0, -45.561766545609174, 37.87390515472815, 88.4042615084059, -8.352554653434163, 18.831491996505356, 9.943375278479438], [200.0, 0.0, -77.70691988450777, 46.49771149005198, -4.292082040608158, 34.73888182422067, -33.18564824452559, 30.009935481913573], [200.0, 0.0, 74.53692378784973, 32.89283828948682, 80.56949536194224, 34.56472354552933, 3.8903568243328746, 83.56671981919983, 44.98426630397403], [200.0, 0.0, 12.515572797892439, -38.859884608758136, -18.701357647482663, 82.53337611694185, -59.81894853418854]], "c": [5.384309269564533, 4.944566214957778, 5.4916074409305855, 4.647152565841168, 4.945029238909119, 4.613616855483387, 5.332836848485899, 4.5804831539643045, 5.03091669256647, 4.802986397154265, 5.2285176803133435, 5.309087822223159, 4.762758942947182, 5.221900762557915, 4.505059881454151, 4.51755478572379, 4.630911129554973, 4.680287346228441, 4.639910441735115, 4.720334647237146], "caves": [[1, 2, 3, 4, 5, 6, 7, 8, 9, 10], [11, 12, 13, 14, 15, 16, 17, 18, 19, 20]]}, "inst2": {"S": [[1, 2, 4, 9, 5], [2, 1, 3, 6, 8, 4, 9, 5, 11], [3, 2, 7, 10, 5, 9], [4, 1, 5, 2, 10, 8, 7, 6, 9], [5, 4, 6, 1, 3, 10, 2], [6, 2, 7, 5, 10, 9, 4], [7, 6, 8, 3, 9, 4], [8, 2, 7, 9, 4, 10], [9, 1, 10, 8, 2, 7, 6, 3, 4], [10, 9, 4, 6, 3, 5, 8], [11, 2, 12, 14, 19, 16, 20, 13, 17, 15], [12, 11, 13, 15, 17, 16], [13, 12, 15, 11, 20, 17], [14, 11, 16, 17, 19, 18], [15, 12, 16, 17, 20, 13, 19, 11, 18], [16, 15, 18, 11, 14, 12, 17, 20], [17, 12, 15, 18, 14, 11, 16, 13], [18, 16, 20, 17, 15, 14], [19, 11, 20, 14, 15], [20, 18, 19, 15, 11, 13, 16]], "f": [[200.0, 0.0, -9.317425004725056, -0.030250799819753205, 52.407714652269036, -44.61416310889048], [200.0, 0.0, 50.6801491247417, -9.462727108025092, -27.378119541019696, -32.67822803350098, -58.96501622390542, -35.23523325274485, -20.629960743495236, -11.720601278907461], [200.0, 0.0, -69.1030652970095, 80.70047912113856, -73.68240620682175, -42.182743331886606, -95.10411224117901], [200.0, 0.0, 8.29285983248209, -48.97352295883026, -68.77918652271214, -87.68630636709997, -60.163984096089074, -0.8748645958898793, -98.38795957150579, -70.09165495305251], [200.0, 0.0, -85.93644510341343, 50.32236246046118, -41.00232833572044, -97.08108304506362, 95.25661949834725, -64.3007241914187], [200.0, 0.0, -46.28692478104608, -15.252860480136054, -32.98592002887584, -17.91900564665301, -7.166317231211483, 45.87246292139546], [200.0, 0.0, -40.770394332105944, -89.27532164499803, -46.96393708257873, -76.34813721943368, 52.47049524104514], [200.0, 0.0, -45.25324335082246, 78.4069455460673, 34.59611127173079, 37.6369765071652, -67.92047107266848], [200.0, 0.0, -26.445443763491518, -83.53615163434837, 81.42246041809884, -14.245533473663485, 18.64210871575054, 97.8649759371537, -86.9765640251727, 39.9077755402049], [200.0, 0.0, -60.256905644629974, 93.59547738810096, 7.784664915503248, -15.613224971165952, -70.81559813089193, -98.5397525477203], [200.0, 0.0, -41.60478510876848, -81.79538807219319, -47.655340530256865, 56.97856496415707, 1.4370568943364415, 43.14419789627344, 33.33435680950316, 53.86219165270318, 11.419319191641542], [200.0, 0.0, -98.03204693294896, -14.197336614795608, 31.50489841356803, -14.781832465432366, 22.00844281066736], [200.0, 0.0, 71.29373047180209, -22.354426313735942, 77.49096414809975, -18.16704838773291, 28.773595482873016], [200.0, 0.0, -51.01471836107212, 77.18984513161102, 61.417480779805445, 13.17029627604176, 20.178606711801184], [200.0, 0.0, 93.29254629948542, 56.16566284045146, 28.484110347385073, 82.79719385424467, 86.20214782870607, -9.067302486942651, -48.26291052841272, 51.11167777529219], [200.0, 0.0, 41.36443132139773, 39.305649788870745, 76.40150626487254, -27.975091355089376, 46.266401888578116, -76.40468844268311, -25.209817866510885], [200.0, 0.0, 14.227029765060738, -8.514772570293449, 57.0789369377855, 60.25377857937313, -29.62849999940158, -17.379480959635842, 11.882539658922454], [200.0, 0.0, 32.71029670558323, -17.873644980521554, -29.79964121460974, 0.4125418199754982, -57.39857156401038], [200.0, 0.0, 80.94431730152012, -39.18782519788577, -48.99346152622239, 55.511495331990666], [200.0, 0.0, 16.63964557643125, 95.86027658580075, -71.86154748255618, -44.57891697552221, 38.52371637682066, 57.17087862252321]], "c": [4.735864112619829, 5.1972163220781935, 5.251322394436004, 4.961577879870678, 5.067346589251543, 4.625822918766789, 4.570733139206526, 5.323166962821409, 4.557278610908853, 5.253841138223617, 4.883715654316576, 4.547796967756078, 5.213682444400764, 4.844194383209731, 4.514507892443615, 5.055626179900795, 4.662187668813904, 5.2650286745927, 4.588410311809189, 4.541492483514691], "caves": [[1, 2, 3, 4, 5, 6, 7, 8, 9, 10], [11, 12, 13, 14, 15, 16, 17, 18, 19, 20]]}, "jmap": {"1": 7, "2": 1, "3": 8, "4": 3, "5": 10, "6": 4, "7": 9, "8": 6, "9": 2, "10": 5, "11": 16, "12": 13, "13": 19, "14": 18, "15": 12, "16": 11, "17": 17, "18": 15, "19": 20, "20": 14}}