{"inst1": {"S": [[1, 2, 4, 3, 7, 8, 6, 9], [2, 1, 3, 6, 8, 5], [3, 2, 5, 7, 8, 1, 4], [4, 1, 6, 3, 8], [5, 3, 7, 2], [6, 4, 8, 2, 1], [7, 3, 5, 8, 1], [8, 3, 6, 2, 7, 1, 4], [9, 1, 10, 16, 12, 13, 14, 15], [10, 9, 11, 12, 13, 14, 16], [11, 10, 13, 12, 15], [12, 10, 14, 9, 15, 11], [13, 11, 15, 10, 14, 9], [14, 12, 16, 13, 10, 9], [15, 13, 12, 11, 9], [16, 14, 9, 10]], "f": [[200.0, 0.0, 41.59515532993143, -4.68523013422899, -78.94982698187725, -58.147416932036776, -62.61200257852817, -36.85413325263105, -38.123648780602196], [200.0, 0.0, 15.01050687207317, -11.716789189399112, -3.816228150483214, -76.68143676331185, -5.155965670771057], [200.0, 0.0, 9.725230464372503, 49.69033577258462, 47.73720245624642, 43.90430277981623, -67.34106522067198, -13.235848009882112], [200.0, 0.0, -27.871745328838514, -18.584292475838726, -47.567263191098455, -43.88976415126622], [200.0, 0.0, 16.773485444722258, 4.558286945854517, -42.66995173041144], [200.0, 0.0, -15.293384738697146, 42.4782823785043, -75.28548607123473, -34.259844811188486], [200.0, 0.0, -88.15402405673554, 77.94913102505319, 36.489964196493084, 5.185846385096671], [200.0, 0.0, 81.78352651601983, 69.96416941865667, -4.392820545746368, 66.07403473061642, -36.974249092227375, 6.607768411979764], [200.0, 0.0, -42.004414207077076, -33.63936849337972, -11.498291606078737, -3.17253615002977, 76.5963551129617, -76.63247677115652, -90.22910009158558], [200.0, 0.0, -59.026549677204756, 12.014677596913593, 72.54027999312682, 0.8037002974220719, -5.078524812597185, 81.50621081568391], [200.0, 0.0, -81.40095852884394, -30.471847540024854, -68.3725300872948, 16.777275903893084], [200.0, 0.0, 50.93651902649263, 63.97717350252607, -17.315503746088055, 83.21538658499634, -37.61463467245603], [200.0, 0.0, -52.460183385212346, -92.2193759137042, -33.35559545030786, -17.248005810193547, -6.845545770448713], [200.0, 0.0, 73.87149163910284, -23.93433930743989, -21.51980770014619, 15.092161645444246, 62.1425317867643], [200.0, 0.0, -64.20936925796255, -20.695599124023147, 66.70875556661838, 98.8001680791462], [200.0, 0.0, 49.25857311051563, -0.28763543658287816, -38.82235180869573]], "c": [4.566730308158615, 4.869003375797066, 4.952598304016549, 4.981490572877857, 5.490799283765527, 4.840987888279457, 5.0084963937464115, 5.278945499725593, 4.789449352075364, 5.24583384725004, 5.2175535024278705, 5.274550930348737, 5.1399157612111095, 5.362492466305601, 4.771380874904162, 5.380389768120604], "caves": [[1, 2, 3, 4, 5, 6, 7, 8], [9, 10, 11, 12, 13, 14, 15, 16]]}, "inst2": {"S": [[1, 2, 4, 5, 8, 6, 9], [2, 1, 3, 8, 5], [3, 2, 5, 7, 8], [4, 1, 7, 6, 5], [5, 1, 6, 3, 2, 7, 4, 8], [6, 5, 8, 4, 7, 1], [7, 4, 3, 5, 6], [8, 6, 2, 3, 1, 5], [9, 1, 10, 11, 13, 16, 15], [10, 9, 14, 16, 13, 15], [11, 9, 12, 14, 16, 13], [12, 11, 14, 16, 15], [13, 9, 15, 10, 11, 14, 16], [14, 10, 11, 12, 13], [15, 13, 12, 10, 9], [16, 10, 12, 11, 9, 13]], "f": [[200.0, 0.0, -72.59973680867913, -91.6894291380952, 19.033011296267045, 73.27725377486236, -97.20237659074576, -46.114203345142315], [200.0, 0.0, 30.548234895359027, 17.85549027547264, 42.9331161031236, -65.95094540921957], [200.0, 0.0, -18.322276928094894, -88.23841735574922, -89.28456847127191, -16.071648618101197], [200.0, 0.0, -31.800380318666697, 7.8512696809937665, -1.4104951195855753, -41.58722953505094], [200.0, 0.0, -30.005816335222413, -63.69730036425017, -72.23756887710113, 73.19945512976219, 63.48173444235474, -34.78332287408605, 81.89989302172465], [200.0, 0.0, -24.09756667175913, -24.454735104352253, 81.44717416494547, -49.91062674742723, 59.34732961383047], [200.0, 0.0, 48.14138443074623, -76.3695681831293, -73.45806964255088, 67.82762894940049], [200.0, 0.0, 99.3030141180684, -57.881220971815225, -5.162286930109117, -79.07016857911992, -20.418328484198533], [200.0, 0.0, -62.86864669953782, 36.33619290340844, 25.6093855967501, -90.66070436095734, -73.76908646016224, -3.2726992228515384], [200.0, 0.0, -5.022336008258077, 94.59922408733175, 22.053040385374057, 34.84014794045807, 70.14715966716314], [200.0, 0.0, -10.975024890596075, 92.07160059792497, -12.243388259203659, -32.45097028313759, 30.673462197725996], [200.0, 0.0, 11.394303323291034, -59.96043510521898, 43.65491950080278, 75.17524169952212], [200.0, 0.0, -53.38144357788857, -98.20806007896113, 53.91326892223891, -97.03131619630716, 44.65901910669543, -1.8098140486319192], [200.0, 0.0, -86.21058056047895, 73.91007339057367, 25.275719458816283, 89.95587848483098], [200.0, 0.0, 15.66478618051239, -15.127782499419595, 97.67999158790961, -91.42927362058728], [200.0, 0.0, 17.570978656469972, 66.49976795616827, -22.661105405212666, 72.57940828165668, 23.99239875373105]], "c": [4.924824315717443, 4.568379496410291, 4.715668495246264, 4.92600113050799, 4.957783206965681, 5.251208755886234, 5.101035761636542, 5.145230731559508, 5.450045697928804, 5.153018014884155, 5.058125139138123, 5.342038027757656, 5.36924609718541, 5.343745307701182, 5.30901606658275, 4.831428305411987], "caves": [[1, 2, 3, 4, 5, 6, 7, 8], [9, 10, 11, 12, 13, 14, 15, 16]]}, "jmap": {"1": 7, "2": 8, "3": 6, "4": 3, "5": 2, "6": 1, "7": 5, "8": 4, "9": 16, "10": 12, "11": 11, "12": 15, "13": 14, "14": 10, "15": 13, "16": 9}}