{"inst1": {"S": [[1, 2, 3, 6], [2, 1, 3, 4], [3, 2, 1, 4, 5], [4, 2, 5, 3], [5, 4, 3], [6, 1, 7, 8], [7, 6, 8, 9, 10], [8, 7, 6, 9, 10], [9, 7, 8], [10, 7, 8]], "f": [[200.0, 0.0, 77.94118898690702, 23.126856846784992, 4.753881431416884], [200.0, 0.0, 74.76160615263272, -55.50974538609188, 65.10150244509691], [200.0, 0.0, 15.677634938218254, -62.77581644273518, 79.07401061789253, 73.0518006435705], [200.0, 0.0, -62.67728341301317, 32.55509169563102, 25.372790589734183], [200.0, 0.0, -40.767776117117414, 78.21229216965952], [200.0, 0.0, -25.541112899159792, -69.54385759367676, -10.565263585351726], [200.0, 0.0, -77.9718327903924, -33.861467276828975, -16.186738089150232, 27.74360229840791], [200.0, 0.0, -80.61646617852583, 98.79530749186564, -91.76538923357494, -32.62828346588975], [200.0, 0.0, -0.10948005747732914, 70.59012059094496], [200.0, 0.0, -16.763775277342873, 11.686536697270466]], "c": [4.850181144293429, 4.55591124145216, 4.832230624748721, 4.676401564307499, 4.638541443404584, 4.672082636354868, 4.613785479620647, 5.280506615870895, 5.168067998124704, 4.648739873046069], "caves": [[1, 2, 3, 4, 5], [6, 7, 8, 9, 10]]}, "inst2": {"S": [[1, 2, 3], [2, 1, 3, 4], [3, 2, 4, 1, 5], [4, 3, 5, 2], [5, 4, 3, 6], [6, 5, 7, 9], [7, 6, 8, 9], [8, 7, 10, 9], [9, 7, 8, 10, 6], [10, 8, 9]], "f": [[200.0, 0.0, 21.947937978738906, -33.4816520273149], [200.0, 0.0, 9.62762987693, -11.51171236784283, 34.22122029755739], [200.0, 0.0, -73.65703338706588, 29.59196930376691, -75.96454879679835, -88.80563427040246], [200.0, 0.0, -82.85646207017703, -86.44375539972349, -31.800480326019787], [200.0, 0.0, 38.49495122930637, -58.07344984354099, 90.51148609287849], [200.0, 0.0, 48.29928387404008, -97.8545804859164, 60.484463267769904], [200.0, 0.0, -91.56657133278772, -22.455481024381065, 85.77282949151777], [200.0, 0.0, 18.4391979247418, 30.59730590098233, 25.48237733895551], [200.0, 0.0, -94.10779044910215, -84.30186908291866, -88.54599741027978, 79.44960326076378], [200.0, 0.0, 8.75074498864359, -85.64866194713308]], "c": [4.772537802928786, 5.188226813459778, 4.709599544434701, 5.338228770826959, 5.04491912695011, 5.346001919068357, 5.066362659505186, 5.163813168023643, 5.0321885427218715, 4.534747231706863], "caves": [[1, 2, 3, 4, 5], [6, 7, 8, 9, 10]]}, "jmap": {"1": 5, "2": 3, "3": 2, "4": 4, "5": 1, "6": 10, "7": 9, "8": 7, "9": 6, "10": 8}}