{"inst1": {"S": [[1, 2, 3, 5, 6], [2, 1, 4], [3, 1, 4, 5], [4, 3, 5, 2], [5, 3, 4, 1], [6, 1, 7, 8, 9], [7, 6, 9, 8], [8, 6, 9, 7], [9, 8, 10, 7, 6], [10, 9]], "f": [[200.0, 0.0, -34.51368271611079, 19.64845654225411, 19.692459273007536, 63.551458455679736], [200.0, 0.0, 44.43078167200214, -5.820596062644179], [200.0, 0.0, 91.9728590603351, -79.87220574913457, -49.85717230370761], [200.0, 0.0, -62.989712194113736, -90.6570780321967, -14.902338751542544], [200.0, 0.0, -85.29336617796692, -23.713640014335336, 78.37585961937097], [200.0, 0.0, -78.80609928385755, 3.9924933341956015, 37.66920438713346, -24.372727280528352], [200.0, 0.0, -69.12227700971644, -35.38989802543448, -69.74057503918385], [200.0, 0.0, 80.50957022976152, -88.3107642477176, -18.38126874345789], [200.0, 0.0, 37.818128928456304, 88.2546300418763, -97.48751312515213, 93.46105847073416], [200.0, 0.0, 92.36267194121265]], "c": [5.458353536164973, 4.563907071678759, 5.341784581569565, 5.163508528174257, 5.322300102157741, 5.132776339328015, 5.14810981212632, 4.649099852643166, 5.355553652167375, 4.857134539082352], "caves": [[1, 2, 3, 4, 5], [6, 7, 8, 9, 10]]}, "inst2": {"S": [[1, 2, 3, 5], [2, 1, 4, 3], [3, 1, 2, 5, 6], [4, 2, 5], [5, 1, 3, 4], [6, 3, 7, 9, 8], [7, 6, 8, 9], [8, 7, 10, 9, 6], [9, 6, 7, 8], [10, 8]], "f": [[200.0, 0.0, 18.18072023982975, 11.101546026410292, 8.215303450522038], [200.0, 0.0, -67.34791978502781, 22.244994671607454, -53.12627090991728], [200.0, 0.0, -14.696352899315768, 75.52574608486225, 53.43108035625104, 35.14157920730647], [200.0, 0.0, 1.1983712766423071, -41.264185068221046], [200.0, 0.0, 98.71928820022424, 33.527082898815074, 50.51205130590457], [200.0, 0.0, -68.05312279955113, 12.36985032099167, 23.074715422599112, -11.584196186808683], [200.0, 0.0, 23.740429074682613, 20.250537582403517, -88.34720189757088], [200.0, 0.0, -54.250818761059726, 41.40267658013492, -51.68894948595386, 37.00854584302342], [200.0, 0.0, -2.7651988844584086, 94.59299588042424, -56.98664144208054], [200.0, 0.0, 14.86185056825111]], "c": [4.503541508832639, 5.269390158321491, 4.903767216814483, 4.987929280535715, 4.74533400072275, 4.856867051810851, 4.62341938323494, 4.950532357701798, 5.0813669783536, 4.572661666108259], "caves": [[1, 2, 3, 4, 5], [6, 7, 8, 9, 10]]}, "jmap": {"1": 2, "2": 1, "3": 5, "4": 3, "5": 4, "6": 6, "7": 9, "8": 8, "9": 7, "10": 10}}