{"inst1": {"S": [[1, 2, 3, 4], [2, 1, 4, 5], [3, 1, 4, 6], [4, 2, 5, 3, 1], [5, 4, 2], [6, 3, 7, 10, 8], [7, 6, 8, 10], [8, 7, 9, 6, 10], [9, 8], [10, 6, 7, 8]], "f": [[200.0, 0.0, -15.605905938967425, 90.01749857875478, -58.112280178652064], [200.0, 0.0, 45.61464942969089, -98.91825785049993, -4.390665687810946], [200.0, 0.0, 82.47307774408976, 59.657450123952984, 47.42111664377333], [200.0, 0.0, 46.04507894677605, 79.97224614345389, 95.19934362261262, -84.09318326780537], [200.0, 0.0, 0.005981453296843853, 79.65007042733315], [200.0, 0.0, -65.66078117458083, 74.20192915739021, -60.009008188936974, 74.01717606004219], [200.0, 0.0, -97.22954851182372, 29.569645200231797, 81.2937787145612], [200.0, 0.0, -5.209133971425262, 7.158053858193059, 4.722255814900889, -17.165343925015986], [200.0, 0.0, -69.3503627890693], [200.0, 0.0, 78.31783792049319, 99.35260329669691, -47.83700514961762]], "c": [4.686439449338372, 4.789733949958502, 5.291056444991509, 5.346122080845286, 5.372970565177633, 4.578840109387586, 4.501938270678246, 5.1937648270313055, 4.806290978325112, 5.255619882231182], "caves": [[1, 2, 3, 4, 5], [6, 7, 8, 9, 10]]}, "inst2": {"S": [[1, 2, 3, 6], [2, 1, 4, 5, 3], [3, 1, 4, 2], [4, 2, 5, 3], [5, 4, 2], [6, 1, 7, 9, 8, 10], [7, 6, 8, 10], [8, 7, 10, 6], [9, 6], [10, 7, 8, 6]], "f": [[200.0, 0.0, -52.59778438471707, 36.286896272619494, 79.82275136003597], [200.0, 0.0, -43.396209820862495, 73.7486896123998, -73.36316678183333, -49.25025910177183], [200.0, 0.0, -8.530398511924965, -38.46373087344159, -55.45186360893331], [200.0, 0.0, -81.1461648724218, -96.1687063919345, -39.735274333216175], [200.0, 0.0, 17.78232635069528, -22.08739882005082], [200.0, 0.0, 23.591485261312116, 36.300009454099595, -72.88433347535808, 65.89651363096843, 50.25070693608487], [200.0, 0.0, 65.92980600485696, 70.34995569617534, -40.50629592618933], [200.0, 0.0, 41.83768317459777, 70.537843251446, -34.48625041533702], [200.0, 0.0, 13.70231235294279], [200.0, 0.0, -48.924058465667365, -63.97208283912623, 53.17805415923005]], "c": [4.582989620867624, 4.90693741154715, 5.138289483237141, 4.924588660355551, 5.058360438846554, 5.159753913910607, 4.998844299963227, 4.856687191179663, 5.413067214893553, 5.1993987490546445], "caves": [[1, 2, 3, 4, 5], [6, 7, 8, 9, 10]]}, "jmap": {"1": 1, "2": 2, "3": 3, "4": 4, "5": 5, "6": 6, "7": 7, "8": 8, "9": 9, "10": 10}}