{"inst1": {"S": [[1, 2, 6, 10, 5, 3, 8], [2, 1, 3, 5, 4, 8, 6, 12, 7, 13], [3, 2, 4, 9, 1, 6, 10, 11], [4, 3, 8, 2, 12, 5, 6, 10, 11], [5, 2, 7, 8, 1, 4, 6, 13], [6, 1, 8, 12, 4, 3, 9, 2, 11, 5, 7], [7, 5, 9, 10, 11, 2, 8, 13, 6], [8, 6, 5, 4, 12, 10, 2, 11, 13, 1, 7], [9, 3, 11, 13, 12, 7, 6, 14], [10, 1, 13, 12, 11, 8, 3, 7, 4], [11, 9, 13, 10, 6, 8, 3, 7, 12, 4], [12, 6, 9, 8, 4, 10, 2, 11], [13, 9, 10, 11, 8, 5, 2, 7], [14, 9, 15, 23, 18, 24, 25, 21, 22, 26], [15, 14, 16, 18, 22, 24, 21, 25], [16, 15, 17, 21, 26, 22, 20], [17, 16, 24, 22, 26, 21, 20], [18, 15, 19, 23, 21, 14, 25, 20, 24], [19, 18, 20, 24, 22, 21, 26, 25], [20, 19, 25, 16, 26, 21, 17, 22, 24, 18], [21, 16, 15, 18, 23, 24, 17, 20, 26, 14, 22, 19], [22, 15, 23, 17, 26, 19, 16, 24, 20, 21, 14], [23, 22, 14, 18, 21, 25, 24], [24, 19, 25, 15, 17, 21, 14, 22, 23, 20, 18], [25, 24, 20, 23, 14, 18, 19, 15], [26, 16, 22, 17, 20, 21, 19, 14]], "f": [[200.0, 0.0, -41.80819201026891, -96.34455422217403, 0.5742515937497306, 63.477198178965864, 4.064624903336278, 20.697072448438703], [200.0, 0.0, 35.024344452459076, -2.2590826416446053, -88.9848133320942, 74.34170892607372, 94.2553583604855, -71.9302293009739, -4.9708267611418, 94.33665237952131, 33.18025529368995], [200.0, 0.0, 34.78219351244252, 50.00002987004035, -11.532495065420289, 94.18723466377253, -35.93133434903735, 15.10200678985072, -67.86617140368003], [200.0, 0.0, 5.5874413706267445, 19.402732957909574, -29.35285236455092, -47.87503996642353, 54.48702028934789, -12.57030018073888, -83.48552985121889, -85.43215102397266], [200.0, 0.0, 59.29240456305318, 6.132048301908366, -90.62545235661143, -46.09692038964845, 44.23847124741862, -99.27331771416836, 43.28938323102185], [200.0, 0.0, 28.154547810865573, -48.98188735091, -79.84140425534542, -16.022618103938235, 40.49722268942864, 98.78897605438056, -15.504281879335323, 97.46879285384904, -62.574615125864995, 66.92315503906734], [200.0, 0.0, -6.857342820094714, 12.742424614999436, -45.090305242679406, -31.60758496043259, 31.40265472588535, 66.13612732450984, -4.466553907150694, 32.65507238388958], [200.0, 0.0, 5.118184243908597, 34.35411316750212, -33.99620550420715, 54.2806487774338, 42.64885408897958, 43.286984290930874, 69.63301883016453, 78.94469418769422, 73.03303041729032, -43.8349544313434], [200.0, 0.0, -92.07354532070944, 42.99735786212908, 44.60345863883983, -68.83525597658047, 20.639391547642116, -97.62182983307245, -24.291543760245425], [200.0, 0.0, -5.777461358890479, -93.8608238262962, -43.117356522360325, -90.2073653238797, -7.723456141753493, -48.60424153524831, -69.07953740295274, -93.98948520394819], [200.0, 0.0, -4.052356421369296, 77.9676032543658, 32.88371640799821, -92.05550296047986, -26.735343077334406, -47.74686866328091, 58.46102242411486, 52.600528000761784, 71.00980172365452], [200.0, 0.0, -90.50794159605384, 60.330829436424935, -39.27448300660261, -62.93116492532711, -54.243126056063716, -22.801545505176833, -19.95609916692038], [200.0, 0.0, 84.08554689825243, -6.964671224187402, 30.47109146110445, 16.896489436869743, 94.65473244434115, 5.115801256706209, -60.36398062144126], [200.0, 0.0, 34.31634360922373, -69.03793310140117, 35.4251522108743, -44.10174861802547, 56.5431801045799, -92.278875699652, -26.386496340035027, -63.76853384177246, -34.94395502682062], [200.0, 0.0, 50.18685902199642, 58.00889501455981, -70.74009715687536, -18.782299382395486, -67.65208355659816, 89.64726221729218, -50.133002920658896], [200.0, 0.0, 21.030942953903242, 91.47990221583397, -65.5945891471825, 98.07143412514729, 8.577828355244034, -18.22094938916907], [200.0, 0.0, 43.56966813653489, 68.91211013229177, -0.9374076987591851, 9.223855319659858, -5.3826248127635035, 21.22813563420374], [200.0, 0.0, 73.70637946335053, 33.759847640556686, 33.31647803776596, 85.65753544550445, 79.17974222063128, 62.70571795186459, -9.628907932661557, 47.604379447015724], [200.0, 0.0, 69.00055797855158, -68.47011045952303, -5.819886674569097, 56.82706678802174, 87.16834975088685, 42.58587159213554, 26.069603237234105], [200.0, 0.0, 16.230110196026494, -70.59244775050861, 38.487084133886704, -27.282900617192894, 11.207303112496092, -29.624490424644346, -28.50229868948906, 86.8279733772255, -53.41315338731554], [200.0, 0.0, -60.630554590284945, 34.892075929685106, -48.55231329240115, 65.32176548007023, 17.06542672000566, 4.09155004539048, 43.20011349727855, 24.006667262321702, 60.97269727812555, -18.642731267764013, 32.28919102934105], [200.0, 0.0, -14.127498817211514, 72.92725690166084, -54.029043248172506, -7.100151008541022, -49.82964859487333, 74.0296462076814, 29.487667755067793, -0.029272506465538584, -41.54568943657948, -12.135162928974275], [200.0, 0.0, 14.472563499434887, 3.3979431221700107, 73.58677316798574, -34.40527121843297, 63.78293943347926, 92.5733793616288], [200.0, 0.0, -14.080496886768156, 13.241933761211587, 89.10160302208192, -17.90176160866972, -7.161291462560104, -14.509070562051797, 35.45626582407762, 25.610857527596707, 4.129589563225444, 59.25039733627875], [200.0, 0.0, -45.279248086806966, -47.99991838056161, -78.91436664555084, -57.69489482968193, -4.286441966065935, -5.610193658060614, -0.14315426942861365], [200.0, 0.0, -56.742099002732594, 18.662251254405703, -36.64992201059385, -49.188045354633346, -99.17339970111354, -82.42265138231737, -83.21507173072087]], "c": [4.736285784373859, 4.551715488278988, 4.626583084723918, 5.312213157405498, 5.403942542349234, 5.324069718317331, 5.29721284184487, 4.9479242034259, 5.270376923485177, 5.13013823523711, 5.03715660047895, 4.857606209069042, 5.17892583916475, 5.107037845020686, 4.877787713948852, 5.23218782411123, 5.2328983908955475, 4.566538264433016, 5.265490212731424, 4.540065627381328, 4.685236582938142, 5.082989237791298, 5.155964985294387, 4.999118375537108, 4.813201042872684, 5.307958496007668], "caves": [[1, 2, 3, 4, 5, 6, 7, 8, 9, 10, 11, 12, 13], [14, 15, 16, 17, 18, 19, 20, 21, 22, 23, 24, 25, 26]]}, "inst2": {"S": [[1, 2, 5, 9, 13, 8, 4, 10, 3, 12], [2, 1, 3, 4, 11, 10, 8], [3, 2, 4, 13, 8, 7, 10, 1, 11, 5, 6, 9], [4, 3, 7, 2, 1, 11, 10, 5, 8, 6], [5, 1, 6, 8, 12, 4, 7, 11, 13, 3, 10], [6, 5, 13, 3, 8, 9, 4], [7, 4, 11, 13, 3, 5, 12, 10, 8, 9], [8, 5, 10, 1, 3, 11, 2, 7, 4, 6, 14], [9, 1, 11, 12, 10, 3, 7, 6], [10, 8, 4, 1, 3, 7, 11, 5, 9, 2], [11, 7, 9, 4, 8, 5, 10, 3, 2], [12, 5, 7, 9, 1], [13, 1, 7, 3, 6, 5], [14, 8, 15, 16, 17, 23, 24, 18, 20], [15, 14, 18, 22, 25, 17, 16, 26, 23, 21], [16, 14, 20, 25, 15, 24, 22, 17, 19, 26, 21], [17, 14, 19, 20, 15, 26, 21, 24, 16], [18, 15, 14, 19, 26, 25], [19, 17, 21, 23, 26, 20, 18, 25, 16, 22], [20, 16, 23, 17, 22, 19, 25, 14], [21, 19, 24, 26, 17, 15, 25, 16], [22, 15, 20, 16, 24, 26, 19], [23, 20, 19, 14, 15, 25, 24, 26], [24, 21, 14, 26, 16, 25, 22, 17, 23], [25, 16, 15, 24, 20, 19, 26, 23, 18, 21], [26, 21, 24, 17, 19, 15, 18, 22, 25, 23, 16]],