{"inst1": {"S": [[1, 2, 3, 4, 5, 8, 12, 7, 11, 10, 13, 9], [2, 1, 13, 9, 5, 10, 8, 6], [3, 1, 6, 9, 11, 8, 7, 13, 5], [4, 1, 8, 10, 5, 11, 6, 12], [5, 1, 7, 10, 2, 4, 8, 13, 3, 12], [6, 3, 9, 2, 4, 7, 8, 11], [7, 5, 10, 9, 1, 8, 3, 6, 13], [8, 4, 1, 13, 3, 2, 12, 11, 7, 5, 10, 6], [9, 3, 2, 10, 6, 7, 12, 1, 13], [10, 4, 5, 9, 7, 2, 8, 1], [11, 3, 12, 4, 1, 8, 6], [12, 11, 1, 8, 9, 4, 5], [13, 2, 8, 3, 1, 5, 7, 9, 14], [14, 13, 15, 19, 25, 18, 17, 22, 16, 20, 21, 23], [15, 14, 16, 21, 22, 19, 17, 25, 24], [16, 15, 17, 18, 20, 23, 24, 22, 14], [17, 16, 25, 14, 15, 19, 21, 26, 22], [18, 16, 24, 26, 23, 14, 20, 25, 21], [19, 14, 25, 15, 21, 24, 17, 26, 20, 23], [20, 16, 21, 18, 22, 14, 19], [21, 15, 20, 19, 17, 18, 14, 25], [22, 15, 16, 24, 25, 20, 14, 23, 26, 17], [23, 16, 18, 26, 24, 22, 14, 19], [24, 18, 16, 22, 25, 19, 23, 15], [25, 17, 14, 26, 22, 19, 18, 24, 15, 21], [26, 18, 25, 23, 19, 22, 17]], "f": [[200.0, 0.0, 37.13708294072357, 37.26127022928056, -14.440290971381554, -27.265438625880133, -47.87443484754834, 51.55470717025927, 89.06338426385328, 56.65603135353705, 79.67849692925336, -85.68240164724146, -78.43856219735119], [200.0, 0.0, 66.07301515482457, 3.809546866808211, 64.16960689619997, -69.53209225716567, -19.92338472729973, -74.31342049105602, 97.16576888873576], [200.0, 0.0, 48.08267531981709, -77.74878498272373, 8.310768825605397, -6.813579639475531, 57.0009136378955, 82.31895003915774, 85.3802291632922, -46.47916765256279], [200.0, 0.0, 82.60777501817451, -99.82545874003141, 52.56484853109691, 38.36317598601773, -35.55860183915163, -78.91614605082309, -50.17452745743487], [200.0, 0.0, 52.28619195382795, 0.46329180187059116, -9.522266936466783, 80.12714041813152, -94.73050442311673, 84.33428533748966, -98.24285247760582, -33.46507806186296, 90.1992624367701], [200.0, 0.0, -41.989473446286894, 36.11213178118899, -13.372675799959444, 76.6711606791363, 3.2519717920271196, -39.716899306535765, 69.58385500261397], [200.0, 0.0, -23.26136694073324, 15.112056376751681, -31.545636264654988, -1.6825080355710398, -91.77481193374528, -81.39907859570789, -6.232307255222325, -50.08775029227317], [200.0, 0.0, 34.49626594006885, 43.48916134502132, -7.177262563496822, 14.068935119764792, 63.4997221388327, -41.20963081904456, 27.603736039070338, -79.63091394391203, -71.68113321774871, -39.65357722557934, -49.323145942815216], [200.0, 0.0, -34.82177258223733, -95.64271789559848, 93.71587996359987, 70.62173996203884, -66.31633086341337, -23.659322512018854, 59.55589663026397, 37.11515280446997], [200.0, 0.0, 27.29280340156095, -86.27591071065106, -80.31700099693056, 64.20831067071471, -2.7942856030559238, -48.03418480802826, 44.75026307424142], [200.0, 0.0, -25.62330927008809, -62.214789553978875, -43.22404357297489, -8.72444201557978, 94.01433770382772, -93.77758298499133], [200.0, 0.0, 81.80584758136484, 92.76835840114626, 86.97071034195018, -45.18529780767062, -72.3672675688737, -36.77420003531995], [200.0, 0.0, 73.75371438125723, -4.849550538651193, -25.222223768390208, 22.429907567183704, 0.2587559281608698, 10.010799587414198, 77.5425705013473, 65.46956546322642], [200.0, 0.0, 62.96810019925101, -34.58932348860699, 84.59299066921821, -0.42768069258971586, -59.96417812653434, 87.57667352850254, -57.21971692115781, 74.34914114501751, 29.274151333932675, 25.566318073792814, -96.00760994714972], [200.0, 0.0, -59.71675885978465, -11.611415367750787, -7.23538191583466, -61.16632357581289, -27.834233675051134, -12.64401853554622, 57.45058790883488, -6.650834010464823], [200.0, 0.0, 70.27456456271688, 52.73111423314594, -90.00055374450866, -85.08042411124394, -43.06751453719904, 83.75424833308949, 45.715574751672115, 68.95092403866094], [200.0, 0.0, 93.04494939548124, 96.168860986343, -45.940709865472854, -58.8070195618716, -41.29708012590556, 66.40707583867467, -65.01561552129553, -6.146081794145619], [200.0, 0.0, -78.05904576913811, 18.465862546732147, 32.599251726471024, -69.30617629825271, -67.85581799367687, -29.764046627021102, 92.92268092462466, 56.194181325575634], [200.0, 0.0, -15.002516728163107, 24.42952671522034, -47.540074805520916, 83.98355182272859, 88.15442593039835, 27.11782896170658, -43.70136355506653, -85.01861623035363, -3.6511415662944025], [200.0, 0.0, -65.39763918284214, 21.07751886729097, 4.085666695362078, 68.91608496070441, 2.4764103476108135, 46.70428426291278], [200.0, 0.0, -89.7441297913371, 54.31831122701176, -62.294869440714876, -17.28775513652645, -92.94767763497288, 13.344372489210077, -24.74973291623477], [200.0, 0.0, -50.711088361526066, -34.08979787483632, 88.88661306630748, 98.8110144342997, -3.2047969346159055, 54.58969266529385, -77.94291799333438, -72.4677985503973, -67.0548327812782], [200.0, 0.0, 68.0187296352003, -68.70546936596993, -33.47688903823014, -95.64035519196823, -58.06509410130622, -98.93896968791023, 47.095117950347664], [200.0, 0.0, 30.255385126511115, -80.81141280264548, 32.976702810693205, 88.16663565183312, -23.226235689903763, 63.67786241495745, 47.22500957010431], [200.0, 0.0, 16.461374291071884, -3.0654948858974684, -27.73297134883892, 64.50224663136143, 67.69903775228106, -58.967279248429435, 83.67110845928418, 75.54190487611987, 40.63406056400118], [200.0, 0.0, 89.07243777431329, 44.64108575560284, -60.78954997628496, -12.294041164049197, 28.19637854321826, 70.79965464072755]], "c": [4.507647037944131, 5.432519509627879, 5.0635200646693885, 5.1116798145484115, 5.310216147302805, 5.460395426936787, 4.547479185951451, 5.30200283081584, 4.8781122151061895, 5.498393624202173, 5.494770526058731, 4.736331211796935, 4.937813458519369, 5.448479207279805, 4.961774512303382, 4.740866575486149, 4.5490806549355804, 5.371249770466932, 4.773585291842579, 5.094283578513099, 5.402274449354306, 5.391772426083525, 4.814997436208979, 4.592242228381885, 4.9574054590976395, 4.942524649059086], "caves": [[1, 2, 3, 4, 5, 6, 7, 8, 9, 10, 11, 12, 13], [14, 15, 16, 17, 18, 19, 20, 21, 22, 23, 24, 25, 26]]}, "inst2": {"S": [[1, 2, 4, 10, 6, 8, 5, 13, 7], [2, 1, 3, 8, 11, 12, 13, 4, 6, 5], [3, 2, 4, 10, 5, 9, 8], [4, 3, 5, 1, 2, 13, 10, 8, 12, 9], [5, 4, 6, 10, 8, 13, 9, 12, 3, 1, 2], [6, 5, 7, 1, 8, 13, 12, 2, 9, 14], [7, 6, 13, 9, 8, 1], [8, 2, 9, 5, 6, 7, 11, 12, 1, 4, 3], [9, 8, 5, 12, 7, 11, 10, 3, 4, 6], [10, 5, 3, 11, 1, 9, 4, 13], [11, 2, 10, 12, 8, 9], [12, 2, 13, 11, 9, 5, 8, 6, 4], [13, 12, 7, 2, 5, 6, 4, 1, 10], [14, 6, 15, 16, 26, 22, 23, 17, 19, 24, 21, 25, 20], [15, 14, 19, 21, 17, 22, 24, 18], [16, 14, 17, 22, 20, 24, 18], [17, 16, 18, 23, 15, 25, 14, 20, 24, 19], [18, 17, 20, 23, 22, 24, 25, 26, 15, 16], [19, 15, 25, 14, 21, 26, 20, 17, 23], [20, 18, 25, 24, 21, 17, 22, 16, 19, 23, 14], [21, 15, 22, 20, 19, 26, 14], [22, 21, 16, 14, 18, 15, 25, 20], [23, 17, 24, 18, 14, 26, 20, 19], [24, 23, 20, 15, 26, 18, 14, 17, 16], [25, 19, 26, 20, 17, 22, 18, 14], [26, 25, 14, 24, 21, 18, 19, 23]],