{"inst1": {"S": [[1, 2, 7, 8], [2, 1, 3, 7, 4, 5, 8], [3, 2, 4, 6, 7, 8, 5, 9], [4, 3, 5, 6, 2, 7], [5, 4, 7, 2, 3], [6, 4, 7, 3], [7, 1, 8, 6, 5, 2, 3, 4], [8, 7, 1, 3, 2], [9, 3, 10, 11, 12, 13, 16, 15], [10, 9, 14, 12, 11, 13], [11, 9, 10, 12], [12, 9, 15, 16, 10, 11, 14, 13], [13, 9, 14, 15, 10, 12], [14, 10, 15, 13, 12], [15, 12, 9, 14, 16, 13], [16, 9, 12, 15]], "f": [[200.0, 0.0, -48.18113265473778, -65.56152059956545, 8.896817471302443], [200.0, 0.0, 51.43652608129814, -39.39510634648482, -78.74209513356645, 6.211676032057611, -20.552147730997472, 5.762745514395773], [200.0, 0.0, -88.83968543962433, 84.90644801939962, -74.0442056243172, 44.65390825828073, 32.62856236552278, -34.33958024814092, 95.8649412998242], [200.0, 0.0, -93.91426682598679, 18.15293489713723, -45.664320984627295, -47.698724355268936, -84.336843318468], [200.0, 0.0, -95.27063673609825, 74.78567252447685, -76.42505627046765, -87.70370701895777], [200.0, 0.0, -9.20987339539121, -35.809385083823145, -71.87175110733162], [200.0, 0.0, -10.291938059370453, 90.6427803603129, -43.67276915362262, -46.2443001976806, -43.35523602012512, 58.97079972803356, -28.729246412319796], [200.0, 0.0, 71.04153510169391, -19.178609653112353, 88.66066771567698, -95.18572782555124], [200.0, 0.0, -14.939051369449064, 93.14499700260488, -43.43166227148734, -41.31832509927249, -59.25944241984744, -36.11649080699719, -97.46743003607368], [200.0, 0.0, 57.51785486733147, -67.66860074271328, -34.39764830508443, 9.204729496189712, 76.76523606239918], [200.0, 0.0, 64.9812279390761, -24.92206305563256, 16.471051800019154], [200.0, 0.0, 96.28940629170255, 26.377388390525525, 70.99614522964926, 40.168571996932954, 32.79689716841909, -42.337359477069846, 6.356883065869123], [200.0, 0.0, -84.67210428483953, -35.846849039605374, 51.96504223514174, 26.12849668875743, 46.54802128284024], [200.0, 0.0, -4.291671128248775, 70.11454292577778, -31.76079624763133, -63.454699431291914], [200.0, 0.0, 4.14590768220684, -45.51058609282619, -43.332190366171886, -15.433932283645468, 74.12145124672278], [200.0, 0.0, 57.67857040008144, -54.44482492271745, 32.583756359562834]], "c": [5.097359294561945, 5.322943134120876, 4.637739772171444, 5.264766757940398, 5.311929981456451, 5.330410977001948, 4.645088587375344, 4.985208713362763, 5.441708877884537, 4.6997864561880185, 5.461501273070009, 4.815187201457634, 5.081810128175974, 4.9056913642457, 5.284048737764479, 4.709382641355083], "caves": [[1, 2, 3, 4, 5, 6, 7, 8], [9, 10, 11, 12, 13, 14, 15, 16]]}, "inst2": {"S": [[1, 2, 6, 7, 5, 8, 4, 3], [2, 1, 3, 4, 8, 5], [3, 2, 7, 8, 5, 6, 1], [4, 2, 5, 7, 1], [5, 4, 6, 2, 3, 1], [6, 1, 5, 3, 9], [7, 1, 8, 3, 4], [8, 7, 2, 3, 1], [9, 6, 10, 12, 14, 11, 13, 16], [10, 9, 11, 13, 16, 12, 15], [11, 10, 14, 9, 16], [12, 9, 15, 10], [13, 10, 15, 9, 14], [14, 11, 15, 9, 16, 13], [15, 14, 13, 12, 16, 10], [16, 10, 14, 9, 15, 11]], "f": [[200.0, 0.0, -49.999706483532115, 51.09582609105763, -96.50355502158885, 10.011773391024725, -24.603153497744714, -77.2745712984394, 21.851312805599242], [200.0, 0.0, 46.63748854777143, -5.708086067003637, -28.288669029048496, 63.817619892607254, 14.899547712553684], [200.0, 0.0, -21.979128446848172, 84.41665649448026, 74.79125006625382, 47.55301098997442, -12.283467228584865, 93.61029806133163], [200.0, 0.0, -11.031381267139295, 8.519973646457423, 34.91459451531609, 77.80186370875519], [200.0, 0.0, 23.85308616648811, -64.74196574232171, -41.431605209563656, 65.98380628582552, -66.02300693170488], [200.0, 0.0, 84.6946784251439, 26.261147742006298, 90.57201549224843, -69.39057657894413], [200.0, 0.0, 2.9421524660255383, 96.09426693243594, 70.31743471396655, -42.87971743561951], [200.0, 0.0, 43.9006643405025, 27.485866525671398, -46.055910889670756, 31.74707677139279], [200.0, 0.0, -55.131708072670406, 43.1252652972655, 57.757814566586774, -48.18692040836545, -0.4977159137018461, 48.47473718801653, -57.08847785306912], [200.0, 0.0, 16.836248244552053, 46.236657350969224, 53.71906489322282, 30.122878691532918, 80.4783043853665, 86.61587516218088], [200.0, 0.0, 33.64350256412754, 38.308598719761555, 21.711062800060212, 22.75867674689436], [200.0, 0.0, 85.14565197389578, 70.24703122870164, 2.1559052629687825], [200.0, 0.0, -62.53257468400682, -61.016805612045346, 16.195515991611952, 28.096634818089527], [200.0, 0.0, -80.1607405821082, 6.586128984123274, 62.20696432682609, 29.5656060188912, 44.938427408415805], [200.0, 0.0, 80.15714833475904, 70.43873878515852, 85.90761289353664, -21.638146216986833, -29.854106154344496], [200.0, 0.0, 38.24648791553555, 94.45976004388771, -99.54568968329276, 59.42312560590297, 7.945076255923045]], "c": [5.24397845468226, 4.652184063248209, 4.557608038924092, 4.7589913256696486, 5.285692168081592, 4.756090343538827, 5.071057821320408, 4.884758115403742, 5.219948267296206, 4.848046494623252, 4.8906124965924755, 4.549152138001904, 5.115343683613666, 5.457200066388517, 4.581017668236337, 4.94987339177812], "caves": [[1, 2, 3, 4, 5, 6, 7, 8], [9, 10, 11, 12, 13, 14, 15, 16]]}, "jmap": {"1": 8, "2": 7, "3": 1, "4": 6, "5": 4, "6": 3, "7": 5, "8": 2, "9": 15, "10": 16, "11": 11, "12": 13, "13": 12, "14": 10, "15": 14, "16": 9}}