{"inst1": {"S": [[1, 2, 5, 9, 6, 3, 11, 8, 4, 7], [2, 1, 3, 4, 6, 12, 11, 10, 5, 13, 9, 14], [3, 2, 11, 8, 13, 12, 1, 7], [4, 2, 8, 12, 9, 5, 6, 1, 13], [5, 1, 13, 10, 6, 12, 2, 4], [6, 2, 7, 1, 5, 9, 8, 4, 12, 11, 13], [7, 6, 10, 13, 3, 12, 8, 11, 1], [8, 4, 13, 3, 9, 6, 1, 12, 7], [9, 1, 13, 8, 6, 4, 2], [10, 7, 5, 2, 12], [11, 3, 2, 1, 12, 6, 7], [12, 2, 4, 5, 3, 11, 10, 8, 6, 7, 13], [13, 5, 8, 3, 9, 7, 2, 12, 4, 6], [14, 2, 15, 16, 18, 20, 21, 26, 19, 25, 17, 24], [15, 14, 22, 19, 23, 18, 20, 16, 25], [16, 14, 17, 23, 25, 19, 15, 26], [17, 16, 19, 24, 23, 25, 14, 26, 21, 18], [18, 14, 25, 15, 23, 20, 24, 22, 17], [19, 17, 15, 16, 21, 14, 25, 20, 23, 22], [20, 14, 25, 15, 19, 18, 22, 26, 21], [21, 14, 26, 23, 24, 22, 19, 25, 17, 20], [22, 15, 21, 25, 20, 19, 18], [23, 16, 24, 15, 21, 17, 18, 19], [24, 23, 21, 26, 17, 14, 18], [25, 20, 16, 18, 22, 21, 17, 14, 15, 19], [26, 21, 14, 24, 20, 17, 16]], "f": [[200.0, 0.0, -88.17410664521303, -70.1098912266055, -95.17948686141382, 90.91114105321927, 6.9630580967463995, 78.39745314221926, 93.89899102884071, -80.33106104279162, 27.364666170688913], [200.0, 0.0, 10.133702595929739, -45.470628525051346, -50.337449861583615, 31.829775502860326, 29.243733950453276, 42.38449420636241, -21.334340419747065, -58.64348118041312, -58.63849277513027, -31.01867399664746, 68.45090927314537], [200.0, 0.0, -41.28693267602996, 81.1517086405807, 23.827510225001312, -20.775556656063742, -46.091267776120674, -5.154844431677885, -83.12974527293528], [200.0, 0.0, 30.89375054624963, -10.17350690600367, 28.329604917117134, -12.24314945898537, 2.6626914377955613, -85.02453942903922, 0.29193899932853373, -87.92449478548043], [200.0, 0.0, -39.55077485706005, -8.816306856517308, -7.8590245498202815, 65.49285405708957, 31.240080091853883, -29.524330667147435, 65.52374912245253], [200.0, 0.0, 63.419264694376174, -39.20091273815449, -51.472935590977855, 37.35110778957902, -73.5839961351725, -92.18938923019748, -36.17667461696401, 80.25567143258469, -20.96845996476684, -63.51802057497453], [200.0, 0.0, 49.19105884835142, -2.0889343820375883, -82.81211612559505, -32.56261577988899, -25.267988161822164, 21.044619877561498, 20.807276372713556, -94.28307978715465], [200.0, 0.0, 77.06823800843026, 69.84797309833026, -12.495300385668218, 67.3476316900838, -48.37559000617293, 91.58613395071444, 8.54845488679301, -52.264693767609785], [200.0, 0.0, -60.74755326132668, 54.84541402592009, -35.33424596478332, 59.89790935944757, 33.63258231379063, 88.27534875448366], [200.0, 0.0, -32.61636686663283, -51.83595554398044, -53.78607593760834, -65.12028535301579], [200.0, 0.0, -97.1025333864443, 20.1410917788847, -77.77388949322221, 0.577141914353807, -56.94440129135514, -14.759025222786427], [200.0, 0.0, -11.454342854779753, -12.338075800386505, -79.2768390246428, 18.400730800416376, -48.5578499299822, -67.45335327310342, 29.974129372189708, 46.78729311297811, 51.02319845763097, -72.68408896549107], [200.0, 0.0, 14.046341160621001, 51.44991384207857, -68.60410052065392, -32.80345425847821, 0.282472626505581, -94.25860234753252, -0.6913147041052392, -22.729835332523397, 2.952173831674365], [200.0, 0.0, 62.40057662223917, 92.98128825049048, 47.037821147855574, 12.690852326604274, -36.385912965447865, -87.45975988404615, -46.21941432273262, -57.22087071006303, 50.496315429907646, 46.98705971011181, -11.33087113125435], [200.0, 0.0, -89.64690101435689, 95.0621470151473, 1.6333360557795995, -72.04042809721574, 8.504658940817688, 93.0187988626008, 72.80697004647143, -88.21824516352778], [200.0, 0.0, 89.56113845930969, 35.267158613761666, 68.18854009064698, -30.60995452156472, 82.89373637170911, 29.453705302068343, 48.04110993060598], [200.0, 0.0, 2.9989943879636494, -76.09745670078627, -81.76477505446478, 7.9091075722829585, 98.80042200444852, -27.50153820658965, 69.78380763833114, -9.575615140551431, 3.6127948737447957], [200.0, 0.0, 54.23349551643928, -81.27581440138431, 54.20026228278887, -59.60922318058201, -42.153256492104, 36.43820809015643, 33.52836447533627, -81.14771819165088], [200.0, 0.0, 97.18170268262148, -7.086610094672774, -63.17361404931647, 50.31139100370483, 30.86185757711517, 64.12058351834386, 69.5084273492235, -91.94712012410862, 32.618939338592455], [200.0, 0.0, 81.48448193279552, -73.02345992426689, -92.50884660578554, 98.67695413456661, -36.693908783589954, 98.29868674147066, 72.23519981217609, -13.863858372226122], [200.0, 0.0, -41.04694565926206, -23.88136747475633, -96.79390662011353, 29.483837009879423, 41.53596911764181, -89.32083653121067, -71.31524667872908, -0.40492818990471857, -75.67380233651772], [200.0, 0.0, -5.437983714236494, 34.9420947167278, -99.2251497594277, -73.1867888771269, -90.79190744329159, -51.82939280117209], [200.0, 0.0, -18.105331609479403, 94.62791357027007, -27.133537828467613, -25.582485976037916, 51.497346886730085, -57.08792993386091, 74.6765683416285], [200.0, 0.0, 65.64084286711235, 33.06242405378479, 95.49398628178629, 55.429265006943695, -93.09879006225647, 50.03234851051612], [200.0, 0.0, -86.24353258802431, -53.4372795442065, -7.604520136869208, 39.91611989585626, -93.49575323864676, 75.6282296039726, 99.26636301150558, -43.34678716345935, 63.70316402262621], [200.0, 0.0, -92.85466043318131, -95.95203110628849, 12.59662555978971, 69.62566777958111, -62.393185053363176, 44.257429119681355]], "c": [5.265187292454413, 4.781649568749978, 5.247152418020467, 5.13093238016632, 5.376914763844944, 4.58140677539157, 4.80592087408643, 5.065770540786568, 4.745024252658248, 5.232930873759771, 4.8784921391320735, 5.392128089473163, 5.4937495846560935, 5.144971575962281, 5.32549142266235, 5.3503318796309705, 5.104680267120593, 4.76456419899895, 4.537286866488338, 4.729074631033433, 5.01161236989675, 4.534413291459359, 4.535248219990555, 4.748690660246168, 4.932291455818488, 4.801221566927683], "caves": [[1, 2, 3, 4, 5, 6, 7, 8, 9, 10, 11, 12, 13], [14, 15, 16, 17, 18, 19, 20, 21, 22, 23, 24, 25, 26]]}, "inst2": {"S": [[1, 2, 9, 7, 6, 10], [2, 1, 3, 4, 5, 13, 9, 8, 10, 6, 7], [3, 2, 13, 5, 8, 7, 4, 10], [4, 2, 9, 5, 3, 7, 10, 13, 6], [5, 2, 6, 11, 10, 3, 13, 4, 9, 8, 12], [6, 5, 7, 8, 2, 1, 11, 9, 4, 14], [7, 6, 10, 1, 13, 9, 8, 2, 3, 4], [8, 6, 10, 2, 3, 9, 5, 7], [9, 1, 4, 2, 7, 12, 11, 5, 8, 13, 6], [10, 8, 12, 5, 11, 7, 2, 3, 1, 4], [11, 5, 10, 13, 12, 9, 6], [12, 10, 11, 9, 13, 5], [13, 2, 3, 11, 7, 5, 12, 9, 4], [14, 6, 15, 16, 17, 24, 25, 26, 20, 22, 23], [15, 14, 19, 25, 23, 21, 22, 24, 20, 16], [16, 14, 18, 21, 25, 26, 23, 20, 17, 15], [17, 14, 18, 26, 19, 21, 16, 24], [18, 16, 22, 23, 17, 24, 25, 19, 26, 21], [19, 15, 20, 26, 17, 18, 23, 25, 21], [20, 19, 21, 24, 14, 22, 16, 15], [21, 20, 16, 26, 24, 25, 15, 18, 17, 19], [22, 18, 26, 25, 15, 14, 20], [23, 18, 15, 25, 16, 19, 14], [24, 14, 20, 18, 21, 25, 15, 17], [25, 14, 15, 16, 22, 21, 18, 24, 23, 19], [26, 22, 21, 19, 17, 14, 16, 18]],