{"inst1": {"S": [[1, 2, 6, 9, 11, 8, 13, 5, 14], [2, 1, 3, 8, 14, 6, 10, 13, 4, 7], [3, 2, 4, 15, 11, 14, 13, 10, 6], [4, 3, 5, 8, 13, 14, 6, 2, 10, 15, 7, 11], [5, 4, 7, 11, 13, 1, 8, 12, 6], [6, 1, 10, 12, 2, 7, 4, 11, 14, 8, 9, 15, 13, 3, 5, 16], [7, 5, 6, 8, 12, 13, 2, 14, 15, 11, 10, 4], [8, 2, 4, 13, 9, 1, 7, 14, 12, 6, 11, 5], [9, 1, 12, 8, 11, 15, 6], [10, 6, 15, 2, 11, 12, 4, 3, 7], [11, 1, 3, 5, 10, 6, 15, 9, 8, 7, 4], [12, 6, 13, 9, 14, 7, 10, 8, 5], [13, 12, 8, 5, 4, 2, 1, 7, 3, 14, 6], [14, 2, 12, 8, 4, 3, 7, 6, 1, 13], [15, 10, 3, 11, 7, 9, 6, 4], [16, 6, 17, 18, 22, 26, 23, 29, 19, 20, 27, 21, 30, 28], [17, 16, 20, 21, 23, 30, 28, 22, 27, 26], [18, 16, 19, 26, 30, 21, 28, 27, 24], [19, 18, 24, 23, 16, 25, 22, 27, 26, 28, 29], [20, 17, 16, 29, 30, 26, 24, 23], [21, 17, 27, 24, 23, 22, 18, 29, 26, 30, 16], [22, 16, 28, 30, 21, 29, 17, 27, 19, 25, 24, 23], [23, 17, 26, 24, 19, 21, 28, 16, 29, 22, 20], [24, 19, 25, 23, 21, 20, 18, 22], [25, 24, 19, 27, 29, 22, 26], [26, 18, 23, 21, 16, 28, 20, 19, 17, 27, 25], [27, 21, 28, 18, 29, 22, 25, 16, 19, 17, 30, 26], [28, 22, 29, 27, 17, 23, 18, 26, 19, 16], [29, 28, 21, 22, 16, 27, 20, 25, 19, 30, 23], [30, 22, 18, 17, 21, 20, 29, 27, 16]], "f": [[200.0, 0.0, 23.862266957910204, 25.084829837636292, 30.26233525559958, 67.72333976350993, -27.102817752156085, 81.74298420386124, 0.8758146947803747, 42.487521897924374], [200.0, 0.0, 31.345262661892814, -40.021925259294775, 73.58106593272082, -76.35786885268297, 11.648775899633534, -41.38282628022052, 1.277281201661662, -87.86984890180153, -34.08190572696847], [200.0, 0.0, 38.892308796949116, -97.71958331661341, 89.85143645825863, -29.32389635249524, -13.080976163043466, -57.94010751474359, -82.82898806272354, 4.466491909018111], [200.0, 0.0, -35.366586421368254, -13.136847341271007, 78.47446320497993, -43.500724618480646, -58.69732796689833, -79.52818685687846, -45.85237221867375, -93.07502256583349, -39.92872131074734, -78.25273867625357, -89.30800369450577], [200.0, 0.0, 24.016136289935265, -83.78202841360437, 51.85369576879406, -3.7364719001704794, 40.68218148154479, -83.41483399775755, -72.44796990979108, -3.8307952825082925], [200.0, 0.0, -27.1121281085517, -1.2090330141511618, 90.44995665991222, 84.81757311703512, 71.40470347913708, -21.130260161566493, 34.699342790067476, 36.067700268883264, 78.81308910679022, -56.69899045905198, -86.75931078016421, 93.03050347344693, 45.292660530193785, -46.56315409762528, 32.724227430687726], [200.0, 0.0, -74.59066618723477, -64.91036814812891, 94.27909579468124, 60.717079015205336, -55.355901511702086, 88.89652202988367, 40.82482845489961, 14.753450673388734, 40.855655479179354, 6.467984961244522, -56.662851176554874], [200.0, 0.0, 16.946755287349745, 37.146570604532855, -95.51341181854427, 27.057999159535594, 71.80336253735801, -36.35859378050985, -56.48871038772465, -94.85497938892769, -41.367112544983556, -0.4424500519036423, -88.10664823807257], [200.0, 0.0, 82.39334208863569, -29.940226099610356, 22.966965130967054, 71.93618160580098, 86.71941767681797, 68.74904739547783], [200.0, 0.0, -63.42788646531159, -26.64440695703849, 7.854683119532679, -54.48100049586415, 90.46685582184853, 88.38241361861827, 29.97118228378559, 61.71121042653114], [200.0, 0.0, -51.90476642774371, 1.376475649855724, -80.00776878676992, -98.50475511031829, 79.18792561113285, 97.2416121382456, -30.288543110479193, -42.97783514246962, -44.71727720042209, 88.54037428768231], [200.0, 0.0, -93.90296080053527, -38.31686225032922, -20.937182370208806, -12.31720405143979, -8.431441746428625, 31.548334860208826, 99.64197099671304, -73.85878131985825], [200.0, 0.0, -76.14952993829085, 37.44862158733666, 38.88193531681845, -46.147177897166, 98.82983472446978, 51.90665856886696, 42.39733880158241, -22.595506716929204, -15.404633409907941, -32.66693420914333], [200.0, 0.0, -81.4235069964121, 2.5883936787811423, 63.43541555794876, 41.96241958603988, 63.00296725204848, -16.36842544655641, -95.28819140333513, 49.607044127240755, -90.33207431165063], [200.0, 0.0, -70.53213456241289, -12.24905514790169, -83.80577347281903, 2.908136813555151, -75.73370976281004, 27.93084334698395, -16.086404578366277], [200.0, 0.0, -37.71686572517683, -25.974212868521796, 74.29862802185347, -55.11358775640745, -42.94005169866073, 2.978486349442644, -61.49399937193296, -86.71603663442988, 86.30481884885175, 33.03645495679457, -18.654702327768025, 2.7759796687917504, -16.459573915859128], [200.0, 0.0, -89.32560784497959, 42.24246847245221, -7.182429521639566, -50.703893612063865, -99.08653203397641, 62.4486825935596, -93.11525500875337, -61.383088424717805, -1.8413951708666998], [200.0, 0.0, 7.218612593991569, 44.013817590684944, 94.50975632357918, 67.67604118505388, -9.755233675399966, 15.901583381856943, 61.62338329360766, -62.81531247133749], [200.0, 0.0, -5.392554952851647, 94.71714257802294, 12.527189623378954, -28.932208862450516, -27.11820102407163, -17.41119246422187, 24.513640015255067, 97.91439893524014, 69.94017906471221, 25.638511869098934], [200.0, 0.0, -83.36114734392137, -61.454113146179765, -83.07411026278575, -7.316166809286662, 80.27190674165865, 13.823475707021338, -40.021121725770634], [200.0, 0.0, -70.90510559761003, -49.44341636032521, -80.89928304713413, 76.80468861179183, -10.906112605533803, -33.92537084824825, 92.50379510889815, -87.23333189260893, 92.86580860375318, -47.093012664978076], [200.0, 0.0, -8.201328199334213, -55.000434196561066, 91.15736716230242, -42.69418569555001, -64.51407603642095, 0.9917131696838499, 91.37291824267155, 98.57225338164103, -23.788422794956276, -48.63842547049308, -70.16126392312168], [200.0, 0.0, -75.88296489430435, 71.02148248919029, -36.57942738918414, -41.028663541740265, -77.59636224497366, 75.38361228127081, 5.841552824098484, 74.52401586972061, 50.783956087695906, -14.116324805925773], [200.0, 0.0, 71.85227436801665, 83.66792087556438, -98.20113584897214, -91.14230677055684, -57.55126551001506, -46.629628597008164, -13.213293684050754], [200.0, 0.0, 22.748530154242186, 49.691694031129586, -33.82797580664152, 4.5705390906053855, 6.913878397643947, -52.35483587363012], [200.0, 0.0, -59.297171129631266, -33.956859731476705, 99.36072905013651, 63.24408338144125, -64.55565163437879, -34.56014380729593, -31.038728881200782, -40.55505178512766, 22.458393346850713, -10.606190756897217], [200.0, 0.0, 55.06728722923411, 13.445101401350978, 29.71873349044831, 80.07849734540584, 65.47899684089357, 0.388253752527401, -52.23720066773223, 35.67267512993699, 9.405572198487633, -58.35106015082945, -4.692957351172633], [200.0, 0.0, -43.779673230103164, 97.09542501381448, -47.04895741099138, -22.59284456495063, -0.5486148238265987, -33.64092548676418, 71.24594670338202, 88.21722944340647, -54.325555921886505], [200.0, 0.0, 39.80619514127497, -57.06659184918497, 94.73864902343752, 97.95450497644036, 97.88265610650397, -72.91774031552723, 30.633851216408114, 75.49980787006689, 3.262817155187525, 90.42528380941377], [200.0, 0.0, 84.42600179505122, 27.925156972838927, -80.64005358766866, -39.49699419875374, -91.57603946332615, -26.557999116338515, 48.7873581784318, 96.91387586387867]], "c": [4.79474595814685, 5.302962440307868, 5.110830544225475, 5.212160402433899, 4.954722537985004, 4.986657002586054, 4.752992746694915, 4.9659897905860415, 5.1173687755958515, 4.586121705341579, 4.945089858420906, 4.78594801372055, 5.137088164332544, 5.021727595683246, 4.792949347638203, 4.819264047253124, 4.725044258895082, 5.139779835871734, 5.307419807827952, 5.341235797485466, 5.094568298428562, 4.706110401314561, 4.802024867867022, 4.714478818031387, 5.060560600276965, 5.192512335865728, 4.653863372641609, 5.069486407573423, 5.44381098473133, 4.685122028707165], "caves": [[1, 2, 3, 4, 5, 6, 7, 8, 9, 10, 11, 12, 13, 14, 15], [16, 17, 18, 19, 20, 21, 22, 23, 24, 25, 26, 27, 28, 29, 30]]},