{"inst1": {"S": [[1, 2, 4, 7, 3, 5], [2, 1, 3, 6, 5, 8], [3, 2, 5, 8, 1, 7, 4], [4, 1, 6, 5, 7, 3], [5, 3, 8, 4, 2, 6, 1], [6, 2, 4, 5], [7, 1, 3, 4, 8], [8, 5, 3, 2, 7, 9], [9, 8, 10, 15, 11, 12, 13, 16], [10, 9, 11, 13, 14, 16, 12, 15], [11, 10, 12, 14, 9, 13], [12, 11, 16, 9, 10], [13, 10, 11, 16, 9], [14, 10, 11, 16], [15, 9, 16, 10], [16, 15, 12, 14, 10, 13, 9]], "f": [[200.0, 0.0, -88.92429453407348, 49.79637780175155, -39.42291107796518, 60.85677525385902, 36.94686868333783], [200.0, 0.0, 79.22351553394549, 0.3249490261231225, -5.3574837208744785, 37.62325160169557, -62.87973680514809], [200.0, 0.0, -42.38727456245446, 98.40574701201574, 71.47697968496402, 27.925276021104374, 70.99095419459678, -90.51911916653006], [200.0, 0.0, 49.84901351157431, -6.5200639524235715, 15.840937530961718, 38.54261909356933, 54.134324425965175], [200.0, 0.0, -7.8234195647569615, -13.526657411762312, 63.93005830054268, -38.76004452498314, -87.18701206493675, 39.40511389156762], [200.0, 0.0, -37.974032995685334, -59.61341165152565, -30.80238206620667], [200.0, 0.0, -3.4994585567405867, 97.9372791142394, -17.51915444906156, -76.40775370911332], [200.0, 0.0, 11.506569612100815, 59.026883042606414, -76.9476868955022, -34.2974208152633, 92.47729572120925], [200.0, 0.0, 90.367197630767, 14.871837056774972, 77.79989455695512, -33.31292299931508, 13.463120327622512, 78.8905914295633, -37.19656883216278], [200.0, 0.0, 47.372770056720846, 11.244118125993353, -84.6332194908741, 97.77682223202022, -47.92740993296041, -77.2044449979142, 63.59846165325986], [200.0, 0.0, -80.09058646923745, 62.944815056720316, -34.991306243160736, -88.39408965636042, 77.87743958623669], [200.0, 0.0, 60.83789735396399, 90.09960800833856, -10.4534070437035, -9.33621278150516], [200.0, 0.0, 79.94683733225143, 70.23853547535307, 92.8754511704468, 43.610998371178034], [200.0, 0.0, -0.6066581265712134, -95.49602696893709, 64.84279276114675], [200.0, 0.0, 15.867924062945082, 76.85130148996335, 85.75327043238508], [200.0, 0.0, 57.08547853786365, -74.82751381326078, 18.27906975292628, 12.764359211848596, -43.16662147115118, -54.565190545020585]], "c": [5.117191299627532, 5.2937052587906095, 4.605800698754625, 4.862340086840609, 5.388820407970905, 5.407124396707243, 4.615337949601542, 5.353258404423102, 4.890615361176621, 4.746893179630931, 4.818365875638913, 4.9233631596157235, 4.550342374272099, 5.480301121152925, 5.0502330683423455, 4.76934480165805], "caves": [[1, 2, 3, 4, 5, 6, 7, 8], [9, 10, 11, 12, 13, 14, 15, 16]]}, "inst2": {"S": [[1, 2, 3, 6, 7, 5], [2, 1, 3, 5, 4, 8, 7], [3, 1, 4, 8, 5, 2, 6], [4, 3, 5, 2, 8], [5, 4, 3, 2, 6, 1, 9], [6, 1, 3, 8, 5], [7, 1, 2, 8], [8, 3, 2, 4, 7, 6], [9, 5, 10, 14, 11, 15, 13], [10, 9, 11, 12, 15, 13, 14], [11, 10, 13, 9, 12, 14], [12, 10, 15, 11, 13, 14], [13, 11, 9, 16, 12, 10], [14, 9, 16, 15, 11, 10, 12], [15, 12, 14, 9, 10], [16, 14, 13]], "f": [[200.0, 0.0, 36.15502510987694, 99.17380081457559, -85.42056581101727, 64.05273504471526, -72.53145176635722], [200.0, 0.0, 8.402457425903332, -67.11962086816952, -41.77694451633116, -70.01404266889327, -21.239291020496708, -87.7447097773129], [200.0, 0.0, 86.10022352679347, -52.68713547194861, -80.29131067889377, -77.01384542702834, -91.1789407528164, 47.63106406317863], [200.0, 0.0, -39.46362693371479, 77.78165696942061, -72.8554275128233, 38.23446633167242], [200.0, 0.0, -68.38201959450461, 75.4829127172169, -13.288464404196421, 13.776779847256826, -73.83441757363047, 92.67622063085865], [200.0, 0.0, 2.2283772569059, -34.77873145753749, 91.47013854895872, 57.87065528682043], [200.0, 0.0, 81.72945288812348, -38.74041615995145, 36.05232028006489], [200.0, 0.0, 77.80383869998538, -92.48833412352843, -75.49878978922877, 69.29583973131481, -77.18302587036388], [200.0, 0.0, 77.89201421427272, 88.44413130675659, 19.20853919958667, -12.697495888562504, 26.92167720591192, -32.51645840124225], [200.0, 0.0, -31.621047745781205, 23.21664504491594, 77.05265684448908, 80.43445178688403, 38.81775772909424, 80.40513225130069], [200.0, 0.0, 45.23912397446068, 22.633164148423536, 45.451046799415806, -39.56364720061967, 63.266632135710886], [200.0, 0.0, -89.60162290587886, 55.49564668269831, 74.31120699319021, 29.741187073655894, -9.493308921201905], [200.0, 0.0, -22.12649631265624, 61.632272766877925, -71.88723451852714, -7.975219933157063, -15.233592440228971], [200.0, 0.0, 33.043680567808934, -19.52976416628156, -33.50648594441308, -37.99106095250524, -51.02228846298522, 4.092745286936772], [200.0, 0.0, 66.27005370059071, 61.08117639769921, 96.17721447005148, -73.0316800701257], [200.0, 0.0, 56.71761242549758, -45.99336772096976]], "c": [4.883598483043095, 4.649852706293676, 4.612740133381302, 5.232660018022804, 5.101765336311689, 4.630516917455912, 5.446750702441767, 5.450477370645031, 4.970403074173846, 5.135750789644193, 4.603418946858808, 5.123453131056975, 4.541508856246988, 4.857194402478314, 5.355759083422601, 4.561822866136222], "caves": [[1, 2, 3, 4, 5, 6, 7, 8], [9, 10, 11, 12, 13, 14, 15, 16]]}, "jmap": {"1": 1, "2": 4, "3": 2, "4": 6, "5": 5, "6": 7, "7": 8, "8": 3, "9": 9, "10": 10, "11": 13, "12": 11, "13": 16, "14": 15, "15": 12, "16": 14}}