{"inst1": {"S": [[1, 2, 3, 4, 5], [2, 1, 4], [3, 1, 5], [4, 2, 1, 5, 6], [5, 3, 4, 1], [6, 4, 7, 8, 10], [7, 6, 9, 8], [8, 6, 7, 10, 9], [9, 7, 8], [10, 6, 8]], "f": [[200.0, 0.0, 36.74415143430012, -29.094623552145627, 63.17238096320992, -80.39199553167222], [200.0, 0.0, -52.214761407828036, 99.71542381955794], [200.0, 0.0, 34.84520953736694, -65.10739159941448], [200.0, 0.0, -87.21680253669422, -35.46546762559788, -60.153771875247486, -86.41108589975674], [200.0, 0.0, -84.64545715609131, 56.38886661826044, 18.529822791951943], [200.0, 0.0, 29.77653694494533, 66.23113442705812, -45.82110954882115, 20.061427329714743], [200.0, 0.0, 44.89112820714527, 93.82293050859182, -90.13701080566841], [200.0, 0.0, 17.31939707143426, -54.19610630920979, 51.873610005025775, 44.01852321173332], [200.0, 0.0, -56.8801020569683, -54.06968978028384], [200.0, 0.0, -38.02504758184142, -15.720974149326539]], "c": [4.613724731962449, 5.059947274160229, 4.905940410682933, 5.190911082152892, 5.270786832511562, 4.51720241894604, 4.839743795311026, 4.778539653588572, 4.6368617746188105, 4.941655138786542], "caves": [[1, 2, 3, 4, 5], [6, 7, 8, 9, 10]]}, "inst2": {"S": [[1, 2, 3, 5, 4, 6], [2, 1], [3, 1, 4, 5], [4, 3, 5, 1], [5, 3, 1, 4], [6, 1, 7, 8, 9], [7, 6, 8], [8, 6, 10, 7, 9], [9, 6, 10, 8], [10, 8, 9]], "f": [[200.0, 0.0, -34.68474077942696, -36.70068298230276, -43.91706545786525, -35.32480886476526, 22.319603641312113], [200.0, 0.0, 55.01442549504474], [200.0, 0.0, -26.761227006902864, 3.4860500632868163, 51.29067892187575], [200.0, 0.0, -63.33704129102651, 12.810560376258762, 92.1504922123449], [200.0, 0.0, 9.547686177596294, 8.980883024525642, -18.691273941326834], [200.0, 0.0, 60.551173637317724, -40.15392529525559, -15.49563127958027, -1.0532836890800423], [200.0, 0.0, 64.81256092725054, 82.42364819723618], [200.0, 0.0, -3.2332159668708726, -21.85074493829473, -20.442793099024147, 54.230988351227396], [200.0, 0.0, -16.851861130058655, 0.04032867176022581, 70.45186220557835], [200.0, 0.0, -73.59906327279742, -67.83120945024086]], "c": [5.07298777579237, 4.523977487087804, 5.101700799324932, 5.243104507724087, 5.159265522164578, 5.3416271786175304, 5.239955087576334, 5.038885661745168, 4.871532244945173, 4.7487948405535905], "caves": [[1, 2, 3, 4, 5], [6, 7, 8, 9, 10]]}, "jmap": {"1": 5, "2": 4, "3": 1, "4": 3, "5": 2, "6": 8, "7": 10, "8": 9, "9": 7, "10": 6}}