{"inst1": {"S": [[1, 2, 3, 5, 6, 4, 13, 11], [2, 1, 12, 5, 6, 10, 3, 8, 11, 13, 14], [3, 1, 4, 7, 9, 12, 2, 6, 10, 8], [4, 3, 8, 1, 13, 10, 12, 11, 5], [5, 1, 9, 12, 11, 2, 8, 6, 4, 7], [6, 1, 11, 10, 2, 9, 5, 7, 3], [7, 3, 11, 8, 6, 5, 10], [8, 4, 10, 5, 11, 2, 7, 3, 13], [9, 5, 3, 11, 13, 12, 6], [10, 8, 13, 4, 6, 2, 3, 11, 7], [11, 6, 12, 5, 9, 7, 8, 2, 1, 4, 10, 13], [12, 5, 11, 2, 3, 9, 4], [13, 10, 1, 4, 9, 2, 8, 11], [14, 2, 15, 16, 18, 19, 17, 24, 26], [15, 14, 17, 23, 19, 26, 21, 16, 18, 22, 25], [16, 14, 21, 23, 15, 22, 20, 25, 24], [17, 15, 22, 25, 26, 14, 21, 20], [18, 14, 20, 21, 24, 22, 25, 15, 19, 26, 23], [19, 14, 24, 22, 15, 26, 18], [20, 18, 23, 21, 25, 17, 16, 22, 24], [21, 18, 16, 20, 17, 23, 25, 15, 24, 22], [22, 17, 19, 18, 23, 21, 16, 20, 15, 26], [23, 15, 24, 20, 22, 21, 16, 18], [24, 19, 23, 18, 14, 21, 26, 16, 20], [25, 17, 18, 20, 21, 16, 15], [26, 17, 15, 19, 14, 24, 18, 22]], "f": [[200.0, 0.0, -82.36142090489298, 43.31999667345636, -39.18180877205209, -32.54314268714047, 27.384794760048734, 42.28968154036621, 70.82263331850749], [200.0, 0.0, -67.34492165266282, -53.77928732007924, -26.013615030979764, -48.984467957774356, 89.54341682910321, -18.3218630752763, -64.68832374232909, 22.785152113250362, -33.75458621375955, -56.10852128287189], [200.0, 0.0, -70.70113482754014, -18.383028559256907, 18.01856346811426, 71.82805873914018, 76.04575061361354, 2.1738535992482655, -10.952048924610324, -16.706167171378983, -47.116220108248406], [200.0, 0.0, -66.45234054688704, -14.390218965458335, -87.5463171767483, 6.060982411333438, -38.99756011622786, 20.214486190934, -58.519766142483796, -47.297692363648494], [200.0, 0.0, 65.18962651989678, -75.07058372015074, -55.92356906070539, 30.755108475922356, 21.315336760999525, 13.174374901345299, 71.9494846591558, 50.71067852309306, 48.953944087567926], [200.0, 0.0, 83.5012798512202, 40.40946224526054, 40.82707612699625, 73.35208019920853, -1.0919035764980212, -25.998235906186284, -75.46153168309911, 1.3592600946708222], [200.0, 0.0, 47.582427414974646, 93.3090702297091, 79.20201637561695, 70.78904546305611, 55.23364788231176, 26.359713629975445], [200.0, 0.0, 46.09803649045276, -40.87181561514013, 16.491989745714577, 97.89920298085188, -41.88221995522563, 90.48122273298398, -79.44791882723115, -67.31573247698456], [200.0, 0.0, -10.815246935764478, -41.8860807211922, -81.67102158275115, -49.40448135205315, -4.380727823794084, 69.32546289133316], [200.0, 0.0, 34.73202190450668, -55.03858727094739, -85.38018982545812, 32.09024373359459, 73.82815429747045, 29.719766162067017, -36.222883380753565, 6.086013735664375], [200.0, 0.0, -25.78652835968247, 55.21260852990319, -74.17124459732243, 63.8248318352997, -40.771786220304975, -57.044843791998545, 38.73335657783152, 28.456591407417097, 73.38467984200969, -36.04236722093559, 97.6190262525521], [200.0, 0.0, -18.370386970592033, -7.067357211429881, 25.14760343534823, -86.89604139823837, 90.22865550976272, 59.75250978841118], [200.0, 0.0, 77.30619133167546, -18.319703044895384, 20.60596278035789, 71.54335924429492, -53.08385413859511, -16.30176775195793, 59.20154419925463], [200.0, 0.0, -29.686361409535266, 50.536458749412816, 16.46524495545616, 55.29254954521549, -90.1484590523476, 34.79760000430056, 55.71182088866251, -36.91614305587889], [200.0, 0.0, 84.16244412278961, 96.52159379658293, -84.44575841658965, 95.60132753032251, 1.494112404204917, 92.73314388865397, -91.66661206900079, -80.51901770785224, -69.12950152676287, -90.02259653503958], [200.0, 0.0, 50.75458318337647, 16.23763601188277, 4.408848001353793, -72.15755946814888, -39.548329808648795, 40.68429724676172, -48.388858933768056, -21.68076155656362], [200.0, 0.0, 63.00677422839978, -36.38746363370697, 88.80797638415905, -70.19182592649452, 56.7896202925309, 29.820301948048677, 56.370062984482196], [200.0, 0.0, 91.98239204516914, 3.094115269998632, 80.70773390318618, 24.02170877045471, 6.898533571432419, 62.86238060706233, 64.8434881152846, 87.89959241100395, 9.071152186237974, -36.61483061691821], [200.0, 0.0, 97.50067300535514, 13.29973454468738, 40.11847858625715, -75.57936826627144, 97.96380617991791, -36.742427771227426], [200.0, 0.0, -39.47609762590294, 53.542735699339076, 24.240988464315507, 12.173936024655351, 44.18839140814947, 11.63996780159582, -60.212291326101955, 62.7026122941871], [200.0, 0.0, -15.995857512761734, 83.40119720099916, 33.9118621875532, 42.680687395104044, -22.793756343990168, -92.09315648750096, -44.393723462850645, 66.30302568191966, 9.203556913249633], [200.0, 0.0, -98.41715893974768, -20.966652336936598, 44.18884879129694, -53.54758868486395, -9.862307509363788, 2.092607925258383, -18.498890520919154, -38.68548329309098, 1.4074930558161114], [200.0, 0.0, 36.42118491665172, -56.425967242835725, 86.10230159917506, 25.49272384384611, -7.112784210504786, 72.28548988738606, -86.86664942921465], [200.0, 0.0, -51.461512078407125, -58.41922875152412, 21.932193119236707, 85.87375907925285, 54.4217915193604, 44.506846870186266, -89.26095407480656, 17.822028625409715], [200.0, 0.0, 18.23606759825187, -51.33029276718164, 89.93352805425012, -40.17762538957197, 9.471052976001658, 2.031473062185918], [200.0, 0.0, -82.16302343018984, 24.3919709267735, 81.49483169347565, -30.39542801928581, -70.20013209914558, 72.25771966347322, -28.39653595050402]], "c": [5.136637483537951, 4.830888902897677, 5.326416010324279, 4.913740904647227, 4.93440450635371, 5.145706283484612, 4.781651558483825, 4.732742048314065, 4.553770934653067, 4.9547118099012595, 4.711270201685658, 5.461188212769581, 4.657674721304627, 4.588078171651902, 4.685321721404812, 4.935377127516781, 5.15719274682635, 4.836422075694044, 4.846277201106519, 4.70546445883782, 5.00531007015412, 4.824894341886642, 5.171823682787488, 4.999880005177991, 4.621962072591341, 5.217211106815148], "caves": [[1, 2, 3, 4, 5, 6, 7, 8, 9, 10, 11, 12, 13], [14, 15, 16, 17, 18, 19, 20, 21, 22, 23, 24, 25, 26]]}, "inst2": {"S": [[1, 2, 3, 6, 7, 9, 13, 10], [2, 1, 8, 5, 6, 3, 7, 12], [3, 1, 4, 7, 11, 9, 2, 10, 8, 5, 13], [4, 3, 5, 10, 13, 12, 9], [5, 4, 12, 6, 13, 2, 8, 11, 3, 9], [6, 1, 5, 11, 12, 7, 2, 10], [7, 3, 9, 11, 1, 6, 10, 12, 8, 13, 2], [8, 2, 9, 10, 13, 5, 3, 7], [9, 7, 8, 3, 11, 13, 12, 1, 4, 5, 14], [10, 4, 12, 8, 3, 7, 1, 6], [11, 7, 3, 12, 9, 6, 13, 5], [12, 5, 10, 4, 11, 9, 6, 7, 2], [13, 4, 9, 8, 5, 11, 1, 7, 3], [14, 9, 15, 19, 24, 25, 22, 21, 23, 20, 26], [15, 14, 16, 17, 18, 20, 25, 24], [16, 15, 21, 22, 19, 26, 18], [17, 15, 21, 20, 26, 25, 18, 23, 24], [18, 15, 26, 22, 23, 17, 21, 16], [19, 14, 22, 25, 23, 16, 26], [20, 15, 25, 17, 23, 14, 26, 21, 22], [21, 17, 22, 23, 24, 16, 26, 14, 20, 18], [22, 21, 19, 14, 18, 16, 24, 23, 20], [23, 21, 25, 20, 19, 18, 14, 22, 24, 17], [24, 21, 14, 26, 22, 15, 23, 25, 17], [25, 23, 20, 14, 15, 17, 19, 26, 24], [26, 18, 21, 17, 24, 19, 20, 16, 25, 14]],