{"inst1": {"S": [[1, 2, 5, 7, 4, 3, 9], [2, 1, 3, 7, 8, 10], [3, 2, 4, 7, 10, 8, 1], [4, 3, 6, 8, 1, 9, 5, 7], [5, 1, 8, 9, 6, 4], [6, 4, 7, 5, 8, 9], [7, 1, 9, 10, 6, 2, 3, 4, 8], [8, 5, 4, 3, 6, 2, 9, 7, 11], [9, 7, 5, 4, 10, 6, 8, 1], [10, 7, 9, 3, 2], [11, 8, 12, 14, 18, 20, 13, 16, 17], [12, 11, 13, 15], [13, 12, 16, 15, 19, 14, 17, 18, 11], [14, 11, 15, 19, 20, 13, 17], [15, 14, 17, 13, 12, 19, 18, 16, 20], [16, 13, 17, 18, 20, 19, 15, 11], [17, 16, 15, 20, 13, 14, 11], [18, 16, 11, 15, 13], [19, 14, 16, 13, 15, 20], [20, 14, 16, 17, 11, 19, 15]], "f": [[200.0, 0.0, -12.359465363840139, 81.14976272092194, -19.369205221059982, -44.034038379255456, -66.78343557619311, 94.50501192799123], [200.0, 0.0, 1.1149857032972221, 18.16845790758257, 44.53149502667373, -46.47263780388995, 76.14950401086031], [200.0, 0.0, 21.707549358513624, -60.71571591814855, -59.684164056979405, 44.705891280813546, -7.117762687177942, 58.37408554495778], [200.0, 0.0, -94.65974220063138, -2.4080422612537955, 76.60607304616556, -77.99238517912681, 10.345811990949816, 95.42893362654212, 12.426296852740016], [200.0, 0.0, -72.30117935360983, -4.632927355602567, -15.140013666537522, -41.360630881502836, -69.1506921041183], [200.0, 0.0, -24.257381621537945, -76.85703203558785, -17.93361162750258, 65.38745475126974, 72.14087060361989], [200.0, 0.0, 42.996150401518804, 35.88903170270847, -84.53815665004562, -17.942334601684284, 32.950502896811365, -96.46299384815964, 56.33688511853707, 4.687209809565451], [200.0, 0.0, 89.50612628004502, 2.074559479046245, 26.253400350333813, -44.60409342263188, 31.641944324761727, 34.11881810890331, 19.686439240026377, -99.82803424892022], [200.0, 0.0, 60.48260822570634, 56.253988431302496, -35.77046685481275, 8.472534083331574, 93.33468596299812, 62.74065210670887, 1.2460838520946371], [200.0, 0.0, 40.21934763419688, -46.30366478393135, 33.501122825890796, -37.718170165051745], [200.0, 0.0, 25.83362968592624, 16.266580558747656, 64.11402906062993, -88.89685483342558, 42.01679824638942, 41.677953006908, -99.75790275484597, 5.746978030141259], [200.0, 0.0, -35.02057882882246, 79.88082113654941, -99.50664114816364], [200.0, 0.0, -20.203036836116528, 26.17482705159979, 94.48116554820238, -2.789329440300037, 77.54202196244407, -58.59252032050366, 90.27459617722, 28.953073972531975], [200.0, 0.0, -11.16324699188076, -68.26498362848187, -2.225773059663272, 38.703173870569785, 47.79268439394746, -64.50213452096887], [200.0, 0.0, -35.011083481423434, -66.76402042149525, -86.94190300758824, 22.76170746554984, -28.65763126911287, -37.89916404387823, -81.39783131470999, 42.81209138495521], [200.0, 0.0, 24.819361169954334, -66.79712863927791, -24.141536315294676, -55.60562534268827, 16.63334997969077, -71.35965238305802, -44.78971937944447], [200.0, 0.0, -60.90557952741145, -47.6376148461962, -8.783057672444805, 53.58572088719817, 88.6816963581482, 42.7858139627864], [200.0, 0.0, 47.63284635684612, 8.34674170383094, -6.850149838821662, 68.83045884941632], [200.0, 0.0, -80.42379776065798, -77.77814981249946, 39.66653043100277, -82.54481121949301, -20.7609434782404], [200.0, 0.0, 6.325929637611916, -15.715872255674235, -4.692245879924828, -64.67111015642197, 10.47385704701227, 69.25766490902127]], "c": [4.989619924644716, 4.648930100072025, 5.280595554833086, 4.708343649910883, 4.891563122632726, 5.060558194012236, 4.913244779560554, 4.721865654666377, 5.186231596579358, 5.255046427647418, 5.31879070148971, 4.535060075170514, 5.376345202281597, 5.163050699631091, 4.552182200257058, 5.000809976421446, 4.637430538998711, 4.849358116168147, 5.301563117915918, 5.0089607808440055], "caves": [[1, 2, 3, 4, 5, 6, 7, 8, 9, 10], [11, 12, 13, 14, 15, 16, 17, 18, 19, 20]]}, "inst2": {"S": [[1, 2, 5, 8, 10, 9], [2, 1, 3, 4, 9, 10, 6], [3, 2, 5, 10, 8, 4, 9, 11], [4, 2, 5, 9, 10, 3, 7], [5, 1, 6, 7, 4, 10, 3, 8, 9], [6, 5, 2, 10, 9, 7, 8], [7, 5, 10, 9, 6, 4], [8, 1, 5, 3, 6], [9, 2, 4, 1, 6, 5, 7, 3], [10, 7, 2, 1, 5, 6, 3, 4], [11, 3, 12, 16, 20, 15, 19, 13], [12, 11, 13, 16, 18, 15, 20], [13, 12, 14, 17, 18, 19, 15, 16, 11], [14, 13, 15, 16, 20, 17, 19], [15, 14, 19, 20, 11, 13, 12], [16, 11, 17, 12, 20, 14, 13], [17, 13, 16, 19, 20, 14], [18, 13, 20, 12, 19], [19, 15, 11, 17, 13, 18, 14], [20, 18, 11, 15, 16, 14, 17, 12]], "f": [[200.0, 0.0, 92.83864426309154, -91.2908482129114, 89.8721627655162, 72.52269320575387, 77.83447187513018], [200.0, 0.0, -12.098549242939004, 83.1073518574333, -96.77494858549463, -86.17261367046558, -76.20995007922753, 79.13014132495084], [200.0, 0.0, 78.44016317178684, 86.37046416651685, 68.59732969024309, -66.6258498654389, 71.18027880930356, -18.13582716155837, -71.33953529766342], [200.0, 0.0, -99.17136000786651, -41.98638092366871, -95.32081591025836, -24.569954831361752, -65.1496816960404, -37.31379469586247], [200.0, 0.0, -84.81395868422126, 67.24200515567964, -74.56316318791802, 89.91386178999139, 81.1538672453629, -0.4739688264114639, 65.85396926460751, 40.53459536478678], [200.0, 0.0, 28.074430959459896, 86.68099874421556, 27.278544948640395, 63.72194998150806, 10.488589273617443, 16.564533354700828], [200.0, 0.0, -75.83062934926757, 73.93742332147085, -66.86174911829865, -26.97466209200361, -16.63946242421006], [200.0, 0.0, -20.71240723963397, 20.577968994583106, 58.648382600886585, 2.9452927706623777], [200.0, 0.0, -82.79576915372179, -80.48759660842559, -43.48667851985797, 73.57704656635826, -84.49611314065208, -5.272922742470554, 73.3115003550844], [200.0, 0.0, -16.88012066091289, -31.933330145150272, 65.53174392075638, -93.60515145615351, -35.844199168829306, -96.55311763299514, -14.446087176530042], [200.0, 0.0, 26.063092187085466, -82.01445167327594, -47.902577176626934, -12.785807126345162, 4.584847578211826, 76.02731315696924, -31.39022536733771], [200.0, 0.0, 36.09725122983254, -50.32028016693637, -85.00157130029646, 16.175971110294785, 57.361728912813234, -54.21427013509397], [200.0, 0.0, -67.48062933988781, 11.74436895031481, -86.28319213972564, 55.16583460063047, -64.25306919243943, -24.963620913257678, -85.08157849272739, -74.64024472951611], [200.0, 0.0, -74.58498144330696, 85.07658289381648, 11.136650815252258, 39.447118099584124, 46.117005567575184, -65.99340100059416], [200.0, 0.0, -71.35834184943946, -80.21085780113617, 54.69643452702251, 40.85823454626654, -5.067404380541718, -80.90434977458966], [200.0, 0.0, 25.61013488659103, -35.57827942040059, 71.20065413866301, -8.533866667199641, -95.39462494104518, 68.50627007022479], [200.0, 0.0, 1.984055814946828, 61.068117692110825, -33.44058029664474, 75.03140321700825, -51.131139850047866], [200.0, 0.0, 72.60598644061615, -72.1770153607414, 92.5673233459405, -45.43743246929568], [200.0, 0.0, 98.7601862538706, -41.62615166157077, -82.04226888977135, -25.22227967100017, 65.47278814628852, -3.030352944472292], [200.0, 0.0, -21.327997845388147, 81.9391170431767, -85.10508912638512, 84.95613817701957, 36.6292210993034, -28.2879470682607, 9.225784310636186]], "c": [4.684642617230737, 4.9508280265881135, 4.827511697810341, 4.990964888074335, 4.771509133750019, 4.841209016722802, 4.842376182031655, 4.7323918969967655, 5.302035008098968, 5.457173950943976, 5.312500363078465, 4.775845967959116, 4.63429579808504, 5.192161609662787, 5.326276702940452, 5.198976919589719, 5.426316083458475, 5.242902257770459, 4.907091606539965, 4.765590314593418], "caves": [[1, 2, 3, 4, 5, 6, 7, 8, 9, 10], [11, 12, 13, 14, 15, 16, 17, 18, 19, 20]]}, "jmap": {"1": 2, "2": 5, "3": 1, "4": 4, "5": 8, "6": 3, "7": 7, "8": 10, "9": 9, "10": 6, "11": 11, "12": 16, "13": 14, "14": 12, "15": 15, "16": 13, "17": 20, "18": 19, "19": 17, "20": 18}}