{"inst1": {"S": [[1, 2, 3, 5, 6], [2, 1, 4], [3, 1, 5, 4], [4, 2, 3, 5], [5, 3, 1, 4], [6, 1, 7, 8, 10], [7, 6, 9, 10], [8, 6, 9], [9, 8, 10, 7], [10, 6, 9, 7]], "f": [[200.0, 0.0, 48.85197051873747, 86.63940970594251, 11.541716418740155, 35.82083412246655], [200.0, 0.0, 43.34107179708864, 1.1953096141157138], [200.0, 0.0, -39.335537210333584, -12.589502012163045, -5.437697609564673], [200.0, 0.0, -65.03745493797825, -44.58072753561417, 0.5298615711240684], [200.0, 0.0, -81.10551915712081, 77.80446367016465, 61.20557399328626], [200.0, 0.0, 54.94543515896786, -8.936347599144856, 96.49948899959722, 71.63670959382631], [200.0, 0.0, 42.52543986080444, 81.06264781992041, -3.479578951622986], [200.0, 0.0, 37.69981911131133, -55.32212736405027], [200.0, 0.0, -7.442537287377382, 76.95724696104203, -65.16476636889514], [200.0, 0.0, -36.994218477231655, 57.17828051265015, 52.08536213895165]], "c": [5.150257124762566, 5.4934795886767285, 5.4224762099806005, 5.363012580545433, 5.105865614020575, 4.973240774488119, 5.046707683516418, 4.988532671176775, 5.482401664026639, 4.866458275107022], "caves": [[1, 2, 3, 4, 5], [6, 7, 8, 9, 10]]}, "inst2": {"S": [[1, 2, 3, 6], [2, 1, 3, 4], [3, 2, 5, 1, 4], [4, 2, 5, 3], [5, 3, 4], [6, 1, 7, 10], [7, 6, 8, 9, 10], [8, 7, 9], [9, 7, 10, 8], [10, 9, 7, 6]], "f": [[200.0, 0.0, -19.16246852850221, -39.531017819891744, 10.72614389346802], [200.0, 0.0, 78.14186739537267, -31.140420930455615, 33.66593759321499], [200.0, 0.0, 60.17894551107128, 75.21531790295344, 30.782168071681237, 61.818888977861675], [200.0, 0.0, 52.36483904498739, 10.711166608573986, -14.17678623008658], [200.0, 0.0, 71.77437128973689, 60.62708508340244], [200.0, 0.0, -10.039195080925678, -94.85533900848806, -26.675093067213474], [200.0, 0.0, -12.776957180085535, -84.29991489868863, 86.9678295131532, 17.096815979123893], [200.0, 0.0, -60.21848796412439, 14.067591308515892], [200.0, 0.0, -74.37674491281732, 98.79501151566856, -17.47024656706695], [200.0, 0.0, 18.184269220350057, -56.55253784393479, -15.76536944629192]], "c": [5.307950450035691, 4.78796624303614, 4.826054798072506, 4.818752590049485, 4.958198184274187, 4.925058371342777, 4.983760817001332, 4.985272088457372, 5.33626943206527, 5.221407641004276], "caves": [[1, 2, 3, 4, 5], [6, 7, 8, 9, 10]]}, "jmap": {"1": 1, "2": 2, "3": 3, "4": 4, "5": 5, "6": 6, "7": 7, "8": 8, "9": 9, "10": 10}}