{"inst1": {"S": [[1, 2, 3, 4, 5], [2, 1, 5, 4], [3, 1, 4], [4, 1, 3, 2, 6], [5, 1, 2], [6, 4, 7, 8, 10], [7, 6, 10], [8, 6, 9, 10], [9, 8, 10], [10, 7, 8, 6, 9]], "f": [[200.0, 0.0, 37.993421533730775, 22.714837478146954, -4.476370830264198, -15.575597443853528], [200.0, 0.0, 57.03111837526935, -26.190928981276418, -94.5349892075343], [200.0, 0.0, -27.099621353768754, 71.97997043108234], [200.0, 0.0, -55.79810260848974, 78.9884481757022, -99.582006532979, -82.62331395818538], [200.0, 0.0, 65.44244384295288, 2.2506979006899464], [200.0, 0.0, 25.79666298395591, -61.18163150145175, 38.85133699296088, 86.58603381905824], [200.0, 0.0, 8.870127494910495, 85.87053105989287], [200.0, 0.0, -60.26325132050401, 54.87448149919245, 29.203020535281745], [200.0, 0.0, -85.30569715043674, -99.11615810013805], [200.0, 0.0, 82.47114511721819, 48.35402978063323, 28.17783496581101, 84.98644794595836]], "c": [4.731595682899685, 4.793283847456587, 5.195269852030792, 5.095592421315235, 4.67141167413539, 4.807260630865384, 4.735568374618103, 5.387871611726441, 4.86578422484492, 5.096982861458395], "caves": [[1, 2, 3, 4, 5], [6, 7, 8, 9, 10]]}, "inst2": {"S": [[1, 2, 3, 4], [2, 1, 3, 5, 4], [3, 2, 4, 1, 6], [4, 3, 1, 2], [5, 2], [6, 3, 7, 8, 9], [7, 6, 10, 8], [8, 6, 7, 10], [9, 6, 10], [10, 7, 9, 8]], "f": [[200.0, 0.0, -11.86063554357768, -39.52647227926867, 71.98355327370543], [200.0, 0.0, -51.71268070540967, -96.53142514957219, -95.77029308212471, 79.28501733615663], [200.0, 0.0, -85.00907185444082, 7.859675786166331, 49.44489683398705, -64.20940722936108], [200.0, 0.0, 80.02080227316594, 22.643031659741887, 65.40691124772763], [200.0, 0.0, -75.43786425068532], [200.0, 0.0, -51.99208259314789, 8.525113070742574, -51.339036305412876, -26.623187561241068], [200.0, 0.0, 8.523105880671334, 53.60057997569747, -5.7920805283321775], [200.0, 0.0, -58.14310717711049, 47.7447798947463, 2.852651769604586], [200.0, 0.0, 61.75587301180758, -38.09679184705601], [200.0, 0.0, 78.42611517925721, 42.499885656179345, -15.961889603561264]], "c": [4.864271322175925, 4.755985491772984, 5.027091797248532, 4.8982150045659125, 5.284775025010284, 4.97647995822183, 5.484706898466465, 5.04870868411087, 4.583117199532461, 5.3409432261740575], "caves": [[1, 2, 3, 4, 5], [6, 7, 8, 9, 10]]}, "jmap": {"1": 2, "2": 4, "3": 5, "4": 1, "5": 3, "6": 7, "7": 10, "8": 6, "9": 9, "10": 8}}