{"inst1": {"S": [[1, 2, 3, 4, 5, 6, 8, 7], [2, 1, 5, 3, 11], [3, 1, 8, 10, 7, 2, 5, 9, 4, 6], [4, 1, 6, 7, 10, 5, 8, 3], [5, 2, 1, 4, 3, 6, 9], [6, 4, 8, 10, 1, 7, 3, 5], [7, 4, 10, 3, 6, 9, 1], [8, 3, 9, 6, 4, 1], [9, 8, 10, 3, 7, 5], [10, 3, 7, 9, 4, 6], [11, 2, 12, 19, 18, 15, 13, 16], [12, 11, 13, 14, 15, 18, 16, 17, 19], [13, 12, 16, 17, 18, 15, 11, 20], [14, 12, 17, 20], [15, 12, 17, 20, 13, 16, 11], [16, 13, 20, 12, 18, 15, 19, 11], [17, 15, 20, 13, 14, 12, 19], [18, 12, 19, 13, 16, 11, 20], [19, 18, 11, 17, 12, 16], [20, 17, 16, 15, 14, 13, 18]], "f": [[200.0, 0.0, 70.03151986627243, 43.42882836717641, 78.14684796198289, -76.4737095431356, -38.882191642719064, -26.353584068302016, 63.320400903460204], [200.0, 0.0, -48.91837877118592, 46.844757245199986, 89.6995290866519, -0.2757906774634167], [200.0, 0.0, -36.58641372563272, -30.45545218402306, 1.5141928015847572, -21.671151225154684, 17.639726701942028, 12.047580979644357, 65.87140526766512, -78.71767755439933, -9.946856645307145], [200.0, 0.0, -82.20847913392075, -73.13796983011068, 34.53571077978883, -56.19848005074177, -62.03702202608077, 8.25947514749188, -88.97335193232188], [200.0, 0.0, 53.42255176890281, 61.56070998601846, 8.418157318219288, 37.39965883404206, -62.063668885624956, -92.01618508262068], [200.0, 0.0, 67.01736250130826, -32.5770715066241, -58.017877662651586, 24.45877657318345, -3.1710859618715004, 78.60292272143512, -38.3479493896576], [200.0, 0.0, 71.67949521360042, 19.157043157331778, 41.34938744151204, -26.170026732830575, 0.5939889467299286, 89.6273770649997], [200.0, 0.0, -31.211506051329962, -96.12866298372107, 93.51647215560423, -95.56470824470951, 51.28276771506104], [200.0, 0.0, -36.46306874867567, 88.99268349110162, 45.62633505327221, 14.534198138162857, -51.3759151952867], [200.0, 0.0, 26.808713158772978, -21.430159476716625, -13.91937835944972, 65.91167498728522, -0.8293134692787474], [200.0, 0.0, -22.322011001504016, -49.17556618096091, -11.710717400235083, -96.84675720565987, -2.8204402452464583, -48.718101897865694, 35.4570809563423], [200.0, 0.0, 2.5777279997172053, 43.567848568740054, 99.25466624961035, -66.37177470313335, 2.319000475892441, -22.132189984126693, 44.314214765198365, -45.78721449961414], [200.0, 0.0, 66.63600001468446, -13.021042058505605, 40.049274335300254, 97.10408886966306, -56.43585293751565, -13.846463284103105, 44.72476638741594], [200.0, 0.0, 17.3297361936817, 6.227717000313349, -23.37413441393259], [200.0, 0.0, -79.98649047098827, -27.85085915273886, 86.15231280297688, -87.30170652387923, 35.434643377416506, 17.7974733956207], [200.0, 0.0, -78.49209443399181, 84.25092492858069, 0.5147714745191712, -2.9979830340759683, 5.717068080719345, -33.46820188461219, 35.48143742517995], [200.0, 0.0, 43.64788237427497, 99.23000039042998, 99.743082306194, 49.09992379121808, 13.287900977270596, -48.65969958631566], [200.0, 0.0, 17.2066328422966, 74.71611726134759, 39.706224787534936, 58.31216051221813, 86.74647843057268, 91.8683588868019], [200.0, 0.0, -33.67878405609473, 59.6570284442276, 67.90859278775716, 38.46572843374714, 90.64053125553086], [200.0, 0.0, -17.180557211281688, -72.93636701873329, 22.67293838934219, 98.09622441230404, -41.4069264070468, -13.16486750971566]], "c": [4.747734967737767, 5.358093533996186, 5.497763165342762, 4.625185304859715, 4.8669008754651895, 5.440668607468249, 4.510897819896005, 4.970299826827049, 4.707934208520507, 5.199559395236676, 4.979021356369803, 5.338629804960063, 5.257362288182817, 5.3930700216841245, 4.731831784187591, 4.852270685826907, 5.059109224653892, 5.42291812429504, 4.85511016088668, 5.189259210758801], "caves": [[1, 2, 3, 4, 5, 6, 7, 8, 9, 10], [11, 12, 13, 14, 15, 16, 17, 18, 19, 20]]}, "inst2": {"S": [[1, 2, 4, 5, 7, 10, 3], [2, 1, 3, 10, 7, 4, 9], [3, 2, 8, 5, 10, 7, 6, 1, 4], [4, 1, 2, 8, 3, 7], [5, 1, 6, 8, 3, 10, 7], [6, 5, 3, 9, 10, 8, 7], [7, 1, 10, 3, 2, 5, 9, 4, 6], [8, 5, 9, 3, 4, 6], [9, 8, 6, 2, 7, 11], [10, 7, 5, 3, 2, 1, 6], [11, 9, 12, 16, 17, 19, 14, 13, 20], [12, 11, 13, 14, 19, 20, 16, 15], [13, 12, 15, 14, 17, 19, 11], [14, 12, 13, 15, 17, 19, 11, 20, 16, 18], [15, 13, 14, 18, 12], [16, 11, 12, 14, 19, 17], [17, 11, 18, 20, 19, 13, 14, 16], [18, 17, 15, 14], [19, 12, 17, 11, 14, 13, 20, 16], [20, 17, 12, 19, 14, 11]], "f": [[200.0, 0.0, -85.42115065053476, -24.80793683620359, 33.02851918389009, 11.695556112829731, -78.9161780975942, 35.51148965561606], [200.0, 0.0, -74.06088549314494, -47.726562975140105, 78.33236865867251, -92.02766460457781, -34.75654406195747, 76.37870499322166], [200.0, 0.0, 49.33988211192539, -80.62459324318698, 70.75069103912392, 93.18500622812167, 26.731833862541677, -67.06026604501179, -71.35319128816072, -43.6741108915558], [200.0, 0.0, 79.14498490997417, 84.70700112982045, 80.60730253493726, -51.46417461855002, 71.56260299374928], [200.0, 0.0, -71.63344040556798, -72.84996548758953, 92.29208012522278, 23.8475808713015, -25.99695981206427, 96.42023863794074], [200.0, 0.0, -45.264181847821526, -81.18269252809111, -78.210123779454, 81.04146659985028, -96.95692745328026, -72.95702512226035], [200.0, 0.0, 66.48779217703147, -66.95065849699664, -86.29750892426198, -93.42522543098393, -23.383125203141454, -9.81264402377382, -38.693127604145296, 34.0766731902776], [200.0, 0.0, 27.60603919153546, -62.455364397467015, 87.56099279912158, -56.95537365273875, -70.31956930057213], [200.0, 0.0, -72.70096250109073, 44.531229351837176, 59.21032855074431, -20.04852442757885, 17.174160944332595], [200.0, 0.0, 68.12335473439259, 85.33079688687344, 85.88564581108744, 68.56386897553773, 7.514924225535169, 1.4966363458336795], [200.0, 0.0, 64.91086665518584, 82.12584239754526, -97.35664152064875, -69.17786267418771, 79.00746440858532, -64.76388132857763, 4.04124990391721, 87.79601503499552], [200.0, 0.0, -45.27115211240174, -15.217446953167112, -17.255467498512054, 96.06430095738305, -2.0336736889565943, -69.6231044501191, 71.61149442231762], [200.0, 0.0, 62.07480667909837, 17.373654626713495, -45.51071628391552, 97.37338579796517, -20.04392143846958, -15.075778072257396], [200.0, 0.0, -2.4509360894596766, 98.1388584445974, -2.2633004310852467, 86.83950295330527, -17.933246906795432, 97.19032222416679, -38.72564508674634, 42.77222590571201, 77.17512059994407], [200.0, 0.0, -37.82691116287553, 75.94917626989697, 69.28949586358391, -75.16825378187607], [200.0, 0.0, -39.548783279935584, -80.53894397480296, -33.96532683095275, 45.17334509023527, -93.2308215571934], [200.0, 0.0, -52.41775686498986, -23.705978330150536, 9.779136774811992, -98.88142901309718, -80.58195185109031, 96.40344643126437, -98.11207280711638], [200.0, 0.0, -32.289707441677336, 51.998224457275775, -10.481512991865083], [200.0, 0.0, 74.29812861238207, 27.21268225045277, -58.727065695836146, -89.5051661299351, -81.41230696589045, 62.11152123888355, -70.85201056109666], [200.0, 0.0, 41.510496826783694, -44.53122104014069, -13.353933921950256, -68.5416451751389, 56.979192759139295]], "c": [4.622286265845355, 5.331818734197513, 5.1650231435295915, 4.600184308130797, 4.869521003709057, 4.7454865117426355, 5.323836833671478, 4.566950478329807, 5.091707397336276, 4.7053902388561495, 4.947753567159103, 5.220250660576746, 5.308447946580879, 5.475969795051167, 4.524114522098933, 4.816685028452437, 5.1842703102694925, 5.0193212747510465, 5.146704992724638, 4.608541415879363], "caves": [[1, 2, 3, 4, 5, 6, 7, 8, 9, 10], [11, 12, 13, 14, 15, 16, 17, 18, 19, 20]]}, "jmap": {"1": 10, "2": 9, "3": 8, "4": 3, "5": 2, "6": 7, "7": 1, "8": 6, "9": 5, "10": 4, "11": 17, "12": 20, "13": 19, "14": 14, "15": 13, "16": 18, "17": 16, "18": 12, "19": 11, "20": 15}}