{"inst1": {"S": [[1, 2, 3, 5, 7, 8], [2, 1, 4, 6, 3, 8], [3, 1, 2, 4, 5, 8], [4, 2, 5, 6, 3], [5, 4, 7, 8, 1, 6, 3], [6, 2, 8, 5, 4], [7, 5, 1, 8], [8, 5, 6, 2, 7, 3, 1, 9], [9, 8, 10, 11, 14, 13, 16], [10, 9, 12, 14], [11, 9, 13, 16, 12], [12, 10, 15, 11, 14, 16, 13], [13, 11, 9, 15, 14, 12], [14, 9, 16, 10, 15, 12, 13], [15, 12, 16, 14, 13], [16, 15, 11, 14, 9, 12]], "f": [[200.0, 0.0, 73.25091963165731, 59.322395743116175, 48.796447958243846, 9.069839995426165, -84.54860920701994], [200.0, 0.0, -96.40154872107192, 70.04956707799603, -24.07770660318196, 37.74463859242743, -42.914095641438465], [200.0, 0.0, 3.2633521552244638, 55.61957439792569, 93.51958753127062, 69.20753160687707, -82.27954048991477], [200.0, 0.0, 66.38403074474886, -21.5763756178154, 9.166513396487108, 69.91856061188733], [200.0, 0.0, 82.3646514375743, -59.380258951949294, 40.056304024665245, 51.50955908091521, 46.257811708726024, -84.53310322082682], [200.0, 0.0, 68.9334524735493, -70.77610477069946, 36.400277735132015, -42.85829257456526], [200.0, 0.0, 82.26934829769765, -55.42916038022585, 63.754252971804306], [200.0, 0.0, 32.45342784615299, 77.36099640458869, -42.02901799887584, -10.59483282405389, -96.68236997343196, 48.104443538377616, -13.33090829218988], [200.0, 0.0, -32.86905057849832, 97.49179187997088, 54.191457506228666, -98.09345335421524, 1.6760986523809196, 91.85558926335592], [200.0, 0.0, 78.54867631375124, 1.7883587700192605, 14.239322872868687], [200.0, 0.0, 80.90342130148235, -71.46086699223588, 80.11194207825531, -73.02747302078048], [200.0, 0.0, -34.90515448602518, -66.62220510688257, 37.24896925787522, 47.653664197966414, 79.18478181977156, 60.00897722322955], [200.0, 0.0, -48.99126717155933, -13.69311895329246, -69.82453785139859, -76.20435669440488, 33.30435619958645], [200.0, 0.0, -96.47771427241261, 61.002716091251116, 63.03339809249917, 58.210761474468285, -3.728559704688772, 40.2941626409147], [200.0, 0.0, 93.6416414698769, 37.65850276381511, 98.50290314737768, -8.932458577984548], [200.0, 0.0, 43.739282086181674, 15.500967791631815, 97.17181471080588, -99.28257599215267, -40.505426056944984]], "c": [5.237211249118573, 4.946875199720666, 5.285479440625153, 4.616185630364626, 5.210870297838255, 4.819032737653821, 4.633444076097007, 4.569423265668844, 5.461226945701414, 4.706405676454196, 4.513326257307546, 5.102752436126676, 5.356471567036996, 4.598051882554552, 5.382051137526523, 5.252332781331975], "caves": [[1, 2, 3, 4, 5, 6, 7, 8], [9, 10, 11, 12, 13, 14, 15, 16]]}, "inst2": {"S": [[1, 2, 3, 4], [2, 1, 5, 7, 8, 6, 3], [3, 1, 6, 5, 7, 4, 8, 2], [4, 1, 6, 3, 5], [5, 2, 7, 3, 4, 8], [6, 3, 4, 8, 2], [7, 5, 8, 2, 3, 9], [8, 7, 6, 3, 2, 5], [9, 7, 10, 12, 13, 14, 16], [10, 9, 11, 15, 12, 13], [11, 10, 12, 14, 13], [12, 9, 13, 11, 10, 16, 15], [13, 9, 12, 11, 15, 14, 10], [14, 9, 11, 16, 13], [15, 10, 16, 13, 12], [16, 15, 12, 9, 14]], "f": [[200.0, 0.0, 37.5415709473613, 26.283871700447392, -1.6999407038706726], [200.0, 0.0, -19.1992801229107, 51.85609705022314, 47.03066411013219, 54.283849958293786, 48.08960835757383, -84.97347148651389], [200.0, 0.0, 28.647020631718334, 40.50889764657417, -4.250126717104075, -48.89366129988284, -72.07818862059167, -48.018444316953634, 72.40331853990152], [200.0, 0.0, 79.00693010714666, -14.905036213786605, 61.19312775632437, -38.49346229064412], [200.0, 0.0, 99.90774119153787, 83.9680517575564, 17.115396430953723, -36.73121320082613, -94.6717519428524], [200.0, 0.0, -25.98437320736884, 8.820070000496095, 71.90688085867582, 62.37683186055578], [200.0, 0.0, 23.356781503416556, -15.277207008984451, 14.817361067170797, -38.0038078767647, 23.900542349967104], [200.0, 0.0, 95.72911818206504, 50.89624881337551, -71.98224134742904, -48.3682653223505, -23.85497464535211], [200.0, 0.0, -71.04033905591835, 47.360363471666055, 98.38821710066175, 33.805832717579776, 9.77119498428134, -28.767378894000295], [200.0, 0.0, 83.86973413801464, 62.82302626348506, 46.725949170514205, 95.04482150082558, 38.344183245817916], [200.0, 0.0, 6.94515336768462, -96.02459031672106, 79.20523589819639, -72.81683221218378], [200.0, 0.0, 96.83913475480863, -49.14955182926097, 18.938072762905577, -77.75492550865279, -91.81539666145557, 66.58609958419663], [200.0, 0.0, -29.032887031276733, 73.22524119259064, 88.61394456877687, 72.87516350504875, 49.219563962060974, 57.9479090361392], [200.0, 0.0, 11.961432336244293, 82.5758600079199, 93.29191844234673, 82.92961380931465], [200.0, 0.0, -1.0847588060193702, 64.57281617332686, 9.624856833641404, 79.63700141207666], [200.0, 0.0, -49.883056702405206, 55.19036504232624, -10.203066017157791, -90.9900469964418]], "c": [4.84835053570273, 4.8298049594187935, 4.675793082816895, 4.707008917324728, 5.14546117498894, 4.858708965250109, 5.30608363500453, 4.669221221442642, 5.036976824468228, 5.231956427019256, 4.608241911157973, 4.759133412750129, 4.7657220310174715, 5.173284596906362, 5.149795047905855, 5.272571059105141], "caves": [[1, 2, 3, 4, 5, 6, 7, 8], [9, 10, 11, 12, 13, 14, 15, 16]]}, "jmap": {"1": 8, "2": 7, "3": 6, "4": 5, "5": 4, "6": 3, "7": 2, "8": 1, "9": 16, "10": 15, "11": 14, "12": 13, "13": 12, "14": 11, "15": 10, "16": 9}}