{"inst1": {"S": [[1, 2, 4, 7, 10, 11, 9, 5, 13, 12, 14], [2, 1, 3, 13, 12, 4, 7, 5, 11, 9], [3, 2, 5, 12, 7, 6, 8, 11], [4, 1, 8, 13, 2, 12, 7, 6], [5, 3, 6, 10, 2, 8, 1, 9], [6, 5, 10, 3, 13, 7, 4], [7, 1, 9, 8, 3, 2, 10, 12, 6, 13, 4], [8, 4, 12, 7, 13, 10, 3, 5, 11], [9, 7, 11, 1, 13, 2, 5], [10, 1, 12, 6, 5, 11, 8, 7], [11, 9, 12, 1, 10, 2, 3, 13, 8], [12, 10, 11, 2, 8, 3, 4, 13, 7, 1], [13, 2, 4, 9, 12, 8, 6, 11, 7, 1], [14, 1, 15, 21, 23, 20, 25], [15, 14, 16, 17, 19, 22, 26, 25, 18, 20, 23], [16, 15, 22, 17, 19, 20, 18], [17, 15, 18, 23, 16, 22, 20, 24, 26], [18, 17, 20, 26, 15, 23, 21, 24, 25, 19, 16], [19, 15, 16, 20, 21, 18], [20, 18, 21, 23, 26, 24, 16, 14, 19, 15, 22, 17], [21, 14, 25, 20, 22, 23, 18, 19, 26], [22, 15, 24, 25, 16, 21, 26, 17, 20], [23, 14, 17, 20, 21, 18, 25, 24, 15], [24, 22, 20, 26, 18, 23, 17, 25], [25, 21, 22, 15, 23, 18, 14, 24, 26], [26, 15, 18, 20, 22, 24, 17, 21, 25]], "f": [[200.0, 0.0, 36.24931772250331, -21.947030182490778, -2.6049217108418343, -20.58387307630727, 0.3279634507705076, 16.954830376641382, -50.693351309020954, -64.25751243326485, -84.21859208088298, -33.68251814372334], [200.0, 0.0, 96.08804683602112, 39.16314428145227, 68.72163554462676, 68.49195535011054, -93.99322747856642, 40.06458727192754, -47.44764469103262, 35.09552052575549, 83.67769083001349], [200.0, 0.0, 70.40649322510144, 10.598894223242894, -67.1454682666472, 39.2000352867577, -50.88137456191297, 27.325511228215472, -84.79046079271242], [200.0, 0.0, 74.58105669069894, 8.54123463658254, 54.332225714590976, -55.79009605356748, -91.94325084942821, -93.84797411291102, -41.03140197894331], [200.0, 0.0, 76.81631756207092, -12.537315328568898, 30.512777086530285, 26.106212381513206, 76.37536118206596, 94.23643463578841, 22.20215657399851], [200.0, 0.0, -96.99109223529322, 72.24020940561037, -74.25618096935725, 55.11408649289826, -5.698601419495319, -49.32973326748964], [200.0, 0.0, 47.10469181124417, -16.355432188092102, 0.6113270160899686, -7.157453863758723, -42.494206526415866, -54.34822040945988, 63.371195823985026, 1.9463202312904437, 32.69525790018304, -10.068441409044503], [200.0, 0.0, -82.33979398850941, -4.018607088034409, 38.75049708267668, -28.536633387398602, 11.823993856149384, -25.47234079643652, -33.978315550408134, 17.912986379195473], [200.0, 0.0, 70.62296223612066, 15.902111274889874, -30.76889275780994, 69.31627350943543, 10.993994845230759, 5.808772715329713], [200.0, 0.0, -66.2322460260261, -45.313136422358944, -27.714896954969227, 84.872919640144, 2.207177414902728, 13.205289719895807, -95.52314815624146], [200.0, 0.0, -5.9389837325238615, 63.085174192802306, -38.033489630828086, -78.47036469913714, 89.17649865520873, -32.57134592390349, -75.73659415907437, -16.5157472852663], [200.0, 0.0, 67.93649188345998, 61.23984715849984, -0.3352765988088535, -49.50844600515014, -60.52276693292964, -40.855873512122386, 68.38157811802161, -59.40022269697847, 92.89197006481152], [200.0, 0.0, -6.68500963810803, 41.91879652189894, 92.32516732705452, -19.938344289682107, 4.466580285288457, 46.63010527775566, 72.65605423293651, 3.9759657968019724, 23.160351658496282], [200.0, 0.0, 33.16651514710285, 67.24431976672176, 9.240155841460362, -75.20313517759827, 78.41482819433435, 86.13826559305811], [200.0, 0.0, -42.40448018396739, 68.18954356040044, 52.27211630312514, -2.0720158490483254, 90.67144345883398, 69.91601143931894, 38.96919538583254, 63.440846023796894, -2.8502909837551993, -36.74758420780897], [200.0, 0.0, 60.5698544079587, 68.880190938923, -43.41256911705293, 46.49181401315807, -80.60815100391659, 25.991443232865706], [200.0, 0.0, 82.88468614665146, -6.6734415477758935, 51.93312296387293, 95.67737770512126, -31.907883363638767, 58.435989192560015, -0.2146751007318759, -28.884164213336796], [200.0, 0.0, -71.72357619832077, 82.05606140266836, -71.5318174169217, 88.15038399778865, 57.38840752943914, -18.681352698293296, -59.00589859883787, -87.64958061391827, -72.5931827749884, 49.0313268384204], [200.0, 0.0, 93.49488912457974, -30.665393091750627, 17.51310286179808, -28.423211739246668, -17.34300190279383], [200.0, 0.0, -29.625366525521034, 72.05666562078221, -24.64272383859054, -38.701145026151494, 16.549569202684665, 25.673025287870075, -85.8734758138481, -59.24513967559808, -63.753905592465145, 74.92195461519084, -38.32374517174517], [200.0, 0.0, 3.4118043010687105, 9.17277982114566, -0.1565348203046879, 19.665767515123946, -23.195496662503736, 66.79145934473473, 29.17429284267086, 45.777799282411635], [200.0, 0.0, 17.365096270957302, 55.380732486852665, 44.56412646837957, -19.89119516543518, 61.80500646166591, -52.406425800817914, 97.76874271083341, 27.574609917767525], [200.0, 0.0, -14.394504795537344, 94.43701395289483, -18.08732870377998, 15.999684243271783, -91.78064011887761, -89.79296478724508, 56.00424340600936, -26.505902676424387], [200.0, 0.0, -52.09474771823888, 54.08700053433879, 51.56091444148594, -7.026833136935595, -73.7640151067537, -95.17863096067425, 11.222846147361022], [200.0, 0.0, 40.122802970215865, 83.7750354091067, 40.358445730216694, -84.76385738013674, 80.691914556439, -97.91753938464905, -61.607137760652634, 23.73035056988959], [200.0, 0.0, -38.8367538320068, -20.425905634482454, -47.20402045943879, 28.454319606591703, 76.10355893851883, -37.217765817005954, 33.10844542707916, -72.12527102555745]], "c": [5.254013494527275, 4.758748964743391, 4.861143736028484, 4.507406841145316, 5.159125905283354, 4.928611929012512, 5.081700054208715, 5.265619966786113, 4.863789874158781, 4.584605704248924, 5.291984780440963, 5.239013049947215, 5.300768343079975, 5.4689950540121925, 5.209899503659129, 5.208332395977465, 5.102904536730603, 4.839878209639648, 5.223110983617881, 4.848645201329071, 5.015889252242595, 4.720352217170727, 4.836061602498444, 4.530482411789461, 5.38772432568602, 4.970957907582812], "caves": [[1, 2, 3, 4, 5, 6, 7, 8, 9, 10, 11, 12, 13], [14, 15, 16, 17, 18, 19, 20, 21, 22, 23, 24, 25, 26]]}, "inst2": {"S": [[1, 2, 7, 9, 12, 10, 11], [2, 1, 3, 4, 5, 13, 11, 9, 10, 7, 8], [3, 2, 13, 12, 11, 7, 10, 14], [4, 2, 6, 12, 8, 10, 13, 11, 5, 9], [5, 2, 8, 9, 6, 12, 4, 13], [6, 4, 11, 5, 13, 7, 8, 12], [7, 1, 8, 2, 6, 3], [8, 5, 4, 7, 9, 13, 11, 6, 12, 2], [9, 5, 10, 13, 1, 2, 11, 12, 8, 4], [10, 9, 4, 2, 11, 12, 1, 3], [11, 6, 12, 2, 9, 4, 10, 8, 3, 1], [12, 4, 5, 1, 11, 13, 9, 10, 8, 3, 6], [13, 2, 9, 12, 4, 6, 8, 3, 5], [14, 3, 15, 18, 22, 21, 25, 20, 26, 24], [15, 14, 16, 19, 18, 17, 25, 22, 20], [16, 15, 17, 20, 21, 24, 22, 18, 23, 26, 25], [17, 16, 19, 23, 21, 22, 20, 15, 26, 18], [18, 14, 21, 20, 16, 15, 23, 17, 25], [19, 17, 22, 15, 25, 21, 20, 24], [20, 16, 18, 17, 14, 19, 15], [21, 16, 17, 18, 23, 14, 19], [22, 19, 25, 14, 17, 16, 26, 24, 15, 23], [23, 17, 24, 25, 21, 16, 26, 18, 22], [24, 23, 26, 16, 25, 19, 22, 14], [25, 22, 23, 24, 19, 26, 14, 16, 15, 18], [26, 24, 25, 16, 23, 22, 14, 17]],