{"inst1": {"S": [[1, 2, 5, 9, 7, 8, 3], [2, 1, 3, 6, 9, 7, 4, 8, 11], [3, 2, 4, 9, 1, 6, 10], [4, 3, 6, 8, 10, 2, 7, 9], [5, 1, 7, 10, 9], [6, 4, 10, 2, 9, 3], [7, 5, 2, 10, 1, 9, 4, 8], [8, 4, 1, 7, 2], [9, 1, 2, 6, 5, 7, 3, 10, 4], [10, 6, 7, 5, 4, 9, 3], [11, 2, 12, 13, 15, 19, 17, 16, 18], [12, 11, 13, 18, 15, 16, 17], [13, 11, 14, 17, 18, 12, 20, 16, 15], [14, 13, 15, 16, 19, 18], [15, 11, 16, 20, 17, 12, 19, 14, 13], [16, 15, 11, 18, 13, 14, 17, 12], [17, 13, 19, 11, 15, 16, 12], [18, 13, 20, 12, 16, 14, 11], [19, 11, 17, 15, 14], [20, 15, 18, 13]], "f": [[200.0, 0.0, -48.28320548032665, 6.17815144099878, 30.38679924666956, -27.85907812779198, -66.20415545116627, 83.5562954166603], [200.0, 0.0, 38.374037186755096, -69.60889380093688, 65.39089680866806, -10.963161195716165, 90.25107857905287, 50.645860703363056, 44.808316671779046, -58.8560734848337], [200.0, 0.0, 34.08875966290046, -3.2228985477308125, 40.429944199829905, 34.81623471881539, -1.440964045369486, -0.6873942334848948], [200.0, 0.0, 76.511988034954, 19.98868228101751, 40.13005719601574, -95.8780298731943, 14.84911459601923, 29.502209007506842, 28.27929500189077], [200.0, 0.0, -15.706257167957528, -76.54419508501161, -86.7291700457557, -75.11181465986805], [200.0, 0.0, 35.03932410589441, -74.72629695374458, 99.20705885169738, -68.29239277429839, 64.6141415120793], [200.0, 0.0, -53.271101152893884, -98.18895438615453, 26.888843813178887, -97.21648612563973, 28.456049628633995, -9.325071119605077, -33.79530396032515], [200.0, 0.0, -84.36358336626044, -85.13546999613068, 84.58509909979455, -92.36261768953389], [200.0, 0.0, 66.73623401324231, -6.706702157463518, 79.68245099542727, 33.38604069116782, -83.39238062674865, -28.32156864881639, 28.650743447410676, -2.1172456181262067], [200.0, 0.0, 65.71507633981439, 95.99181164863084, 38.237820327833184, -64.79131882306797, 18.286212542173487, -56.60436130417877], [200.0, 0.0, -86.54090548759439, 0.9585836310714635, -23.95173294843682, -2.9125279036505303, 5.9530554953594494, -29.456188964946396, 35.5798804643342, 69.52850863256384], [200.0, 0.0, 34.70420326146684, -60.58253128171063, -99.66548213180242, -26.242929606549993, 91.87970306602085, -9.710052704736793], [200.0, 0.0, -32.90681270551568, 8.494075029380932, -27.57505452932638, 78.16511011329051, -23.7699582984235, 7.221532183080548, -39.41173782742307, 76.44496199143384], [200.0, 0.0, -11.932626720382999, 74.9872973843426, -17.27310683709664, 56.87601426026645, -92.97055512070203], [200.0, 0.0, 65.68603760341598, -12.703154282920659, -57.64556692986827, 20.009425143839145, -15.73424586691019, -44.748867820333224, 43.56168930821966, -38.91776256391382], [200.0, 0.0, 5.5840775946343735, -98.54989816656897, 9.50380499459824, 26.795937965846804, 43.999497785537315, -98.21852157459155, 70.30871987414795], [200.0, 0.0, 23.359142363468433, 49.337529742681774, -61.9441907943203, -37.695049347560584, 74.53070339044987, 40.61745670682535], [200.0, 0.0, -89.51679224517967, 65.62502790492171, -65.23882212266767, -91.48435926315037, -25.445064086771186, -48.91571297743238], [200.0, 0.0, 68.99200223484144, 19.267206956256278, 26.55868568521631, 36.63800278590925], [200.0, 0.0, -47.59715598679166, 43.08411867219568, -66.26227207747147]], "c": [5.265177847650124, 5.20207318694216, 5.458278709554605, 5.27165825528218, 4.662149507248548, 4.971708610451377, 5.361882684453143, 4.812823651690556, 5.4762724866559775, 5.10312482197804, 5.061527526621046, 4.959246020209842, 4.634261906296921, 4.671457846800026, 4.958216555137126, 4.722413470727182, 5.158191339463992, 5.412280682618357, 4.9258989073046155, 5.3721322602111234], "caves": [[1, 2, 3, 4, 5, 6, 7, 8, 9, 10], [11, 12, 13, 14, 15, 16, 17, 18, 19, 20]]}, "inst2": {"S": [[1, 2, 3, 5, 9, 10, 7, 6], [2, 1, 4, 7, 6, 5, 3], [3, 1, 8, 7, 10, 2], [4, 2, 6, 8, 9, 10], [5, 1, 6, 2, 8], [6, 4, 8, 5, 7, 2, 1, 10, 9], [7, 2, 3, 8, 6, 1, 9], [8, 3, 6, 10, 4, 7, 9, 5, 11], [9, 1, 10, 8, 4, 7, 6], [10, 9, 8, 3, 1, 4, 6], [11, 8, 12, 13, 15, 19], [12, 11, 14, 17, 16, 15], [13, 11, 15, 16, 17, 18, 14, 19], [14, 12, 19, 20, 13, 17, 15], [15, 13, 11, 18, 17, 14, 19, 12, 16], [16, 13, 19, 17, 18, 20, 12, 15], [17, 13, 12, 16, 18, 15, 14], [18, 13, 19, 16, 17, 15, 20], [19, 14, 16, 13, 18, 20, 15, 11], [20, 14, 16, 19, 18]], "f": [[200.0, 0.0, 69.70335985153004, 59.45285853361182, -27.438666929726963, 41.857971942341685, -21.024478073145115, -48.153760619136364, 24.310619761176945], [200.0, 0.0, 48.22965844078739, 76.91326778169328, -82.60670621395587, 0.28125829886189724, -37.2260098306354, 36.478787857009465], [200.0, 0.0, 27.585930446161488, -61.653630823683095, 57.795085122981945, 40.745930171723565, -70.06908599443567], [200.0, 0.0, 24.63483231956174, -75.3824103766211, 16.52458018175349, -17.183945414884704, 59.90187426728666], [200.0, 0.0, -65.2386114102376, -35.06806153019211, 21.70811947463367, -18.146045088934002], [200.0, 0.0, 10.918184504938488, 64.67565195924767, -85.43273480534776, 3.566966402368066, 97.60611862587325, 46.10984802583668, 26.450968380433835, 36.07352064021838], [200.0, 0.0, -46.483520479197, -71.39088766255122, -39.29129250066925, -0.3980223886398404, -72.50326736664239, 36.27698576066729], [200.0, 0.0, -51.46932999939433, -21.025888960940332, -85.34128261188026, 67.1525123561066, 75.02473080896148, 20.70861664001431, 32.07649299185575, 19.360705357590604], [200.0, 0.0, 26.892832043492064, -71.23291595094727, -15.107037627614051, 3.9938188016327647, -2.825030729560818, -16.300407431198494], [200.0, 0.0, 50.71126197651874, 93.70164467565823, -24.611358462095943, 96.68708364155356, 19.76902214811096, 77.37633738291183], [200.0, 0.0, 22.730914499827538, 53.42598895952699, 54.62411852282927, 68.72100384681481, -41.04842755970548], [200.0, 0.0, 8.260514434299338, -61.196666779977264, -79.45262489019808, 63.4826444172669, -6.93170816261357], [200.0, 0.0, 75.14424584166808, -6.418079036879454, 37.8326999822538, -67.42015664677162, 98.61011130809749, -34.55571070514169, 83.19600580060194], [200.0, 0.0, -40.088938692702, -33.444886922641004, -40.651297232449465, 90.06903770616307, -84.76071325706877, 6.864959778751145], [200.0, 0.0, 73.7536683917551, -91.5150646650178, 20.20968635561291, -15.953307939409278, 5.486339533246087, -70.27118951605323, -16.56813430880595, 62.957507083733], [200.0, 0.0, 34.750286734327894, -94.17483262887384, -97.09230966195845, -55.15401355404166, 43.96513283828474, 31.958155610816206, -58.319743634543954], [200.0, 0.0, -17.981626378952775, -57.95646613612024, -84.96684523326874, -63.29239270502589, -33.86658256607096, 74.51052052421068], [200.0, 0.0, -6.369895003900994, 89.06859073676274, 71.97776184566898, -16.52687386526832, -18.1142987158446, 18.04390040676256], [200.0, 0.0, 69.579558891389, 51.30297076781489, 20.945081524664587, 98.61471881464199, 52.59652748332, 22.067247710848314, 19.91749455165701], [200.0, 0.0, -24.320831315080625, 67.47202616658079, -6.821802867306714, -20.783983806256877]], "c": [5.313435868211865, 4.752638226607127, 4.727859622332963, 5.222454820047288, 5.293677109319799, 4.879232040979428, 4.781746464860833, 5.3956598115408285, 5.35518912855016, 4.82189151917953, 5.041449041181048, 4.760913116921126, 4.711234885737877, 5.4589965031255545, 5.333368727342507, 5.088364254127004, 5.340124408222943, 5.280845340779106, 5.48525480276206, 5.4018723633614245], "caves": [[1, 2, 3, 4, 5, 6, 7, 8, 9, 10], [11, 12, 13, 14, 15, 16, 17, 18, 19, 20]]}, "jmap": {"1": 4, "2": 10, "3": 2, "4": 7, "5": 1, "6": 9, "7": 6, "8": 5, "9": 3, "10": 8, "11": 18, "12": 13, "13": 17, "14": 16, "15": 14, "16": 11, "17": 12, "18": 20, "19": 19, "20": 15}}