{"inst1": {"S": [[1, 2, 3, 6, 5], [2, 1, 4, 5, 6], [3, 1, 6, 7], [4, 2, 5], [5, 2, 6, 4, 1], [6, 1, 3, 5, 2], [7, 3, 8, 11], [8, 7, 9, 11, 10], [9, 8, 10, 12, 11], [10, 9, 12, 8], [11, 8, 9, 12, 7], [12, 10, 9, 11]], "f": [[200.0, 0.0, 13.67574043298545, -36.118718884122856, -34.735593063313615, 2.507960315843083], [200.0, 0.0, 49.161863293442806, -82.66242541572062, 8.425023464384251, 66.88145667558409], [200.0, 0.0, -84.43554035353584, 74.16716910999513, 61.49349176151364], [200.0, 0.0, 13.050172272030824, -59.83486098218869], [200.0, 0.0, -77.60425037321205, 65.26584360962424, 96.46193979916302, 7.917396096813167], [200.0, 0.0, 96.92108176991094, -6.342706875845905, -42.811598736739434, 25.993396532040002], [200.0, 0.0, 57.90230532238976, -6.405235102441598, -66.09834903438816], [200.0, 0.0, -14.763322329339147, 42.311945067318725, 79.71918221756316, -5.275932258556182], [200.0, 0.0, 85.53169200417754, -76.9853205641197, -22.03301698349285, 92.43420573741876], [200.0, 0.0, -2.1608268173503253, 27.464413970888636, -73.57493241916195], [200.0, 0.0, -18.272961569072343, 47.902869989097766, -46.06569591652423, -49.24207144800017], [200.0, 0.0, -2.0653247251254836, -89.98393538481653, 74.91067858715827]], "c": [4.907375430047788, 5.001675368011357, 4.553695089457284, 5.139586743644653, 4.890725711492496, 4.734617323874632, 5.327296007808653, 4.887468986054616, 5.0112191429018145, 5.06105096508222, 5.206675341017739, 4.604823064335224], "caves": [[1, 2, 3, 4, 5, 6], [7, 8, 9, 10, 11, 12]]}, "inst2": {"S": [[1, 2, 4, 5], [2, 1, 3, 6, 5], [3, 2, 5, 4], [4, 1, 5, 3], [5, 4, 3, 2, 6, 1, 7], [6, 2, 5], [7, 5, 8, 9, 10], [8, 7, 10, 11], [9, 7, 12, 11], [10, 8, 11, 12, 7], [11, 8, 12, 10, 9], [12, 9, 11, 10]], "f": [[200.0, 0.0, -3.3265200616922286, 55.7110363188027, 96.896934287754], [200.0, 0.0, 8.907310287513948, -80.07531213597139, 45.95774877744005, -27.62767023461199], [200.0, 0.0, -26.70137875837135, -69.73653771178773, 33.14871884503299], [200.0, 0.0, 85.00369760188727, -14.35570364099048, -2.4525671795180948], [200.0, 0.0, -37.63028984634387, -61.37306452728695, 4.206250748941587, -76.91148020101232, -18.97567248469514, 74.0856231919188], [200.0, 0.0, 52.74378940191029, 31.25662967290377], [200.0, 0.0, 10.586196779882684, -50.78171765937147, -63.84324395902912, 25.885689879082573], [200.0, 0.0, 41.80700889401463, 47.38907100077625, -47.3457257561219], [200.0, 0.0, 74.93051371930719, 97.5432124090457, -33.984437132640096], [200.0, 0.0, -27.841391563529516, -99.5885342312413, -24.880714124558324, 25.20154745043326], [200.0, 0.0, -36.759601175725855, -2.9454222689193177, -78.93255622639931, -19.440123642933727], [200.0, 0.0, 60.43604325854404, -70.58314216124275, -12.22774594804008]], "c": [4.923894571648488, 4.921947422592475, 4.6932233793598375, 5.255088973747137, 5.442299331140892, 4.975625306338811, 5.420267356802044, 4.840031491083798, 4.5302546652017845, 4.848566061284856, 4.649349561780826, 4.575930401155315], "caves": [[1, 2, 3, 4, 5, 6], [7, 8, 9, 10, 11, 12]]}, "jmap": {"1": 6, "2": 5, "3": 4, "4": 3, "5": 2, "6": 1, "7": 12, "8": 11, "9": 10, "10": 9, "11": 8, "12": 7}}