{"inst1": {"S": [[1, 2, 4], [2, 1, 3, 5, 4, 6], [3, 2, 5], [4, 1, 6, 5, 2], [5, 3, 4, 6, 2], [6, 4, 5, 2, 7], [7, 6, 8, 9, 12], [8, 7, 12, 11, 10], [9, 7, 10, 11], [10, 9, 8, 11], [11, 9, 12, 8, 10], [12, 7, 8, 11]], "f": [[200.0, 0.0, -68.27499176967868, 3.594685997716063], [200.0, 0.0, -1.3745977517473085, -64.79445856105706, -36.11623231655972, 67.32210982040172, -49.04207550462052], [200.0, 0.0, 22.67346750217596, 68.32707324180505], [200.0, 0.0, 27.933504871640814, 64.69673886532333, -88.80204405690873, -58.921608485608786], [200.0, 0.0, -68.3059758956526, 51.01636209052158, 42.96131337931617, 78.6346945740184], [200.0, 0.0, -20.040809575739793, -27.700943771587006, -14.516121143047677, 31.665578345140833], [200.0, 0.0, -89.61071936585012, 97.96253074173636, 49.88930188089267, -38.17835715703828], [200.0, 0.0, 31.07912688432659, -53.09513637886767, 96.8208751558339, 85.94903656972934], [200.0, 0.0, -41.46435451824026, 10.462445262854803, -35.179999455653935], [200.0, 0.0, -77.40555466244474, 49.77310745291217, 80.06209128381163], [200.0, 0.0, -61.63790416979742, 24.87133237577035, -86.57120605585311, 0.45556747851702717], [200.0, 0.0, -82.28628995785556, 86.63648294612314, -26.755939053085264]], "c": [5.351557288940527, 5.491023965392073, 5.3756787189009705, 4.8294328050077375, 4.9018794316084975, 5.213932780405728, 4.537995485868329, 5.401310322590655, 4.590455556209683, 4.946087719815924, 5.257561917313693, 4.7413705327706435], "caves": [[1, 2, 3, 4, 5, 6], [7, 8, 9, 10, 11, 12]]}, "inst2": {"S": [[1, 2, 3, 4, 5, 7], [2, 1, 4, 6, 5], [3, 1], [4, 2, 5, 1, 6], [5, 4, 1, 2, 6], [6, 2, 4, 5], [7, 1, 8, 9, 12, 10], [8, 7, 9, 10, 11, 12], [9, 8, 12, 7, 10], [10, 8, 7, 9], [11, 8], [12, 9, 7, 8]], "f": [[200.0, 0.0, 70.03149960450672, 84.52660080045086, -82.64671141069167, -2.909248504998363, 19.420378311321862], [200.0, 0.0, -74.71849722856061, 61.41844188524548, 68.3853029872681, -28.8835434081792], [200.0, 0.0, 88.96317021516641], [200.0, 0.0, -14.784783474847218, 76.34756196201337, -65.34254703612285, -38.1245921806034], [200.0, 0.0, -21.210995376030706, 76.40852003233299, -57.55275027192541, -99.51950405972887], [200.0, 0.0, -38.60610986225017, 44.980455335929314, 73.53035808197006], [200.0, 0.0, 90.48560989683874, -20.31334350527889, -87.50455972594682, 87.97437521421998, 36.79051363516466], [200.0, 0.0, -64.32739085307233, -25.775291216376782, 62.36501450541168, -13.943426443364459, -54.29681434505784], [200.0, 0.0, 34.35731842648509, -0.18066376370675652, 22.410570917297456, -65.68160726338672], [200.0, 0.0, 58.88028636097522, 15.180566307778086, -77.88004727583393], [200.0, 0.0, 50.04409987154892], [200.0, 0.0, 63.51499219008825, -58.38922580683348, -68.68605354756212]], "c": [4.753371065472757, 5.03599229333595, 4.827264532380096, 4.688015105701769, 5.228255316291788, 4.818009654093635, 5.114396184870172, 4.505963159012966, 5.027998517266369, 4.862872121953102, 5.40334428700544, 5.279452808144107], "caves": [[1, 2, 3, 4, 5, 6], [7, 8, 9, 10, 11, 12]]}, "jmap": {"1": 6, "2": 5, "3": 4, "4": 3, "5": 2, "6": 1, "7": 12, "8": 11, "9": 10, "10": 9, "11": 8, "12": 7}}