{"inst1": {"S": [[1, 2, 7, 10, 9, 4, 11, 12], [2, 1, 3, 8, 5, 9, 6, 12, 4], [3, 2, 4, 5, 13, 6, 12, 10, 14], [4, 3, 6, 11, 7, 8, 1, 5, 13, 12, 2], [5, 3, 2, 12, 13, 4, 11, 7, 9], [6, 4, 11, 9, 3, 2, 8, 10], [7, 1, 9, 4, 12, 10, 5], [8, 2, 11, 10, 4, 13, 6, 9], [9, 7, 10, 12, 6, 2, 11, 1, 13, 8, 5], [10, 9, 1, 8, 7, 3, 6, 12], [11, 6, 12, 4, 9, 8, 13, 1, 5], [12, 11, 9, 5, 2, 7, 3, 1, 4, 10, 13], [13, 3, 5, 11, 4, 8, 9, 12], [14, 3, 15, 16, 18, 21, 25, 26, 23, 24, 19], [15, 14, 17, 20, 25, 19, 21, 23, 26, 18, 22], [16, 14, 24, 25, 21, 22, 26, 20, 23, 19], [17, 15, 19, 21, 20, 25, 24], [18, 14, 19, 25, 26, 15, 24], [19, 18, 20, 22, 25, 24, 17, 21, 15, 14, 16], [20, 19, 23, 24, 15, 17, 22, 21, 26, 16, 25], [21, 14, 19, 24, 17, 15, 16, 20], [22, 19, 26, 16, 20, 15, 24], [23, 20, 14, 15, 25, 16], [24, 16, 20, 19, 21, 14, 17, 18, 22], [25, 14, 26, 19, 18, 16, 15, 23, 17, 20], [26, 14, 25, 18, 22, 15, 20, 16]], "f": [[200.0, 0.0, 10.376649875499755, 93.8003544647484, 57.494019782250795, -56.191737487837386, -12.650794132832676, -98.73133101433531, -16.190393291325677], [200.0, 0.0, -8.118746463169435, -29.360061681803806, 32.78917801636445, -2.4052305338188473, -41.84136056413603, -93.2640226470707, 88.48163186578016, -69.42403350135125], [200.0, 0.0, -90.42470962606475, -18.875615398896507, -7.006513630688849, 81.03038299147886, 61.44598652531488, -77.54524794092322, -98.6128020678905, 46.758403573937855], [200.0, 0.0, -51.87432183328444, 3.275217525482499, -94.77663325581962, -12.790486272730828, 3.4633228579208586, 3.1857818307881036, 68.80787022833421, -28.240089109614154, -7.594997314357355, 86.60509151698396], [200.0, 0.0, -88.97540816378107, -71.79057670884985, -16.333272774487796, -58.509770717389074, 50.88389842004817, -14.088031066260754, 91.46748874818587, -76.03994962093792], [200.0, 0.0, 86.5657495430256, 5.323690164825123, -59.75662206009984, 65.6461825412852, -44.418205661547596, -55.13760646603978, -67.93258323183275], [200.0, 0.0, -53.30025047356746, 90.32036860532145, 30.791756045553463, -64.41669175103996, 0.24217492045812694, 44.943287451236415], [200.0, 0.0, -41.756876094025166, 29.431578779647328, -2.926307590038024, 24.400001076831334, -44.44194484562365, 79.14229646208975, 83.29338419492596], [200.0, 0.0, -85.24877127941764, 12.943387416245722, -69.07327214012903, -33.47064271134423, -6.324344154908035, -40.589880902013164, -6.391656121278677, 94.61924624056633, -77.76660233826769, 32.84493401310235], [200.0, 0.0, 87.29761899961727, -71.02432939249452, -39.60382550723311, -36.7001773511064, -28.21757700101777, -43.31001820786615, 25.967704968569194], [200.0, 0.0, 33.540668526544806, -31.69469163669214, 73.36101366370646, 85.0383534775742, 88.65156433963722, -91.20067928537749, -71.17626372727095, -26.391317209884413], [200.0, 0.0, 34.900428881980396, 52.52310101160258, -23.837228527023345, 18.407814498308174, -80.13400767039953, -83.75216996193977, 70.2547582855868, 64.09740406394675, -13.47401863577895, -39.8438546300746], [200.0, 0.0, 21.850632062720933, 46.03787274320445, 7.473805903593322, 1.7807137845044618, 16.196049641545596, 7.087679545126568, -32.645295893965674], [200.0, 0.0, -39.97314111595289, 32.96820103775657, 73.47285046083681, 73.43114734497898, -63.61756549916502, -57.61109085874827, -64.94561775168113, 15.50180628108766, -98.39331578591111, -76.75657673901635], [200.0, 0.0, 86.83880687149363, 50.04199014270338, -11.14571990825537, 63.93150291640226, -31.045891891769827, 54.77295528279633, -85.11090172058495, -98.45486779008783, 56.12522284373325, -4.222449669142869], [200.0, 0.0, 91.21716632094797, -91.36994340955657, -4.404835619155012, 76.5094982211592, -45.60863929443188, -57.7729192026601, 88.38751296831624, -33.87618451138603, -37.85049769176814], [200.0, 0.0, 25.477629412630165, 17.78126929295607, -6.978520374394148, -45.54907333473959, 59.80997689002905, -28.606474472794364], [200.0, 0.0, 72.8652567445081, 64.36711189314815, 76.94271681535085, 61.62910748366026, -73.05035292212298, -26.667291262391423], [200.0, 0.0, -92.32119274989088, -40.04865691916037, 36.77285928890619, -69.46755038743615, -46.2142938417198, -59.256370095728506, 16.6057985611072, -73.15716544966808, -92.75806616183888, -87.56182736948284], [200.0, 0.0, 25.557005499923346, -58.07027981289703, 79.49115697080266, 7.349951154637613, 83.64887531600974, -21.11918258197285, 8.68812421232601, 94.14973335578796, 37.20772037673701, -40.571297868942516], [200.0, 0.0, -38.53473646727803, 35.60868449858226, 64.48823055775628, 48.08090494029202, 24.503476767778043, -4.744749350938959, -6.115334159897734], [200.0, 0.0, -13.098849992028438, -96.70071175671733, -21.25217419051677, -38.237391408555624, 17.497207640967005, 61.95963210116211], [200.0, 0.0, 45.56248351468195, -23.019299828316875, -11.783834064006161, -40.32202100381339, 94.25494407150133], [200.0, 0.0, -44.45260979483749, 72.003633749002, 8.896446481345865, 73.78281704670616, 37.54717359837263, -50.680769984677035, -33.50901053960973, 9.13306608225879], [200.0, 0.0, -66.2239793755174, -30.351999801387876, -45.053556666658714, -94.04074838102996, 33.05469787356341, 62.335908161713014, 68.41781797895752, 95.8402849226776, -32.42833616662433], [200.0, 0.0, 61.45872665783265, 93.50562319928164, -81.92896773239653, -0.6402239491684281, 24.364564786321253, -7.309613846324936, -96.63343244596163]], "c": [4.969970315257892, 4.673663423581939, 5.012524061122187, 4.5611299691886265, 5.041884468991428, 5.378959718773897, 5.249933891087455, 5.044004782285926, 5.440867323196412, 5.2845706012487454, 4.760204913650197, 5.365296928074296, 5.2620141535859934, 4.784075431539974, 5.07792285049891, 4.914204592625891, 5.135208724151589, 4.745508005133369, 5.194439729993308, 4.898750705311678, 4.976820466175238, 4.964717163618346, 4.759273868481132, 5.10476136413043, 5.136249687746556, 5.329946438238886], "caves": [[1, 2, 3, 4, 5, 6, 7, 8, 9, 10, 11, 12, 13], [14, 15, 16, 17, 18, 19, 20, 21, 22, 23, 24, 25, 26]]}, "inst2": {"S": [[1, 2, 12, 7, 4, 5, 10, 9, 13, 8, 11], [2, 1, 3, 5, 8, 13, 10, 6, 9], [3, 2, 4, 5, 7, 11, 10, 8], [4, 3, 6, 10, 5, 1, 8, 12, 7], [5, 2, 7, 4, 3, 12, 11, 8, 1, 10, 6], [6, 4, 13, 11, 10, 8, 2, 5], [7, 5, 1, 11, 3, 9, 4], [8, 2, 9, 5, 4, 10, 6, 1, 3], [9, 8, 11, 12, 10, 1, 7, 13, 2], [10, 4, 12, 11, 6, 9, 8, 1, 5, 2, 3, 14], [11, 9, 10, 6, 5, 7, 3, 12, 1], [12, 1, 10, 9, 5, 13, 11, 4], [13, 6, 2, 12, 1, 9], [14, 10, 15, 16, 17, 19, 22, 26], [15, 14, 18, 19, 21, 17, 25, 20, 23, 26, 16], [16, 14, 20, 23, 17, 22, 15, 21], [17, 14, 24, 22, 15, 19, 16, 21, 23], [18, 15, 20, 21, 23, 24, 26, 22, 19], [19, 15, 14, 17, 21, 23, 18, 24], [20, 18, 26, 25, 21, 16, 23, 24, 15, 22], [21, 18, 22, 15, 20, 19, 17, 24, 16, 25], [22, 21, 25, 24, 17, 20, 18, 16, 14, 23], [23, 18, 25, 20, 16, 19, 15, 22, 17], [24, 18, 17, 22, 20, 26, 21, 25, 19], [25, 22, 20, 23, 15, 26, 24, 21], [26, 20, 18, 24, 25, 15, 14]],