{"inst1": {"S": [[1, 2, 8, 13, 10, 5, 3, 14], [2, 1, 3, 4, 6, 11, 7, 12, 13], [3, 2, 5, 7, 9, 6, 12, 11, 1, 4, 13, 8, 10], [4, 2, 8, 10, 7, 11, 13, 6, 3, 5, 12], [5, 3, 12, 1, 6, 4], [6, 2, 10, 11, 3, 4, 13, 5], [7, 3, 12, 8, 9, 4, 2, 13, 10], [8, 1, 13, 7, 4, 10, 12, 11, 9, 3], [9, 3, 7, 12, 8], [10, 6, 1, 4, 8, 13, 12, 7, 3], [11, 6, 13, 2, 4, 3, 8], [12, 5, 7, 13, 9, 3, 8, 10, 2, 4], [13, 8, 11, 1, 12, 4, 10, 7, 3, 6, 2], [14, 1, 15, 16, 17, 23, 22, 18, 25, 26, 21, 24], [15, 14, 18, 23, 21, 24], [16, 14, 17, 19, 21, 24, 18, 25, 26, 22, 20], [17, 16, 22, 26, 14, 25, 24, 21, 20, 19], [18, 15, 22, 16, 26, 14, 20, 23], [19, 16, 20, 23, 26, 21, 17], [20, 19, 26, 24, 18, 17, 21, 16], [21, 16, 26, 15, 25, 17, 19, 20, 14], [22, 17, 18, 14, 26, 25, 16, 24], [23, 19, 24, 15, 14, 26, 25, 18], [24, 23, 25, 16, 20, 17, 14, 15, 22], [25, 24, 26, 16, 21, 23, 17, 14, 22], [26, 17, 21, 25, 19, 23, 20, 18, 16, 22, 14]], "f": [[200.0, 0.0, -52.371841070780654, -51.06901629603986, 79.54590152418646, -60.582219427373715, -19.372581776717368, 62.11450663058196, 87.50256473834148], [200.0, 0.0, -16.743953648383815, 21.083075581248224, 83.64998098488638, 42.801719857608234, 80.1613477787983, 41.82308101442895, -84.66818313732524, -94.71952307482647], [200.0, 0.0, -77.49622385255077, -25.787274977825735, -43.62894284756269, -15.174089890883247, 77.53111121719091, 84.0265649519645, 23.723249949134107, 43.67985986106917, -91.95306090691548, 16.683727393398186, 85.13865658664865, 75.62410849285419], [200.0, 0.0, -60.03724717785024, 24.741770805973772, 58.1627027102035, -63.90781971640962, 52.296887612931364, 85.58791054518969, -28.650382238700157, -7.645120485459445, -52.011826629668874, -58.86011071350789], [200.0, 0.0, 9.005336834438094, 88.17588816791138, -56.27083833760527, -72.59215028064156, 37.10282983180466], [200.0, 0.0, -34.257949552506716, 53.49864146533252, 89.25336601283547, 35.806584911098696, -29.39587374855346, 50.508690277966984, 77.97188972358487], [200.0, 0.0, -98.04170752014456, -22.89412662311021, -95.7252601974066, 27.736679108457206, -96.85748209813339, 28.97901944738992, -17.89560475168903, -0.48355547345024785], [200.0, 0.0, -27.708884298137313, -19.58689169217238, -83.53257434253887, 77.79655891890795, -67.64475663792572, -33.75099137404045, 26.67539684120561, 76.77001375242367, -21.56453654816357], [200.0, 0.0, -40.02860962884831, 33.02393869159903, 20.065793956627264, 26.359658289013097], [200.0, 0.0, -47.486032039182334, -36.999894324205606, 22.948618130585285, 41.72675185939065, 51.11376762438824, -14.080090305853933, -28.515979877274212, 15.26543078793836], [200.0, 0.0, -53.433173290028165, 61.5206670632545, -1.2585684057918156, 2.7086952424923094, -98.14399936915865, -61.22299981048383], [200.0, 0.0, -28.074655005346315, -18.088306961096066, -97.31923413500938, 77.21113839038, 77.06761962660411, 63.00438049056885, -0.19793933810849929, -65.91626422340701, -30.293519348662535], [200.0, 0.0, -47.80280802303558, -10.707235802728343, 69.39507037481229, -59.16608683843321, -25.752137927030528, 29.66561292976411, 96.40793914797487, 88.27652940159665, 2.2470932327784743, -25.253107080323357], [200.0, 0.0, 89.45182903049601, -88.87875510907664, 99.57088252077502, -89.83613245088493, -40.44858648313316, 28.28363622544725, -71.44530280644676, -76.02929760845369, 29.054909940920815, 87.27257119634582, 94.5126203201504], [200.0, 0.0, -17.66924037221709, -55.562646292287596, 60.54572891439336, -3.43062183584808, -63.073947417715374], [200.0, 0.0, -4.455897933010933, -72.35026601048962, 88.88407243875984, 87.87820568836806, -99.15897023439935, 79.4029945812347, -12.509294669252924, 81.09920624148226, -84.66657219816038, 52.47248289988418], [200.0, 0.0, -74.75759622235007, -4.455015346424274, 14.283671237614914, -97.09466748116884, -23.724867388245773, 34.113419886279004, -20.144602498197294, 67.94217462934455, -82.78480758252154], [200.0, 0.0, 88.07473658573596, 87.07160514455181, 35.1865863875694, -85.17810084222508, -87.18237526058161, 64.44992383536376, -52.6330015441943], [200.0, 0.0, 28.059871806825964, -51.59585041852623, -87.18514491634251, -43.08346313118403, 63.03104424461503, -42.916785472472526], [200.0, 0.0, -11.918926813475705, -95.25055287969735, -53.25638161756019, 44.67049583026048, -44.0473144145586, -66.47402241881312, 62.8572350883269], [200.0, 0.0, 27.176348103517633, 69.94703466581802, 72.45219894230597, 62.7661279529784, 78.6950623611812, 36.817901732883975, 12.723253447061289, -4.113734663834889], [200.0, 0.0, -37.38236382394584, -19.545210329018193, 83.88656857173409, 48.342762803619934, 41.37882972765405, 27.160826137239802, -27.19355262987775], [200.0, 0.0, -6.646898322232198, -60.87140260192261, 12.214964353135716, 53.47205937322337, 96.41432755787382, -83.95353609435145, -84.22431972815426], [200.0, 0.0, 82.86892330763156, 44.78691173242035, -37.51164209347233, -72.1762504660322, 97.01618321686618, 96.2928514504548, -15.067983967879183, -34.14467956401266], [200.0, 0.0, 22.445467221505776, 58.964442775765825, -46.297916678733706, -0.430029847242297, 35.88083428555442, -31.044564555921706, 96.46372117150202, -96.09309220437552], [200.0, 0.0, -35.487439706320245, -95.63377307074406, 39.8554495297186, -54.99551437289269, -69.01155404060428, -64.27301416550841, 1.8372754332033336, -53.93084374504347, 72.74554520889419, 49.97828661528763]], "c": [4.888097069476554, 5.16841240116111, 4.601591936356502, 4.780719198647786, 4.80585990787018, 4.830791615868209, 5.0876857570562946, 4.703366094609903, 5.128967704448172, 4.841568072177881, 4.603285473828108, 5.03774123919603, 4.689152511399133, 4.923791815173146, 4.613382191913503, 4.559036761735861, 5.412503007810454, 4.706265199263248, 4.720737252415577, 4.8285713702439335, 5.414069589632204, 5.108799989320379, 5.199059123414992, 5.18648857056065, 5.420062083534485, 4.99780957784425], "caves": [[1, 2, 3, 4, 5, 6, 7, 8, 9, 10, 11, 12, 13], [14, 15, 16, 17, 18, 19, 20, 21, 22, 23, 24, 25, 26]]}, "inst2": {"S": [[1, 2, 3, 5, 7, 8, 13, 4, 12, 10], [2, 1, 6, 10, 11, 4, 13, 3, 8], [3, 1, 4, 6, 8, 12, 5, 10, 2], [4, 3, 2, 9, 12, 13, 1, 7, 6], [5, 1, 13, 10, 9, 11, 3, 7, 6, 12], [6, 2, 9, 3, 13, 8, 12, 5, 11, 4], [7, 1, 12, 5, 4, 10], [8, 1, 3, 13, 6, 9, 11, 12, 2], [9, 6, 13, 5, 4, 11, 8, 10], [10, 2, 5, 13, 3, 7, 12, 9, 1], [11, 2, 5, 9, 8, 6], [12, 7, 3, 13, 4, 6, 8, 1, 10, 5], [13, 5, 9, 1, 8, 2, 12, 6, 10, 4, 14], [14, 13, 15, 16, 18, 22, 25, 21, 17, 24], [15, 14, 17, 19, 23, 25, 26, 16, 21], [16, 14, 19, 26, 21, 25, 20, 15, 17], [17, 15, 22, 18, 23, 21, 19, 20, 26, 14, 24, 16], [18, 14, 21, 24, 17, 22, 20], [19, 16, 20, 24, 25, 21, 22, 15, 17, 23], [20, 19, 17, 16, 25, 22, 18, 21], [21, 18, 23, 25, 16, 22, 19, 17, 14, 24, 20, 15], [22, 14, 17, 21, 19, 24, 18, 20, 26], [23, 21, 25, 15, 17, 19], [24, 18, 19, 22, 25, 21, 17, 14], [25, 21, 26, 19, 14, 23, 15, 24, 16, 20], [26, 25, 16, 15, 17, 22]],