{"inst1": {"S": [[1, 2, 3, 4, 5, 13, 10, 12, 6], [2, 1, 11, 12, 9, 3], [3, 1, 6, 11, 9, 2, 5, 12, 10, 4, 7], [4, 1, 7, 10, 5, 3, 13, 9], [5, 1, 9, 10, 11, 3, 4, 12, 6, 7], [6, 3, 8, 11, 9, 12, 5, 13, 10, 1, 7], [7, 4, 9, 13, 10, 5, 12, 3, 6], [8, 6, 9, 12, 13], [9, 7, 12, 5, 3, 2, 6, 10, 8, 13, 4], [10, 4, 7, 5, 13, 11, 9, 3, 1, 6], [11, 3, 2, 5, 6, 10, 14], [12, 9, 2, 6, 3, 5, 8, 1, 7, 13], [13, 7, 10, 1, 6, 9, 4, 8, 12], [14, 11, 15, 16, 17, 26, 18, 24, 19, 21], [15, 14, 17, 22, 26, 25, 23, 16, 21, 18, 19], [16, 14, 18, 19, 20, 17, 25, 24, 15], [17, 15, 16, 20, 18, 24, 14, 22], [18, 16, 24, 19, 17, 14, 20, 15, 25], [19, 16, 25, 21, 18, 22, 26, 20, 14, 15], [20, 16, 21, 26, 17, 25, 18, 19], [21, 20, 19, 23, 25, 22, 15, 26, 14], [22, 15, 23, 26, 19, 21, 17], [23, 22, 21, 15, 25, 26, 24], [24, 18, 16, 17, 26, 25, 14, 23], [25, 19, 26, 15, 21, 16, 20, 24, 23, 18], [26, 22, 15, 25, 20, 14, 24, 19, 23, 21]], "f": [[200.0, 0.0, -97.0699437756396, 53.15754733526128, 97.18695307751926, -25.18364851644619, -87.29002853393031, -66.16221304102108, -28.690280421325, -39.30295432468025], [200.0, 0.0, -1.805481759452121, -34.81804704558631, -46.62842995158787, -52.90811084262739, -38.38722702469399], [200.0, 0.0, -83.90032825245713, 83.99885227130437, -54.241010839602666, 88.14430258742946, 78.90858081636634, -54.175069290261504, 81.30677545523142, -7.446408898910328, -11.471560161298466, 4.563182894825801], [200.0, 0.0, -88.90146321806742, -53.98190794060223, -32.71908020493184, 68.80328844698222, -90.79272186899543, -54.32982839404972, 65.52132228234046], [200.0, 0.0, 2.3835546815396347, -78.59866536069964, -15.335843539740868, 53.76997077516042, 75.55600481954261, -37.631001335361105, 29.615748728056435, -90.61034235705583, -31.75901542385615], [200.0, 0.0, -28.605203320548213, 71.1339222293486, -82.5379547453273, -2.818750213336485, -13.067914762595368, -96.52469495295179, 64.7049752472839, -73.18609908703752, -68.19800847822444, -84.81028674635544], [200.0, 0.0, 30.391473082435503, 27.280102731038113, -78.88638175039027, 87.84771874381849, -77.68090664545414, -86.72643340428014, 84.2025318496267, -47.938088090617036], [200.0, 0.0, 59.38662833043933, 57.14092967909854, 41.202874686336855, 71.60359980277353], [200.0, 0.0, -65.45397340722943, 89.51589980497619, -78.25847733467113, -87.99449975812344, -9.17929072059036, 57.84818786377641, 76.4115463930668, -83.73462398665687, -71.36361448837798, 50.60779187818727], [200.0, 0.0, 91.106749853159, 8.766642021946435, 34.57734029844322, -54.679639090463674, 13.381652260954734, -52.01545633608789, 10.473079758473336, 59.10735562881253, 78.1653128609159], [200.0, 0.0, 79.19508128589688, 9.340250430765451, 30.67732070216824, 3.3001587351187966, 13.35708804537803, -55.817008509853295], [200.0, 0.0, -89.53116115587119, 98.23062629613828, 71.9459827131324, 39.425190815373035, 86.49818640337024, 7.7407840948719775, 30.265987539146334, -51.546693509685305, 19.520189942119835], [200.0, 0.0, -49.813368791496316, -11.69831605266749, -14.765328401938316, -90.12226018974705, 15.848355672233684, -1.271023469329502, -56.651522156287434, 65.39443198297732], [200.0, 0.0, 18.488747004357453, -19.140037244100405, 26.8270827526905, -19.588833653196748, 95.2390267354265, -44.93703581128634, 63.47204996660609, 26.843157631609603, -7.82166400239741], [200.0, 0.0, 32.42103106465084, -42.08575610467478, -24.380248576529297, 58.63863361936921, -46.0692548600891, 33.75091958280048, 40.11576941558468, -78.35212496169652, 20.874833014271864, -89.41339464452867], [200.0, 0.0, -95.20564159009596, 2.880761514331809, -5.7671072399892775, -82.77754626113347, 27.311884242987915, -22.28406859941834, 85.05204034039104, 59.669668609815595], [200.0, 0.0, 11.640443960760294, -1.7230916597160473, 13.259610143203759, 59.78912097441509, 18.32343456232932, 2.6977448783134683, 29.382879509737858], [200.0, 0.0, -60.157209749162234, -96.57606084638361, 76.54231358599566, 5.3821396900990415, -82.3295570123906, 45.65739468366496, -81.08626824714698, 88.77255540952727], [200.0, 0.0, 7.163461886916611, -54.202017650013225, 28.185580398450206, -52.756527847798495, 72.21363361582274, -79.16270019033658, -43.46298391373966, -47.61773888289022, 18.88771610354287], [200.0, 0.0, -33.77666183658305, 5.556681976617761, -47.46356736234863, -28.083521540029267, 28.685143084798682, -15.494336159273491, -39.86565271277798], [200.0, 0.0, -1.6095723091573921, -32.0707334569309, -79.93853093374845, -29.95689260086547, 52.471361979190156, -63.98548325813025, -79.32959929697232, -95.79283208257006], [200.0, 0.0, -59.31805680713218, -30.351044849871055, 68.96783189378655, -23.557960291414215, 82.8609323150214, 0.8092198013378127], [200.0, 0.0, 48.18993587453988, -47.868223495233075, -4.922160708824075, -59.615062020983764, 34.73705598353172, 99.83910220210002], [200.0, 0.0, 60.55875789172733, 23.120507600839634, 50.51216196402522, 55.36339901696587, -85.44409069740004, 74.11433666404233, 99.1522318401118], [200.0, 0.0, 75.55041580847568, -12.958428374769436, 81.4072573394783, 80.76995431607537, 11.66332318513954, -2.7155093703600697, -63.69590235240192, 29.643875647718264, -39.14703306996976], [200.0, 0.0, 40.8524976943756, -10.116213937516182, -96.609189495387, -38.67219660568122, 81.24447259196235, -43.96432149166243, 81.04559688232706, -17.939680197419072, 65.68630025492908]], "c": [5.294293917745938, 4.642314400886678, 4.576718061679358, 4.786354622135688, 5.358990509125273, 4.842269684096312, 4.707657512636885, 5.39068666087635, 4.776354792882677, 5.322311722445603, 5.214734772995851, 5.2298984670473185, 5.282630539867395, 5.2083724416065715, 4.864603652384915, 4.513721347882627, 5.229742131462525, 5.03973905096743, 4.898360270341408, 5.047671287437587, 5.200723479949266, 4.751057429089429, 5.48867522176425, 4.603632466668428, 4.912048954207724, 4.693345635822854], "caves": [[1, 2, 3, 4, 5, 6, 7, 8, 9, 10, 11, 12, 13], [14, 15, 16, 17, 18, 19, 20, 21, 22, 23, 24, 25, 26]]}, "inst2": {"S": [[1, 2, 4, 5, 9, 13], [2, 1, 3, 9, 10, 5, 12, 13, 4, 6, 7], [3, 2, 5, 7, 9, 12, 11, 4, 10, 8, 14], [4, 1, 6, 12, 9, 7, 2, 3, 10, 8, 13], [5, 1, 7, 10, 2, 3, 12, 13, 9], [6, 4, 7, 8, 10, 11, 13, 2], [7, 6, 5, 12, 4, 13, 3, 10, 2], [8, 6, 10, 11, 3, 4], [9, 2, 10, 4, 1, 3, 12, 5], [10, 6, 2, 5, 13, 8, 9, 11, 7, 3, 12, 4], [11, 6, 13, 10, 8, 3], [12, 4, 7, 2, 13, 5, 9, 3, 10], [13, 6, 11, 10, 2, 7, 12, 5, 1, 4], [14, 3, 15, 20, 22, 25, 21, 26, 16, 18], [15, 14, 16, 19, 21, 23, 26, 17], [16, 15, 17, 18, 20, 14, 21, 19, 24], [17, 16, 24, 25, 23, 26, 19, 15], [18, 16, 21, 26, 22, 25, 24, 14], [19, 15, 22, 25, 21, 16, 20, 17, 23], [20, 14, 26, 16, 23, 25, 21, 19, 22], [21, 15, 18, 14, 22, 25, 19, 20, 16, 23], [22, 14, 23, 26, 19, 21, 20, 18, 25], [23, 22, 17, 15, 20, 25, 26, 21, 19], [24, 17, 16, 25, 18, 26], [25, 14, 17, 19, 20, 21, 23, 26, 18, 24, 22], [26, 22, 20, 18, 14, 23, 15, 17, 25, 24]],