{"inst1": {"S": [[1, 2, 3, 6, 10, 9, 4, 7], [2, 1, 9, 10, 7, 13, 6, 11], [3, 1, 4, 7, 8, 9, 10, 13, 12, 11], [4, 3, 5, 8, 9, 13, 10, 6, 1], [5, 4, 9, 8, 13, 6, 12, 11, 7], [6, 1, 10, 13, 9, 5, 2, 4, 12, 11, 7], [7, 3, 11, 12, 2, 13, 9, 6, 5, 1], [8, 3, 4, 11, 5, 13, 12], [9, 2, 3, 4, 5, 11, 6, 7, 1], [10, 1, 2, 11, 3, 4, 6, 13], [11, 7, 10, 8, 9, 2, 6, 5, 3, 14], [12, 7, 13, 8, 5, 3, 6], [13, 12, 4, 7, 3, 8, 6, 5, 2, 10], [14, 11, 15, 16, 18, 24, 19, 21, 25, 17, 20, 22], [15, 14, 17, 22, 25, 21, 24, 26, 18, 19], [16, 14, 19, 20, 18, 25, 24], [17, 15, 19, 21, 24, 14, 18, 25, 22, 26, 23], [18, 14, 16, 20, 19, 21, 24, 25, 17, 15], [19, 16, 17, 21, 24, 14, 20, 18, 26, 15], [20, 16, 21, 26, 25, 18, 19, 22, 14], [21, 20, 23, 17, 19, 24, 14, 18, 15, 22], [22, 15, 24, 20, 23, 17, 14, 25, 21], [23, 21, 22, 17], [24, 14, 25, 19, 21, 17, 15, 18, 22, 16], [25, 15, 24, 20, 16, 14, 18, 17, 22], [26, 20, 19, 15, 17]], "f": [[200.0, 0.0, 16.84542762127974, 97.37722700173397, 2.932820189105434, -37.780509293736756, 94.9523574972833, -58.904896638096524, 94.57474815630584], [200.0, 0.0, 21.572117273569667, -95.99435745620578, -94.0799788261338, -10.54983068548989, 79.39870077844078, -68.60949433698337, -37.15904765340496], [200.0, 0.0, -78.98575373954829, -73.89540262520293, -73.6194824196391, -76.95213068438152, 80.21762729256574, -54.77707439407047, -98.84546680334354, 65.90859341479955, 58.44821163022], [200.0, 0.0, -1.6979520803132475, -6.396769309696793, 86.99248741320311, -59.60726466623192, -80.674356162723, 79.19633545427291, -94.2970017795567, -74.724029158798], [200.0, 0.0, -51.71007531246963, -39.324341636693404, -37.53146356457435, -26.499689957218386, 79.15044679044205, 92.49824931868645, 13.43175577368909, 61.039977609082044], [200.0, 0.0, 9.707492493071147, -49.7443462645057, -62.30915877201182, 47.791609829769314, 92.56078580648426, 42.800912701524126, -25.000309901874896, 56.43707372690603, 74.20443624451185, 73.70565653303791], [200.0, 0.0, -7.802606859284933, 85.41428292812687, -62.736633394341254, -12.506368394980516, -39.877759179266306, 6.71390617652754, -73.32105664519256, -33.89566445489724, 98.1571593074488], [200.0, 0.0, -70.33865836929351, 8.280914800627004, 78.96583267537854, -87.62495075634587, -3.854364597195259, 68.22737697527157], [200.0, 0.0, 64.41667779887096, -12.19152864147146, 21.638371398211298, -67.26158806632372, 95.37504774447017, -69.47765478571651, -75.74040371320241, -37.57974449682884], [200.0, 0.0, 70.47436294403495, -63.309226379101744, -10.3244850162318, 49.14339894592818, -32.55292275665216, 88.98612953311485, -10.522076852796069], [200.0, 0.0, 28.02548753967613, -19.869972187835483, 62.713418696588285, 78.36472815516566, 83.22601839507757, 32.93871506030121, 61.70944993952141, 3.830442268939316, 68.72391333113922], [200.0, 0.0, -40.298703440267936, -7.929424146996333, -29.933973502239674, 29.45100201205342, -43.5554742727319, -69.11337904458237], [200.0, 0.0, 56.143731903467106, -88.20819372214032, -48.0716313442261, 99.06433065889648, 11.739214130167031, -35.88268545104436, 4.256854433980672, 20.56355121122011, 5.247880816935502], [200.0, 0.0, -4.750690381006839, -67.88932342412323, 61.925452238258494, 54.45224924806054, 97.12617604224812, -2.9478761680163945, 93.26429160779742, -57.39603764498307, -40.726913412420274, -98.38731008058423, 74.8799476991548], [200.0, 0.0, 17.965619583460303, -12.428191419928014, -83.21340428930905, -59.29954864999376, -25.034078344481593, 91.0363360568726, 18.084165764981975, -8.523730045182031, -65.42443243748406], [200.0, 0.0, -62.38700272902798, 14.801900623102915, -37.27646807509717, -21.736689337910086, -15.630420206550832, 52.450667441596075], [200.0, 0.0, -17.422602519920403, 5.067897248147224, -4.569656717585002, 31.752916415521515, 34.015837537720216, -33.88207623510817, 47.6418381076573, -14.539108669554857, -82.43249613353964, -58.136849209731764], [200.0, 0.0, -96.98282266833826, 40.38071478795007, -81.78120360505766, 3.1166663778718684, 86.5156437911648, 51.63707780320903, 39.4862955894286, -82.75920070825013, -45.687946647872344], [200.0, 0.0, -81.48529693553297, 19.259833878043466, 29.6182204382768, -49.35018964790308, 98.4229144818505, -2.638370900765019, 17.30937502947212, 63.37438081918931, -76.45527877842176], [200.0, 0.0, -12.586861353606471, 99.53028071489089, -5.023309563384681, -54.7644453918761, 21.96441176273103, 98.2739108656662, -81.05064733138715, -17.22822671464863], [200.0, 0.0, 53.34937207524489, 44.18412014130002, -23.613182225725595, 91.44156066112745, 57.47587517544051, -85.76300357790629, -34.80039948717317, 9.765695321003975, -38.29735220375861], [200.0, 0.0, 34.47162303340665, -63.780400456190314, -38.208210878755125, -36.080697627264044, -94.22926614083991, 38.03438737488551, 70.34277840148422, -58.24823438531088], [200.0, 0.0, 70.1693452955147, -82.48639334821168, -6.048353999514289], [200.0, 0.0, -78.06557870390503, 89.82272856044217, 14.29758755359054, 88.35780555829334, 56.85009554312239, 1.4387380873398525, 18.213788089934546, -70.4483584451566, 29.886902360046964], [200.0, 0.0, 41.28132318083282, -20.419368611404742, 99.08643396060064, -31.83879110160923, -10.141275845938736, 80.53891035521357, -30.626216815027597, -19.76832162355633], [200.0, 0.0, 51.52776736027895, 73.31905968917529, 92.2006232501945, 40.02691052580032]], "c": [5.094906780110375, 4.596940036419712, 5.330104145502428, 5.4380986635857065, 4.84249958063937, 4.949787963709812, 4.594601295189688, 4.729117973468231, 5.359500952263019, 4.7306534282101484, 4.544566226774626, 4.811605523522176, 5.146913437731061, 4.53844265731499, 4.5151013863029945, 5.2049880355382125, 4.917075358210797, 5.131221835347044, 4.862456654437082, 5.441444107733412, 4.539263437043647, 4.686720591212709, 4.586940827570205, 5.359326055860381, 5.293593006071776, 4.696504728449943], "caves": [[1, 2, 3, 4, 5, 6, 7, 8, 9, 10, 11, 12, 13], [14, 15, 16, 17, 18, 19, 20, 21, 22, 23, 24, 25, 26]]}, "inst2": {"S": [[1, 2, 3, 4, 13, 7, 5, 12, 14], [2, 1, 11, 10, 3, 13, 6, 9, 5, 12], [3, 1, 5, 6, 8, 12, 11, 10, 2, 4, 9], [4, 1, 6, 9, 3, 11, 13], [5, 3, 7, 10, 13, 12, 1, 6, 2], [6, 3, 9, 13, 4, 11, 8, 12, 2, 5, 10], [7, 5, 1, 9, 11], [8, 3, 6, 13, 12, 10], [9, 6, 11, 4, 10, 13, 3, 7, 2], [10, 5, 3, 9, 2, 8, 11, 12, 6], [11, 9, 2, 3, 6, 12, 13, 4, 10, 7], [12, 3, 5, 6, 11, 8, 1, 10, 2, 13], [13, 5, 1, 6, 8, 2, 9, 11, 4, 12], [14, 1, 15, 16, 23, 26], [15, 14, 26, 22, 24, 23, 21, 25], [16, 14, 17, 22, 25, 26, 18, 19, 20, 24], [17, 16, 18, 22, 26, 20, 25, 21, 24, 19, 23], [18, 17, 19, 22, 23, 16, 24, 20], [19, 18, 20, 25, 16, 24, 17, 26], [20, 19, 21, 23, 24, 25, 17, 18, 22, 16], [21, 20, 23, 17, 25, 15], [22, 18, 26, 17, 16, 15, 24, 20, 23], [23, 20, 18, 21, 25, 14, 15, 26, 24, 17, 22], [24, 20, 26, 15, 18, 22, 17, 19, 23, 16], [25, 20, 16, 19, 17, 23, 26, 21, 15], [26, 15, 22, 16, 17, 24, 25, 23, 14, 19]],