{"inst1": {"S": [[1, 2, 3, 6, 9, 13, 8, 7, 10, 12, 11], [2, 1, 4, 7, 11, 13, 10, 9, 8, 6], [3, 1, 8, 9, 7, 6, 10, 12, 13], [4, 2, 5, 6, 11, 9, 8], [5, 4, 6, 10, 11, 9, 12], [6, 5, 12, 13, 1, 7, 4, 3, 10, 2], [7, 2, 6, 3, 12, 9, 10, 11, 1], [8, 3, 9, 1, 2, 10, 4, 14], [9, 8, 3, 1, 7, 2, 5, 4, 10], [10, 5, 2, 13, 6, 11, 7, 12, 1, 3, 8, 9], [11, 2, 5, 13, 10, 4, 7, 1], [12, 6, 7, 10, 13, 3, 5, 1], [13, 2, 6, 1, 10, 11, 12, 3], [14, 8, 15, 17, 18, 19, 21, 26, 23, 20, 24], [15, 14, 16, 24, 17, 23, 22], [16, 15, 26, 23, 17, 22, 20, 24, 21], [17, 14, 21, 22, 24, 25, 16, 15, 23, 20], [18, 14, 20, 26, 19, 21, 23, 22], [19, 14, 18, 23, 24, 22, 26], [20, 18, 26, 16, 25, 23, 22, 24, 14, 17], [21, 17, 14, 18, 16, 23], [22, 17, 23, 16, 24, 25, 26, 20, 15, 19, 18], [23, 22, 16, 19, 18, 20, 14, 15, 24, 21, 17], [24, 17, 15, 22, 26, 16, 19, 20, 23, 25, 14], [25, 17, 22, 20, 26, 24], [26, 16, 20, 18, 24, 14, 22, 25, 19]], "f": [[200.0, 0.0, -13.551721697620177, 68.38046650545091, 50.90197097617253, 57.645517721680676, 5.085548947780194, -72.41998253228157, -85.5536300673324, -40.026696423593734, -60.672135848970335, 10.616717905880947], [200.0, 0.0, -37.08107053460363, 15.275712321412138, 46.44855436076942, 86.44742311737446, 92.70261990915856, 55.416835884680026, -97.79116101097635, 55.10194191207789, -12.049247700930831], [200.0, 0.0, -44.66441523393989, 64.16316031418768, -41.87881198719205, -46.886060905652485, -96.63664295930295, -66.22498288254049, 56.95316051433876, 2.320323222280929], [200.0, 0.0, 62.373356455247, -48.98840414964205, 67.69452055367937, 74.49378212251511, 95.61837061211922, -42.12645073797401], [200.0, 0.0, -13.034571874466128, 18.18033760935842, -84.76144515914679, 41.9109796013404, -26.083319518827675, 91.28992568988048], [200.0, 0.0, -13.490157009348724, -0.9726703036773587, 75.61580700963376, 63.419343729635045, 97.19565326352098, -42.91980996674856, 97.36501105399734, 29.496031561067724, -96.4572686229338], [200.0, 0.0, -2.967003270685953, 31.990274973081533, 13.70838864468704, -67.08429155176667, -96.58313105985982, 60.58785540011786, 6.1217845772723045, 71.47568194566516], [200.0, 0.0, -17.269800734819807, -47.06241975798502, 6.764722127949296, 79.47612831577663, 68.45653791383741, -48.98926391248042, -89.6355432093089], [200.0, 0.0, -1.5374788519164406, -17.876817251573417, -29.94270992244539, 30.319360816219888, -64.81133748485719, -19.697191439230323, 7.837155169269572, 61.55950652814941], [200.0, 0.0, 29.888273461283312, -0.1053666624873717, 39.56314044821787, 43.10035425388836, 2.559102404846225, -63.144351507951214, -64.73853912675705, 7.588750468636674, 31.358076393638058, 54.07539134795858, -43.8912721246046], [200.0, 0.0, 0.34790593245384027, -94.25471167237933, -11.091570679786212, -95.75932000494785, 90.75911060194642, -13.22332374297146, 87.27565064085967], [200.0, 0.0, -62.35437182675669, 35.2954511060966, -36.95463671459605, 56.58899520525822, -32.59982553192173, -53.590125176652606, -10.230133411697317], [200.0, 0.0, 10.601665211066248, -50.36850807128952, 2.730071020505309, 29.36006861879079, 28.079489310488515, 60.507569007139296, -21.116694056919314], [200.0, 0.0, -10.230424397106908, 50.39126740764355, -78.61157958404159, 53.15649357841173, -20.347131531172067, 93.06510456360841, 61.5246508380733, -95.06020397919994, 62.82143541773928, 59.43134681220512], [200.0, 0.0, -65.92073767879623, -55.63085529948637, 42.7707310430413, 73.15362711763615, -67.12508461629902, -66.18775313294361], [200.0, 0.0, 75.24142482036464, 12.48485213700743, 76.48045972418072, -51.56821683198072, 58.07648736560198, 72.97584860211832, 96.50570436311796, 93.95266819022532], [200.0, 0.0, -26.409410160227576, 5.754933473614754, 14.801097868463176, 27.37166289985069, 26.180606712177923, 35.5649700618869, -11.950615308488711, -63.455960916135076, 42.795790693754434], [200.0, 0.0, -30.986654935845515, 35.27448492388095, 48.82098971251472, 91.05008389089781, -48.35276936398007, 47.46526938777902, 93.61550754823291], [200.0, 0.0, -5.879301654548885, 94.94075497989594, 82.54592744934676, 43.764036466939736, 33.81678447648957, -9.234898715720053], [200.0, 0.0, 30.844742116748858, 1.8927258334215047, 3.4093864905797577, 10.110725804539221, 46.70677752624719, 13.162452337149787, 87.72092262530194, 91.14606397067516, -75.15274248947443], [200.0, 0.0, 74.74481067969818, -10.976185137944183, -95.53101137023879, -24.82587147709008, -80.91217028255112], [200.0, 0.0, 80.47517096281535, 87.95048522793377, 63.48608754207981, -34.319470759575196, -93.31162779236695, -23.607593651806514, -91.47987192894347, -95.3518737341934, 86.46935911198905, -77.5317809049263], [200.0, 0.0, -49.9885519055469, -75.15063734203429, 6.852616182104154, -67.13021273409048, -48.982257921750396, -79.62727598360256, -64.70359818677875, 43.97300912030624, -17.718374090508405, -81.6800800396361], [200.0, 0.0, 39.13086669570865, -0.28624000993258125, -11.639304096852698, 61.95020026037334, -88.61161864273399, 93.38483191027969, 81.53554757425073, 39.617997835760896, -61.8899943840145, -28.34905209409053], [200.0, 0.0, -76.81488514591636, -27.29555663823897, 38.703988426048895, 83.77425307267468, -43.530343417205565], [200.0, 0.0, -71.17311230988923, -38.169920896249046, -78.96286688011294, 92.95516223535918, 56.9703814244223, -65.62677752794295, -19.562261506969914, 75.54156345339409]], "c": [4.560651323682309, 4.507245485827672, 4.942612994156523, 4.655174827231995, 5.454188487064193, 4.738491664716289, 5.098757334980761, 4.516549248554728, 4.506764080782788, 5.203287265914425, 5.474010787827989, 4.716958737741118, 4.763657494806252, 4.637536663884347, 4.5943190706890205, 5.434144766442994, 4.994620657221793, 4.902352699046625, 5.025608578762045, 5.002395008172084, 5.272200726138983, 4.541194826109618, 4.8767442395602325, 4.889044633829342, 5.202201809038369, 4.921988875163044], "caves": [[1, 2, 3, 4, 5, 6, 7, 8, 9, 10, 11, 12, 13], [14, 15, 16, 17, 18, 19, 20, 21, 22, 23, 24, 25, 26]]}, "inst2": {"S": [[1, 2, 8, 10, 11, 9, 6, 7], [2, 1, 3, 4, 5, 13, 8, 10, 11, 7, 12, 6], [3, 2, 6, 9, 11, 8, 5], [4, 2, 5, 11, 8, 7, 6, 13, 12], [5, 2, 7, 4, 9, 3, 12], [6, 3, 7, 8, 10, 12, 9, 1, 4, 13, 2], [7, 6, 5, 8, 2, 4, 13, 1, 10], [8, 6, 1, 3, 2, 10, 4, 7, 12, 9, 13], [9, 3, 13, 6, 12, 5, 1, 8], [10, 6, 12, 13, 1, 8, 2, 7], [11, 3, 4, 2, 12, 1], [12, 10, 6, 13, 9, 8, 11, 2, 5, 4], [13, 10, 9, 12, 2, 7, 6, 4, 8, 14], [14, 13, 15, 16, 20, 23, 17, 25, 19, 21], [15, 14, 17, 22, 24, 18, 21, 16, 19, 20], [16, 14, 19, 17, 26, 18, 15, 25, 23], [17, 15, 18, 22, 23, 16, 14, 25], [18, 17, 21, 23, 19, 26, 16, 15, 20], [19, 16, 23, 25, 20, 18, 14, 24, 15, 26], [20, 14, 24, 26, 19, 25, 23, 22, 21, 18, 15], [21, 18, 25, 26, 15, 14, 20, 23], [22, 17, 15, 25, 23, 20, 24], [23, 14, 25, 19, 17, 18, 22, 20, 21, 16], [24, 20, 26, 25, 15, 19, 22], [25, 23, 21, 19, 24, 17, 22, 20, 14, 16], [26, 24, 20, 16, 21, 18, 19]],