{"inst1": {"S": [[1, 2, 7, 4, 10, 9, 13, 3], [2, 1, 3, 5, 6, 9, 4, 12, 13, 10, 8], [3, 2, 4, 11, 5, 7, 9, 13, 8, 1], [4, 3, 10, 13, 11, 9, 2, 6, 1, 8, 5, 12], [5, 2, 6, 9, 10, 3, 12, 4, 8], [6, 2, 5, 10, 4, 11, 13], [7, 1, 8, 10, 3, 13, 9], [8, 7, 12, 13, 4, 3, 11, 5, 2], [9, 2, 11, 5, 4, 3, 1, 7], [10, 4, 6, 5, 7, 1, 2, 12, 14], [11, 9, 4, 12, 3, 6, 13, 8], [12, 8, 11, 5, 2, 13, 10, 4], [13, 4, 8, 7, 3, 2, 11, 6, 12, 1], [14, 10, 15, 17, 26, 22, 24, 18], [15, 14, 16, 20, 23, 26, 25, 21], [16, 15, 18, 21, 26, 19, 20, 17, 22], [17, 14, 19, 25, 18, 22, 26, 24, 21, 20, 16], [18, 16, 22, 23, 25, 17, 24, 19, 14, 20], [19, 17, 24, 25, 18, 22, 20, 16, 21, 23], [20, 15, 23, 24, 19, 17, 16, 18, 25], [21, 16, 23, 26, 17, 15, 19, 22, 24, 25], [22, 18, 14, 17, 19, 25, 21, 16], [23, 18, 15, 20, 21, 24, 19], [24, 19, 14, 26, 23, 20, 18, 17, 25, 21], [25, 17, 18, 19, 24, 15, 22, 20, 21], [26, 14, 16, 24, 21, 17, 15]], "f": [[200.0, 0.0, 69.25297576121854, -74.28692904946423, 47.921026216448894, 67.40090745274307, 6.101102476161446, 58.870947888023025, 29.1353936899041], [200.0, 0.0, 4.7796681550116515, 25.73175598248525, 61.069782645997314, 56.52369695746842, -85.52253732545681, 93.97431164750249, -99.29655341124204, 78.86237432038776, -76.80074540556392, -10.739781624671863], [200.0, 0.0, -2.8077733797248206, 56.84852493123596, 45.01378132537668, 3.5145562939404407, 1.3996311794094884, -75.25614979776927, -78.72586161683321, 34.21021154341983, -19.464305773582446], [200.0, 0.0, 70.0145211113578, 42.34595564294008, -64.4159403148342, -91.70888200224007, -1.9319431478687976, -13.477391979335085, 32.60736790907268, 93.05816974715617, 3.8025434185056994, 99.67388337871128, -4.513619696753657], [200.0, 0.0, 93.13477658863796, -64.67064985698023, -24.937323500545293, -48.06885079992264, -20.349501948714654, 92.67416125216354, 54.73792588503876, -86.17439882304656], [200.0, 0.0, 17.370682239886047, 95.38636834845708, 99.37016287216001, -33.67705712023119, 48.770536971555046, 50.558635275680274], [200.0, 0.0, 35.78371394186437, -23.3305285481862, 67.77934491282245, -10.893981920092699, 58.342533709153166, -76.22693768731664], [200.0, 0.0, -57.86333899232137, -58.028512164155366, 51.60422155616982, -9.752007217513015, -60.674237712903256, 95.53396348936694, -94.81263825692585, 34.9548459396688], [200.0, 0.0, 61.77093422991915, 14.313146758371321, 25.289920866418925, 96.28688603641493, 0.5072171586928409, 97.58865103703288, -20.031412479969713], [200.0, 0.0, -97.12459765259189, 60.093304301562036, 51.47203270961504, -41.44682001674411, 36.476560624128936, -61.344319299813655, -51.38952881607346, 13.366610790082166], [200.0, 0.0, 87.15898413311119, 51.25931291679153, -83.17097923649439, 1.661106977523863, -12.523353675688798, -81.45763936247764, 82.50512509188911], [200.0, 0.0, 48.046410889628774, 77.27226810255254, 13.443016214464754, 62.550264851082105, -78.84055203444704, -94.30865530461962, -11.98792743010575], [200.0, 0.0, 43.89100141090398, 87.89545771732764, 31.32353934648333, -13.197324838177526, 73.01231428596108, 40.08353890914642, -6.52265976530797, 93.56064137835136, -63.19995928191708], [200.0, 0.0, 37.1787227574317, 40.300077914844756, -70.12080625452614, 69.79956132420939, 78.95124308118145, 18.219344320339314, -70.41246918638313], [200.0, 0.0, 55.987447376366674, -2.243335890185638, 81.61287321885142, -63.86617334385116, 79.2632687718573, -23.03358116505805, 7.722112331999131], [200.0, 0.0, 65.59737715460017, -46.02696732777347, -86.28993938104, -7.318961088891407, -82.76962154372978, -92.28278766814095, -92.71285695578393, -68.35378612020364], [200.0, 0.0, -88.3937427559345, 15.222615293149367, 83.98660573683489, -14.80518108558806, -24.356211715847962, 70.52649021582818, 30.175415700366017, 22.909919623208697, 85.02985872911204, 80.04650153590558], [200.0, 0.0, 53.44558514207518, -0.9633401626597315, 0.37311364687022675, 22.13895190843811, 93.47519497522805, 51.30568114977467, -97.14003124000692, 20.14540026450171, 11.197591639222448], [200.0, 0.0, 65.23749363269549, -46.7434717829196, 66.32610699126633, -2.1335919434938733, 1.44671862297987, -98.65698886238089, -17.7658395497857, -73.23595160700197, -97.8226403363777], [200.0, 0.0, 94.09923066097399, -72.85611510819432, -90.55820617288902, 82.4293527584962, 0.6524520315986493, 60.73346120067911, 67.19914605888081, 41.632140909980485], [200.0, 0.0, -11.615004205034873, 99.15762347304424, 69.73260291671421, -59.15499464174092, -30.14595180803925, 95.1409047321868, -67.54875518180332, -85.48429639379344, 73.10596324594003], [200.0, 0.0, 63.00038544769304, -12.789574601485864, -76.3597109622784, -66.61843225979706, -89.18178757992534, -67.03766941961197, 84.84203314723304], [200.0, 0.0, -60.92843531068659, -60.079138609192114, 45.15992651847742, -71.17724222590238, -21.014659028619278, -94.48626515113894], [200.0, 0.0, 27.63872809142949, 29.00242856688353, -45.78201093803003, -74.1383483169846, 79.9282765388224, 69.76693953130089, -9.716864312592888, -65.8633877742719, -81.3124372071314], [200.0, 0.0, 72.44420759428746, 84.81800075413479, 29.075441864376984, 80.86175167275731, 96.5059619604626, 77.08134414492724, 55.660741864107635, 97.02150197841503], [200.0, 0.0, -89.14550398933238, 53.99930734230427, 52.50382169341648, -59.794836705989, 32.603106551135696, -95.93144206467466]], "c": [4.564537572778079, 5.271388878947318, 5.377124928178433, 4.91878407814315, 4.9319282148160895, 5.308975925153664, 5.0657498770988365, 5.2044205372961025, 5.083661680237858, 5.0364319429306725, 4.846466007769985, 5.291706807662219, 4.670311372385319, 4.907026970892689, 4.939158251844489, 4.748927005803791, 4.782781986651974, 4.610405454314614, 5.271218772380151, 4.588320015911544, 4.788024543549324, 4.573627586027859, 4.67011919860002, 5.094063623804272, 4.8234098525388145, 5.098611713797541], "caves": [[1, 2, 3, 4, 5, 6, 7, 8, 9, 10, 11, 12, 13], [14, 15, 16, 17, 18, 19, 20, 21, 22, 23, 24, 25, 26]]}, "inst2": {"S": [[1, 2, 4, 6, 9, 13, 10, 7, 12, 5, 3, 8], [2, 1, 3, 11, 13, 6, 9, 7, 5], [3, 2, 5, 7, 9, 1, 8], [4, 1, 11, 12, 9, 5, 7, 8], [5, 3, 6, 1, 9, 12, 10, 4, 7, 2], [6, 1, 10, 2, 11, 12, 5, 7, 13], [7, 3, 8, 9, 1, 2, 6, 13, 11, 4, 5, 14], [8, 7, 3, 9, 1, 10, 4], [9, 7, 1, 2, 4, 5, 3, 8, 12, 11, 10], [10, 6, 12, 1, 11, 5, 8, 9], [11, 2, 6, 13, 4, 10, 12, 7, 9], [12, 10, 6, 4, 1, 5, 11, 9], [13, 2, 1, 11, 7, 6], [14, 7, 15, 23, 18, 19, 22, 25, 16], [15, 14, 16, 18, 21, 25, 24, 22, 23, 26, 17], [16, 15, 17, 25, 24, 21, 26, 23, 20, 19, 14], [17, 16, 19, 20, 22, 26, 18, 15, 21], [18, 15, 21, 24, 20, 14, 23, 17], [19, 17, 21, 24, 14, 26, 22, 20, 16], [20, 17, 22, 18, 25, 21, 23, 19, 16], [21, 18, 15, 19, 22, 16, 26, 24, 20, 17], [22, 17, 23, 20, 21, 14, 26, 15, 19, 24], [23, 22, 14, 18, 24, 25, 15, 20, 16], [24, 18, 19, 16, 15, 21, 23, 22], [25, 16, 15, 20, 23, 14], [26, 17, 22, 21, 19, 15, 16]],