{"inst1": {"S": [[1, 2, 10, 9, 12, 13, 6, 3, 5], [2, 1, 3, 4, 13, 8, 7, 11, 6, 12, 9], [3, 2, 5, 6, 13, 12, 4, 9, 8, 11, 10, 1], [4, 2, 7, 8, 3, 11, 5, 9, 6, 12], [5, 3, 10, 13, 9, 12, 4, 1], [6, 3, 12, 2, 4, 10, 1, 11], [7, 4, 12, 11, 2, 13, 10], [8, 4, 9, 13, 3, 2, 10], [9, 8, 3, 5, 1, 13, 4, 2, 10], [10, 5, 11, 1, 13, 3, 8, 7, 6, 9], [11, 10, 7, 4, 3, 2, 6], [12, 7, 3, 5, 1, 6, 2, 4, 14], [13, 3, 8, 2, 5, 9, 10, 7, 1], [14, 12, 15, 16, 17, 26, 22, 18, 21, 19], [15, 14, 22, 19, 26, 17, 18, 23, 16], [16, 14, 21, 23, 22, 19, 26, 25, 15], [17, 14, 18, 20, 26, 15, 19, 22], [18, 17, 19, 20, 14, 25, 21, 15, 26, 23], [19, 18, 22, 15, 26, 20, 24, 14, 17, 16], [20, 17, 23, 18, 24, 26, 19, 22, 25], [21, 16, 25, 14, 23, 24, 18], [22, 15, 24, 26, 23, 19, 14, 16, 20, 17, 25], [23, 16, 22, 20, 21, 25, 15, 18], [24, 22, 20, 25, 19, 21], [25, 21, 18, 24, 23, 26, 22, 16, 20], [26, 22, 14, 20, 17, 15, 19, 25, 16, 18]], "f": [[200.0, 0.0, -23.158088639117413, 35.58184599364302, 37.03296439752239, -15.215189407528174, -64.13455364819431, -48.70037962567644, -70.87568948527175, -50.2144904661211], [200.0, 0.0, -64.31574171011786, -85.90164406478618, 19.831456071370667, -39.910492844265846, 91.99539815898412, 75.34867171566214, -20.37385417173725, 29.290473130118656, 97.92357929199633, -3.65552595295473], [200.0, 0.0, 14.795369425461647, -11.256078440438833, -79.24752560320229, 49.846600004476514, -78.72997382690328, -14.110215406165949, 26.003780126411293, -65.09983422201834, 7.071058712302336, 72.49879738599702, 71.91433657792334], [200.0, 0.0, 67.6987804163373, -35.168491074042294, -16.359439402538566, 0.12384603522870297, -22.692116395902783, -54.805821623776026, 32.25796745666756, 18.768346744337606, 72.00553403406495], [200.0, 0.0, 92.98920698216683, -56.354714017607456, 60.3883032771384, -70.52180327589319, 63.49928247414811, -1.624362989016248, -70.95124438771356], [200.0, 0.0, 77.27403472571888, -19.688037957282912, 17.365529045102758, -84.31260280674945, -41.012515183780415, -27.831162754246307, -63.94824254613025], [200.0, 0.0, 31.033114520463712, -93.16256083996694, -2.3678392096518897, -20.911192079022634, -23.43614769173574, -29.087593159220738], [200.0, 0.0, -78.5971385168325, 47.02652141827501, 95.8699118919978, -24.736994715595408, -94.44011398945182, 52.166829954761454], [200.0, 0.0, -73.83409852633218, 96.20676941336177, -43.915856019359325, 35.59442893926572, -33.63830025589978, -49.86062563390199, 21.817634131130315, 36.510312843823], [200.0, 0.0, 24.832484916640894, -79.22953279683276, 66.65391552233646, -82.82553719885546, 54.33155372643832, -84.81227248416026, 33.66819947215915, -60.050211460857675, 60.78304488477171], [200.0, 0.0, -9.550254895422938, 4.188046576017412, -11.737213697156434, 60.43805700476091, -17.803444337756957, -43.00555619017303], [200.0, 0.0, 9.068344142734496, -81.76817423634559, -6.695497155036878, -62.68904341728263, 56.78537443614944, -51.19256148513212, -83.74779565938721, 77.45633303080628], [200.0, 0.0, -32.156985263488934, -72.32963541141599, -45.95190774284055, -4.111398751080175, -53.71713357797876, 1.4856722357184937, -95.76880856734333, -60.53240158517179], [200.0, 0.0, -16.214838274928447, 97.5486138351108, -60.03595709701213, -1.3205277226210343, -4.020821502482819, -54.19124211045045, 15.10477951670981, -58.66755845047658, 56.86852856177984], [200.0, 0.0, 60.771487535054945, -66.80506117631768, -14.216084368676718, 62.31307889496891, 39.31466921441456, -76.21326100451489, -37.94947177604959, 58.720981180478816], [200.0, 0.0, -27.879136303866737, -57.11276646841763, -64.0065873294851, 42.17928068467825, -31.383304916257735, -43.44235258456492, 38.02396451173627, -71.88535916548898], [200.0, 0.0, 22.250895793417214, -36.891880724429484, 47.64726918711013, 57.05372422987616, 89.60889879186695, -18.479130067283055, -85.54291165486853], [200.0, 0.0, -11.977463068749984, 9.884886095980416, 28.22762397068539, -93.83819585932282, 74.4773290941688, -46.921845419854336, 81.35536866284431, 7.0975457388723795, 47.93851873069281], [200.0, 0.0, 20.21443198037891, 0.06467352287298223, 21.51991308064163, -64.66538938572846, 10.742979108219618, -27.014165127343247, -81.52919855146725, 70.8526128446699, -96.03058094823709], [200.0, 0.0, -67.69114901520106, 52.30093195794827, -34.34120713436075, -6.762934857180736, 78.19740159457811, 87.18305690710832, 5.114964577337977, 37.52176185514426], [200.0, 0.0, 1.1134285590524318, 37.00897305293258, -75.27171137229888, 4.8262534402787605, 97.99948689466717, 0.7695800602568914], [200.0, 0.0, 26.769492109700366, -21.258916539121508, 94.31821624893911, 20.203479239612122, -52.290867255214124, 7.741517124272623, -11.280970120794475, -39.54201939394852, 87.39846041902155, -28.3327959102172], [200.0, 0.0, -21.447851364483327, -45.22543483462902, 93.3339399622977, -53.92199581995782, -25.775195040885457, -15.010704327889869, 43.025166349298985], [200.0, 0.0, -43.34379813677425, -85.62053973368305, 66.90855023291655, -10.577346069277095, 76.25389450790207], [200.0, 0.0, 72.89832761601195, -15.715215263845117, 95.25777348532954, 23.96332683974243, 42.15601045011268, -90.67129572786523, -28.844608336616485, 74.43709500371646], [200.0, 0.0, 62.194512422005, -96.33030862696236, -76.06307455243825, 5.101851811031155, 10.649787846886216, 23.22404696913778, 8.566940404366875, -26.21664046420713, -63.402439552424575]], "c": [4.91993535199843, 5.381914018255926, 5.269604614157501, 4.869014154704318, 5.068556257441287, 5.048485080197153, 4.592397770614539, 4.501305113416693, 4.721743383611036, 5.355391761234683, 4.520576517161794, 5.00024611514202, 5.160304432322723, 4.757854657298593, 5.276538049913852, 5.338767580571927, 4.632481244697368, 4.708783389121698, 5.312923507061692, 4.611150367266856, 5.316581884964439, 5.406640728201533, 4.8031164902080254, 5.155335130483332, 4.6128899697780845, 4.96144475952703], "caves": [[1, 2, 3, 4, 5, 6, 7, 8, 9, 10, 11, 12, 13], [14, 15, 16, 17, 18, 19, 20, 21, 22, 23, 24, 25, 26]]}, "inst2": {"S": [[1, 2, 3, 5, 7, 12, 11, 13, 10, 8], [2, 1, 9, 6, 5, 10, 4, 11], [3, 1, 4, 6, 8, 10, 12], [4, 3, 10, 5, 11, 13, 2, 8, 6, 9, 12], [5, 1, 9, 6, 4, 2, 12, 11, 8, 7, 13], [6, 3, 7, 5, 9, 13, 2, 8, 12, 10, 4], [7, 6, 1, 11, 12, 10, 8, 5], [8, 3, 6, 7, 5, 4, 1, 10, 14], [9, 5, 6, 2, 11, 4], [10, 4, 11, 12, 3, 2, 7, 6, 1, 8, 13], [11, 10, 13, 7, 4, 1, 5, 2, 9], [12, 10, 3, 1, 5, 7, 6, 4], [13, 11, 6, 4, 1, 5, 10], [14, 8, 15, 17, 18, 22, 21, 25, 23, 19], [15, 14, 16, 22, 17, 18, 24, 20, 25], [16, 15, 20, 21, 22, 26, 25, 18, 17, 24], [17, 14, 18, 15, 16, 19, 20], [18, 14, 19, 23, 26, 17, 16, 24, 25, 15, 20], [19, 18, 25, 26, 24, 20, 17, 23, 14], [20, 16, 24, 26, 22, 15, 25, 19, 18, 17], [21, 16, 14, 25, 22, 24, 23], [22, 14, 15, 16, 21, 20, 25, 24], [23, 18, 21, 14, 25, 19], [24, 20, 18, 21, 25, 15, 16, 19, 26, 22], [25, 19, 26, 16, 21, 14, 22, 24, 18, 20, 15, 23], [26, 20, 18, 25, 16, 19, 24]],