{"inst1": {"S": [[1, 2, 3, 4, 5, 11, 8, 9, 13, 12], [2, 1, 6, 12, 13, 3, 8, 4], [3, 1, 11, 4, 2, 6, 5], [4, 1, 10, 13, 3, 11, 8, 2, 12, 9], [5, 1, 13, 8, 7, 10, 3], [6, 2, 7, 11, 3, 10, 8, 9], [7, 6, 8, 9, 5, 12], [8, 7, 12, 1, 4, 2, 9, 5, 10, 11, 6, 13], [9, 7, 13, 1, 8, 12, 10, 4, 6, 11], [10, 4, 6, 8, 5, 9, 12, 13], [11, 1, 3, 13, 12, 6, 4, 8, 9], [12, 8, 13, 11, 2, 4, 9, 7, 1, 10, 14], [13, 5, 12, 11, 4, 9, 2, 1, 8, 10], [14, 12, 15, 21, 25, 20, 18, 16], [15, 14, 16, 18, 19, 20, 17, 24, 26, 21], [16, 15, 17, 21, 23, 18, 26, 22, 20, 14], [17, 16, 26, 15, 19, 20, 23, 21, 25, 18], [18, 15, 24, 25, 16, 20, 22, 17, 26, 23, 14], [19, 15, 22, 17, 21, 26, 25, 24], [20, 15, 22, 17, 18, 21, 16, 14], [21, 16, 26, 25, 14, 20, 19, 17, 15], [22, 19, 23, 25, 20, 24, 26, 18, 16], [23, 22, 16, 17, 24, 25, 18, 26], [24, 18, 22, 23, 15, 19], [25, 22, 18, 26, 21, 17, 19, 14, 23], [26, 17, 21, 25, 22, 16, 19, 18, 15, 23]], "f": [[200.0, 0.0, -6.029756844499268, -44.76487510873828, -97.26251444183269, -89.6476152270195, -74.02956261889709, 37.5948219791165, -69.77240025643962, 33.225266091256664, -65.52084104037957], [200.0, 0.0, 99.12076807320128, -29.670632930036376, -46.69271626341243, -46.742505511193585, 97.75843633693957, -47.15366008897162, 68.12840076226007], [200.0, 0.0, -70.54374097537179, 38.295970452358844, 82.60021772698813, 4.784883761977055, 6.604934875811019, 82.62431831626176], [200.0, 0.0, 5.022728110248753, -86.82964769974839, 44.41101284548077, -65.00565609249138, -15.889021563981554, -86.70509866714909, 99.17924370223432, -70.16236249063435, 18.703437431667425], [200.0, 0.0, -10.921530303324856, -88.82999668598744, 45.27501278093678, 70.13171643327512, 11.659713613188472, 81.82697889508046], [200.0, 0.0, -83.60612649946972, -35.17906061059068, -71.61769407312096, -25.50738141894511, -74.91586601670113, -54.80001006017288, 65.28832806330027], [200.0, 0.0, -96.71306056197338, -81.61549422968235, 21.26081884481188, -62.37374106014186, 84.1790849127104], [200.0, 0.0, -15.136731186374842, 81.61198161502867, -86.3891343554225, -87.9848721179539, -18.589880296133998, 56.54546485790994, 94.47634485518681, -80.307289632118, -73.72182880577594, 70.78253162352044, 5.866426939468927], [200.0, 0.0, 94.95367493850789, 20.272254130372037, 23.164054867943552, 74.22143740746623, -73.11372397243068, -15.440557305556224, -10.205165712297436, -99.84090961574887, -92.09359988226666], [200.0, 0.0, 98.9533764660622, 57.66886122530639, -63.21375677482772, -14.380467409940367, 13.003063784955081, 20.722698652925864, 26.530896773572255], [200.0, 0.0, 72.90881677885932, -23.676043833210446, 10.038179291769978, -92.98414855052413, -63.600997501002965, 10.570750048503186, -13.388620740440448, 94.56543306232791], [200.0, 0.0, -81.35859127067748, 66.14659180835567, 84.22917536423178, 22.073959263330067, -52.995244645476404, 62.96454640547007, -92.9967759255907, -2.172082035392009, -93.65808797671504, 4.879077169339041], [200.0, 0.0, -68.9596698466479, -18.286827645116155, 93.97079071335341, 3.936431251650485, -72.10264988538056, -7.735486380534273, -50.656377175849585, 30.400336765111803, 10.895336715049853], [200.0, 0.0, -4.98468608468321, -41.08590148632136, -63.645773012020655, -61.29738516453735, -67.4910158302535, 20.280926320716873, 2.021342425931394], [200.0, 0.0, 46.67311883446956, 97.27481446482487, 13.024220243184192, -50.84972788151403, 42.46840192644432, 48.488803168471065, 93.3906847940811, 87.67691595290077, -79.46444053247102], [200.0, 0.0, 30.42880951309408, 48.8010195641787, 65.55454105452809, 9.627818990747784, 68.16754009128967, -29.346150085810073, 11.029917004633582, -17.95061385396317, 73.01617479351962], [200.0, 0.0, 7.622477214917578, -28.07140479449832, -52.25891908958318, 57.61489952519645, 18.155873628070985, -9.285141937384056, 60.584016004782136, 75.81225929106652, 22.73463471225594], [200.0, 0.0, 24.59060399761883, -75.34415767456275, -42.44405478259237, -54.42667944676751, -71.7430516679261, -80.91718079336046, -74.0000761505311, 47.6396847729396, -56.595864044664815, 96.2444557168135], [200.0, 0.0, 13.140567940620196, -46.724060590615714, 6.0219723901307365, -68.93888283975072, 0.3079894832247243, -97.44383623136301, 84.23877892549756], [200.0, 0.0, 30.26909962623194, -53.863965163601726, -29.624580548761358, -15.324998283306691, -47.756665557572035, -61.989962850880296, 2.600276805957691], [200.0, 0.0, -63.610890139460395, 34.24495694353771, -64.10958320251746, -18.93564014838085, -13.773078156203567, 95.81866506559076, 6.4789168251378815, -46.88221861422062], [200.0, 0.0, 6.699742351950366, 23.028669539352855, 97.64205504601087, -70.24024200597594, 4.241042291741182, 35.21656351632605, 71.51516912628504, 53.68587276340773], [200.0, 0.0, 58.99246326856515, 79.56829315012676, 23.516477208842357, -48.15969857688292, -11.200553661909108, -50.171826294876155, 9.875016518520319], [200.0, 0.0, -0.3855630504480123, -95.56678679426712, 87.86937646497645, 78.68435694394122, 86.1123232636335], [200.0, 0.0, 55.85657974534062, 63.95409438913635, -60.45535198183807, 53.298390675522754, -56.27594136397966, 15.42888463191623, 15.760126785535512, 80.23778956384955], [200.0, 0.0, 54.940186620829465, 95.40787180108512, -66.5011966174392, -34.700193854880325, -17.7807310459974, -11.267718669735194, 87.60504229193866, 45.2648497938988, -10.982488390843216]], "c": [5.2694871184439105, 4.64065597067837, 5.037097275485716, 5.285551446823546, 5.095711874069748, 5.495601857127051, 4.834280383061765, 4.684393103819415, 4.564808632329096, 5.456943575610487, 4.950689304131914, 5.298545691965464, 4.886565738690324, 5.304561561847479, 4.67937706253393, 5.102585342661194, 4.735103371360924, 5.129956677086408, 5.288148225372303, 5.146341642777466, 5.065035968944795, 4.764180911649667, 4.6998776754867, 5.23655775488293, 5.277056379406582, 4.517714211514741], "caves": [[1, 2, 3, 4, 5, 6, 7, 8, 9, 10, 11, 12, 13], [14, 15, 16, 17, 18, 19, 20, 21, 22, 23, 24, 25, 26]]}, "inst2": {"S": [[1, 2, 6, 12, 4, 3, 13, 8], [2, 1, 3, 4, 12, 7, 9, 8, 5, 6, 11], [3, 2, 5, 7, 6, 11, 10, 1, 9, 12], [4, 2, 8, 1, 12, 13, 10], [5, 3, 9, 7, 2, 10, 8, 11, 13], [6, 1, 10, 11, 3, 8, 13, 2, 7], [7, 3, 8, 2, 5, 9, 11, 10, 6, 13], [8, 7, 6, 4, 2, 10, 11, 5, 12, 1], [9, 5, 2, 7, 3, 13], [10, 6, 13, 3, 7, 8, 5, 4], [11, 6, 3, 13, 7, 8, 5, 2, 12, 14], [12, 1, 2, 4, 13, 3, 8, 11], [13, 10, 6, 11, 1, 9, 7, 4, 12, 5], [14, 11, 15, 16, 21, 19, 24, 18, 17, 20], [15, 14, 21, 25, 20, 26, 23, 18], [16, 14, 17, 25, 21, 23, 20, 22, 24], [17, 16, 18, 19, 20, 25, 22, 23, 24, 26, 14], [18, 17, 22, 19, 23, 14, 15, 21], [19, 17, 24, 14, 18, 26], [20, 17, 23, 15, 25, 26, 24, 22, 16, 14], [21, 14, 16, 15, 23, 22, 26, 24, 25, 18], [22, 18, 23, 17, 21, 20, 16, 25], [23, 20, 22, 18, 17, 21, 16, 15, 24], [24, 19, 26, 25, 14, 17, 20, 21, 23, 16], [25, 16, 24, 17, 15, 26, 20, 21, 22], [26, 24, 25, 20, 21, 17, 15, 19]],