{"inst1": {"S": [[1, 2, 3, 5, 9, 10, 7, 11, 13], [2, 1, 4, 12, 8, 10, 7, 3, 5], [3, 1, 4, 6, 8, 7, 13, 5, 2, 11], [4, 3, 12, 9, 2, 10, 7, 5, 13], [5, 1, 7, 13, 11, 3, 12, 4, 6, 2, 9], [6, 3, 13, 12, 11, 5, 10], [7, 5, 10, 3, 11, 1, 2, 4, 12, 9, 8], [8, 3, 11, 2, 13, 7, 14], [9, 1, 4, 10, 11, 7, 5], [10, 7, 11, 9, 1, 4, 2, 6, 12], [11, 8, 10, 5, 6, 9, 7, 12, 1, 3], [12, 4, 6, 2, 11, 5, 13, 7, 10], [13, 5, 6, 3, 1, 12, 8, 4], [14, 8, 15, 16, 19, 20, 22, 26, 21, 18], [15, 14, 17, 23, 25, 21, 24], [16, 14, 18, 21, 22, 25, 17, 20, 23], [17, 15, 16, 26, 22, 24, 19], [18, 16, 26, 23, 22, 25, 19, 24, 14, 20, 21], [19, 14, 21, 18, 22, 26, 25, 17, 23], [20, 14, 23, 16, 22, 24, 25, 18, 21], [21, 16, 24, 19, 22, 26, 15, 25, 14, 23, 20, 18], [22, 16, 18, 23, 17, 14, 21, 19, 20], [23, 15, 18, 20, 25, 22, 16, 21, 19], [24, 21, 25, 15, 20, 18, 17], [25, 16, 23, 18, 15, 26, 24, 21, 20, 19], [26, 18, 17, 25, 21, 14, 19]], "f": [[200.0, 0.0, 67.47258520929125, 22.408791481591717, 27.58160280948887, -86.4121532437275, -21.973352227802234, 82.38706178866721, 99.81619053941924, -83.23975563464828], [200.0, 0.0, 14.920750869409982, -39.53851735422387, -52.157859946111415, 98.14514061349283, -15.904641980945765, 93.4514390423042, 10.561307724335588, -43.83433464712911], [200.0, 0.0, -90.08967930678631, -80.4029972994077, 90.69988924265833, -84.43207546869196, -7.4221266215954484, -11.043808880466766, -31.802750848868676, -70.69523275146325, 27.316215092386663], [200.0, 0.0, 28.934124432989773, 45.918726225371366, -88.48309848841723, -82.44306284450799, -51.66870230745355, 13.781279559559344, 16.28253535128148, 52.21988693806414], [200.0, 0.0, 84.35214712672962, -60.73091650117581, 82.24189824867163, -17.645483671422824, 29.073027453806667, -6.4825736393071764, -24.875190450034836, 80.0555690137606, 91.34259410659821, -84.33920491194297], [200.0, 0.0, -27.844893327994935, -3.6298822348480364, 33.88353255781256, 54.98502577201667, 87.37782568272048, 97.62008807766853], [200.0, 0.0, -25.934350267319072, 75.6697851284017, 39.56147941885111, -96.40982424661873, -85.77051423855133, -63.83638167006003, 17.235196929113727, 23.231079873193572, 11.33245431975598, 66.45512694210032], [200.0, 0.0, -86.32766613213245, 47.03693449707933, -35.32143879556771, 55.54950947885236, 79.11873150539857, -30.597038769976372], [200.0, 0.0, 60.681218578766185, 19.571629162815253, 14.731292905994952, 40.86453762451736, -17.238480723977222, -42.98764673505959], [200.0, 0.0, -31.241205454702214, -80.29391334174989, 64.45480378605026, -36.054263403844985, 57.52918029646492, -80.0199551189946, 80.92789512017427, 76.04860557118442], [200.0, 0.0, 87.36765410554257, 68.28711064770346, -59.76360107218679, -92.91943560926165, 43.94138705041546, 42.074117095443775, -74.54461094806206, 25.263999040688944, -2.196233076544374], [200.0, 0.0, -5.907103912388245, 80.32305034435385, -3.7217191843041064, 56.44576729608124, 50.65461084361347, -81.15587704085002, -38.53655961652498, 70.34062689670021], [200.0, 0.0, 67.96629808566048, -8.946324806845652, 44.002360779018936, -52.65199985715856, -0.30560093353473317, 84.76657212180356, -23.142539374658753], [200.0, 0.0, -2.4021467240076255, -43.60561061543093, 13.53197349903903, 61.485229870495274, 9.340280095112297, 72.33893491555638, -95.05436697195874, 49.74446155951859, 74.16110935030716], [200.0, 0.0, 4.523307784576747, 52.710192783267004, -75.89200195084958, 58.35327147139881, 85.76643907088852, 78.71562286128027], [200.0, 0.0, 17.39220909887549, -38.982093516987916, 3.636229438195304, -82.5585733445778, -33.63269862109921, -51.15642459860879, 14.442339021460704, 30.257647507119767], [200.0, 0.0, -68.59482548697741, 55.12482845534392, 92.94178796529, 74.67588987879925, -45.05101128638351, 26.84976041049152], [200.0, 0.0, 3.3091204298054233, -76.21754604719848, 48.466253271424485, -99.44890893284666, -30.187882074076967, -85.68079905202823, 96.43288655189951, -81.61537839364526, 57.747669447392155, -95.49848262952439], [200.0, 0.0, -11.130015950674398, -46.16853031281387, 6.294781346458822, -4.351404513369306, 10.449109199475547, -51.231821218370484, -52.583759007674004, 74.40501300651785], [200.0, 0.0, -4.160141650043725, -1.9536921742800084, -56.38640542034467, -54.50407842317644, 21.59610933497136, 24.530496039356244, -21.68239001562091, -3.3240353232869557], [200.0, 0.0, 8.858455246646013, 87.27426471365871, 29.40903367162482, 24.21347623230181, 7.816147386999561, 9.789810401979103, -45.96534463683977, 82.8092250611993, -99.63445627808363, -39.28529964301279, -19.031960324416076], [200.0, 0.0, 38.1838968893734, -46.4889495644583, -15.011898835056293, 69.47588457499603, -50.212070129752064, -72.40775024422281, -30.140870690347143, -96.47911100006648], [200.0, 0.0, -22.297548490692165, -80.32525941121193, -53.26206877159188, -67.66009269214894, -49.436178239265914, -7.61937417046743, 47.5173062404719, 71.81219296627219], [200.0, 0.0, 22.899177855442797, 76.00915561782797, 36.607874564705426, 12.225808544247796, -48.447640890379894, -57.39279891661513], [200.0, 0.0, -58.33935693708372, 46.169165569937554, 82.85384264665039, -14.621320377468772, 73.0031831486171, 11.366430184693677, 97.95883157304534, 62.12089771903162, 23.215701410855473], [200.0, 0.0, -20.67681295385504, -14.918239399813139, 24.613519325482393, -94.6843168385193, -58.28872170616346, 78.08361943369081]], "c": [4.859960905088754, 5.306829489243155, 4.848184077313574, 5.465906918315953, 4.721625497990951, 5.121085579720859, 4.948375413069448, 4.984202407891761, 4.777665967275114, 5.128953945692555, 5.077708238928093, 4.508510831570134, 4.534786549021797, 4.53108360500873, 5.102993171812251, 4.790901062914168, 4.572467973227913, 4.603557141949848, 5.484829079709819, 4.611871848743144, 5.035859631836747, 5.17350364519631, 4.547774280288276, 5.411902856940026, 4.979634988872842, 4.9066542350797375], "caves": [[1, 2, 3, 4, 5, 6, 7, 8, 9, 10, 11, 12, 13], [14, 15, 16, 17, 18, 19, 20, 21, 22, 23, 24, 25, 26]]}, "inst2": {"S": [[1, 2, 10, 8, 4, 3, 11, 6, 13], [2, 1, 3, 4, 12, 8, 10, 11, 13, 6, 5, 7, 14], [3, 2, 5, 10, 1, 9, 12, 8], [4, 2, 7, 1, 12, 8, 11], [5, 3, 6, 8, 13, 12, 2, 11], [6, 5, 9, 11, 13, 12, 2, 10, 1, 7], [7, 4, 11, 9, 13, 10, 2, 6], [8, 5, 1, 2, 13, 12, 10, 3, 4, 11], [9, 6, 7, 3, 11, 12], [10, 1, 3, 2, 8, 6, 7, 11], [11, 6, 7, 2, 12, 9, 1, 4, 8, 10, 5], [12, 2, 13, 6, 4, 5, 8, 3, 11, 9], [13, 5, 12, 6, 8, 7, 2, 1], [14, 2, 15, 16, 17, 19, 26, 25, 20, 23, 21], [15, 14, 18, 22, 26, 20, 17, 25, 24, 16], [16, 14, 20, 26, 22, 21, 25, 18, 15], [17, 14, 20, 21, 19, 25, 18, 15, 24, 26], [18, 15, 22, 21, 19, 17, 24, 16, 20, 25, 26], [19, 14, 17, 23, 18, 22, 24], [20, 16, 21, 17, 15, 14, 25, 24, 23, 18], [21, 20, 23, 24, 17, 18, 16, 14], [22, 15, 16, 18, 25, 19], [23, 21, 19, 14, 20, 24], [24, 21, 25, 26, 20, 18, 17, 19, 15, 23], [25, 24, 14, 20, 17, 26, 16, 22, 18, 15], [26, 16, 15, 14, 24, 25, 17, 18]],