{"inst1": {"S": [[1, 2, 3, 7, 10, 12, 6, 13, 8, 4, 11, 5, 14], [2, 1, 4, 5, 12, 13, 6, 8, 7, 11], [3, 1, 6, 12, 13, 7, 8, 9, 5], [4, 2, 8, 11, 7, 1, 6, 10, 13], [5, 2, 11, 12, 8, 7, 13, 1, 3], [6, 3, 1, 8, 2, 13, 4, 10], [7, 1, 13, 8, 4, 3, 12, 2, 5, 9], [8, 4, 9, 7, 6, 5, 10, 1, 2, 3], [9, 8, 10, 3, 11, 7], [10, 1, 11, 8, 13, 9, 4, 6], [11, 5, 4, 10, 2, 9, 1], [12, 3, 1, 2, 5, 7, 13], [13, 7, 1, 10, 2, 6, 3, 5, 4, 12], [14, 1, 15, 25, 17, 21, 20, 26, 22, 18, 23], [15, 14, 16, 18, 20], [16, 15, 17, 22, 20, 26, 25, 23, 18], [17, 16, 18, 19, 24, 14, 21, 20, 23], [18, 17, 20, 26, 19, 21, 15, 16, 23, 25, 14], [19, 17, 21, 22, 20, 18, 23, 24, 26], [20, 18, 23, 24, 19, 16, 21, 26, 14, 25, 17, 22, 15], [21, 19, 20, 25, 18, 14, 17, 22, 24], [22, 16, 26, 19, 24, 21, 20, 14], [23, 20, 25, 19, 16, 24, 18, 17, 14], [24, 20, 17, 25, 22, 19, 23, 21], [25, 14, 23, 21, 16, 24, 20, 18], [26, 22, 18, 16, 20, 19, 14]], "f": [[200.0, 0.0, -66.61942598722308, -59.29102161418229, -30.722863518460876, -81.6592899061243, -24.218210722924294, -95.2160862987085, 8.608132206954755, -38.943012781869555, -37.31533476749418, -63.98432002363439, 39.93065986668849, -85.0953734892043], [200.0, 0.0, 1.0737711916386061, -38.439999836707074, -27.458428740778995, 16.432667370756484, 89.54830423973614, -19.49385790251945, 34.39229712903358, 27.338504533291342, -86.84956664236726], [200.0, 0.0, -88.57714525507375, -43.786512725020124, -23.096185857641437, 0.5420990634471545, 65.88709578646849, 69.2998058484156, -50.07616874623984, 65.99097387190955], [200.0, 0.0, -42.946236782036266, -37.86427266915173, 73.93602651248735, -63.00085398262605, 71.19761529776629, -83.15232106892145, -58.228648444645636, 3.9396544008536427], [200.0, 0.0, -54.924708368187524, 89.32524929338416, 29.45153204144104, -49.053704111944654, -95.96018704438312, 36.56339469388365, 94.94932043497306, 41.4510475758062], [200.0, 0.0, 6.112251462551321, -14.527984953492123, -63.45424114049729, 8.215262831882097, 15.34178303157978, -77.84231180357382, -81.91728422713354], [200.0, 0.0, 24.286395799763238, -5.005452738422833, 3.886557824872927, 26.818321862567963, 0.29981922415402984, 87.86396937283804, 25.606990833150277, -37.090466455537396, 39.34935603556473], [200.0, 0.0, -23.614739181150778, -13.46812061826812, -96.45027384033777, -99.2425974601723, 20.116213144270745, 56.55384535162198, -17.950511535231616, 59.53224898076008, 89.80611272857108], [200.0, 0.0, 37.48120276400648, -78.15179068022331, -18.469372268833006, 27.569458410746584, -3.489530831946386], [200.0, 0.0, 5.148475665171759, 64.66870229048112, 66.90561934410046, 4.166192674621461, 75.04354838742513, 79.26153637588513, 38.64203931628465], [200.0, 0.0, 70.3648854223492, -66.50121158732094, 19.381438601118028, -64.69407348858253, 77.00302514993322, 78.7598132292038], [200.0, 0.0, 17.090137502318647, 43.755357255420655, 96.47865842111565, 19.041134032373485, 29.873058825913045, -33.123625211393495], [200.0, 0.0, -58.9959888280035, 68.40974293637991, -89.88627678241576, -10.070196827564736, 31.650062577982485, -78.04217093245364, -62.35006152115221, -57.29084970736125, -98.93194613570728], [200.0, 0.0, -77.36596305237093, 24.24572981197517, 5.523364040431233, 19.683001397305567, 32.58552308854068, -76.55973351130918, -71.58697545782388, 39.838442459878905, 64.92843232544429, -98.65494981113831], [200.0, 0.0, 50.79236408440864, 90.18833548622965, -47.23484327747425, -62.893563643826944], [200.0, 0.0, -47.286297756459426, -74.25437417049041, 18.20902541579821, 69.78401750790437, -73.25510940181105, 48.54855298812413, 8.936363135141146, 67.74457006931603], [200.0, 0.0, 33.82617100456349, 14.833914852948027, 86.12793702035934, -50.86708009381793, 63.97089423422167, -89.37598745335475, 38.537714576335325, -39.10150708061493], [200.0, 0.0, -53.949713778739586, 66.69183111569197, -21.05232988416883, 98.14346814300183, 86.73930303440622, -43.561701473732775, 52.44050695775795, -83.82096874522729, -77.38741816654205, -25.624211594914037], [200.0, 0.0, 43.22091298176191, 12.413891165643886, 11.681572519485561, -10.75732952375963, -59.43970689603377, 9.584086543603565, -69.87762393704217, 53.648959873347344], [200.0, 0.0, 56.084510038256056, -95.685148206818, -72.59116392290662, -54.696410728893, -23.390541381019013, -30.432290768127856, 69.69624874577633, -85.64633256442018, 79.67475357804852, 96.26225708973833, -87.96437267014905, -29.669039807055462], [200.0, 0.0, -92.52755979793325, 45.24395558029273, 47.3588584176273, -57.07989413510559, 89.69374016298757, -75.65344582119533, 16.33750512100034, -20.596324938004184], [200.0, 0.0, -25.421497318828344, -49.57871684209589, 44.74670008153354, -24.686388424237272, -91.2086784073956, -46.35424994921278, 94.72303938456605], [200.0, 0.0, -23.764408116412227, -64.10089581177085, -3.774243679342004, 8.546729037317036, -99.7760921279293, 56.12586516910507, -92.75533003559548, 17.780962360707054], [200.0, 0.0, 56.00723867470248, -34.59142949119822, 74.42379782671445, -13.456728344098634, -59.54403573130684, 10.096253599899097, -52.395131062169106], [200.0, 0.0, 6.958598920628156, 24.942305329216687, 83.25758191656496, 48.31117486045278, 39.28407174112956, 57.57255958677794, 30.015419075513773], [200.0, 0.0, -29.53226796023052, -51.48559679232718, -74.75997812327, 64.11279557597828, -98.31642704933601, -11.521483743999973]], "c": [5.245159884586268, 5.4608527226761865, 4.868934584072774, 4.668895167739572, 5.0409688701642965, 4.785430144086386, 5.434407677924499, 4.8936809056369, 4.82576155272438, 4.556516490661615, 4.808469922527934, 4.602244818294144, 4.883970207213639, 5.3320009029127196, 5.029531704062274, 5.1369205759183325, 4.751861854814622, 4.932039146151318, 4.580058537828121, 4.959512134784669, 4.571878134812915, 4.544234146091613, 5.44581628105686, 5.13043876060558, 5.172693273109278, 4.503545093862168], "caves": [[1, 2, 3, 4, 5, 6, 7, 8, 9, 10, 11, 12, 13], [14, 15, 16, 17, 18, 19, 20, 21, 22, 23, 24, 25, 26]]}, "inst2": {"S": [[1, 2, 3, 13, 10, 4, 8, 9], [2, 1, 4, 7, 9, 12, 5, 3, 13], [3, 1, 8, 10, 7, 11, 4, 6, 2, 12, 5, 13], [4, 2, 5, 10, 13, 8, 3, 11, 12, 1], [5, 4, 6, 11, 2, 12, 8, 3, 10], [6, 5, 8, 9, 11, 3, 7, 13, 12], [7, 2, 3, 10, 11, 6, 14], [8, 3, 9, 6, 4, 10, 12, 5, 1], [9, 2, 11, 8, 6, 12, 1], [10, 3, 1, 4, 7, 11, 8, 5, 13], [11, 9, 5, 3, 6, 4, 7, 10, 13], [12, 2, 13, 9, 4, 5, 3, 8, 6], [13, 1, 4, 12, 10, 3, 6, 11, 2], [14, 7, 15, 16, 18, 21, 25, 26, 22, 20], [15, 14, 17, 26, 21, 16, 24, 22, 23], [16, 14, 21, 17, 15, 26, 19, 20], [17, 15, 26, 18, 23, 16, 21, 19, 25, 22], [18, 14, 19, 20, 22, 25, 21, 24, 17, 23], [19, 18, 25, 23, 17, 16, 26], [20, 18, 23, 14, 26, 24, 16, 22], [21, 16, 24, 14, 18, 15, 22, 25, 23, 17], [22, 18, 25, 14, 21, 23, 26, 17, 15, 20], [23, 20, 17, 18, 22, 19, 21, 25, 24, 15], [24, 21, 18, 15, 26, 20, 23], [25, 18, 22, 14, 19, 21, 23, 17], [26, 17, 15, 14, 16, 20, 22, 24, 19]],