{"inst1": {"S": [[1, 2, 3, 5, 13, 12, 9, 4, 10], [2, 1, 4, 10, 11, 7, 9, 6, 13, 5, 8], [3, 1, 12, 11, 6, 4, 8, 10, 5, 14], [4, 2, 6, 3, 10, 11, 1, 13, 8], [5, 1, 7, 8, 2, 10, 3, 9], [6, 4, 10, 3, 2, 9, 11, 8, 7], [7, 5, 9, 2, 12, 6, 10], [8, 5, 10, 3, 2, 12, 6, 9, 4], [9, 7, 13, 2, 6, 1, 12, 8, 11, 5], [10, 2, 8, 6, 12, 4, 3, 13, 5, 1, 7], [11, 2, 3, 13, 6, 4, 9], [12, 3, 13, 1, 10, 8, 7, 9], [13, 1, 12, 9, 11, 2, 4, 10], [14, 3, 15, 20, 23, 25, 22, 26, 17, 19, 21, 16], [15, 14, 16, 21, 22, 20, 18, 26, 23, 19, 24], [16, 15, 17, 18, 19, 24, 21, 23, 25, 26, 14], [17, 16, 19, 14, 24, 20, 26, 22], [18, 16, 20, 23, 15, 22, 25], [19, 16, 17, 14, 15, 20], [20, 14, 15, 25, 18, 26, 17, 19, 24, 22], [21, 15, 25, 16, 14, 23], [22, 15, 26, 25, 14, 23, 18, 17, 20], [23, 14, 18, 22, 16, 25, 15, 26, 21], [24, 16, 17, 25, 15, 20, 26], [25, 21, 20, 22, 14, 26, 23, 16, 18, 24], [26, 22, 25, 14, 15, 23, 20, 16, 17, 24]], "f": [[200.0, 0.0, 68.55598452665139, -14.63073379425046, 91.65196989755088, -42.644059418288194, 21.221108643387907, 17.30850171461733, -53.99666342997962, -0.0025016351735018816], [200.0, 0.0, 91.3457123615309, -83.13961904487373, 88.46714643257418, 11.111580887909511, -94.58469215581424, 42.912937226856144, -67.25669568127925, -52.01093864358, -43.268326722590004, -54.33115008815934], [200.0, 0.0, -5.812835124940929, -60.38626512009835, -19.11868890635322, 73.79575758925377, 6.829502531151488, 11.849554680616258, 54.53158323641789, -15.36474568856172, 10.543450608040782], [200.0, 0.0, 99.13018548247612, 59.92057119109533, -72.34359075343777, 77.7800883947146, 73.34076192114884, 69.82523092634601, 79.4915831864007, 36.76600102453638], [200.0, 0.0, 4.2603264091870985, 56.500924870014344, 4.434959837922969, 48.47294117404415, 76.09989482299781, -52.247135811695685, -36.12316172547183], [200.0, 0.0, 48.19533416447079, 16.01776023135697, 10.16137387731655, 99.45668330551368, -73.66872540650249, -63.39904821680482, -18.49295577973795, -94.78350346618767], [200.0, 0.0, -66.03039536135229, 26.017265053104754, 96.82695131720077, 5.073120854807933, 88.16269377825449, -97.80152325706308], [200.0, 0.0, 51.83457416997215, -25.356055365803055, -31.60165782923732, -52.67925702451031, -60.394091708321795, -35.01811629897833, 74.74634967097336, 85.34980111906674], [200.0, 0.0, -11.350999788920625, 89.38758556281523, -73.93029952938501, -4.570759881840947, 95.84187467352294, 40.97618019969662, 65.30321095814709, 56.14808669554323, -59.403319709714594], [200.0, 0.0, 72.99552797375664, 73.73192044189496, -71.60309740090713, -5.4270912030060625, 87.74388151226307, 74.3177490781805, -95.56955914460774, 82.3523101810969, -92.7873623659491, 13.265750017948363], [200.0, 0.0, 53.85101719715346, -83.25552130500205, 75.96306467440883, -95.6763535544453, 91.06774058173725, -29.923558365107517], [200.0, 0.0, -55.16701039138514, -11.509120702817066, 30.498682118698195, 3.5378058363364495, 78.08680172564702, 76.33980773856777, -81.07979733658675], [200.0, 0.0, 51.96955288242333, -68.02922151494337, 83.40905718571054, -86.82192954495476, -13.910255183214048, -26.28511183614666, -22.49712020567094], [200.0, 0.0, -41.38251645504995, -12.434534148369302, 64.22352829901332, 11.893111759917186, -2.3727503277247486, 64.08521206701796, -13.919818783231364, -47.343760708584504, 48.160698004343196, -66.40689799518779, -89.77626540311232], [200.0, 0.0, 64.42897022755834, -75.70262592103167, -49.80198543182708, -25.285447162786532, 45.50192492172063, -88.31857903185205, 85.27767076698156, -39.86275656263651, -4.656666948052313, -49.20830217679983], [200.0, 0.0, 89.46979099238695, -40.73479553255228, -92.91150514348563, 23.52620080288512, -94.41884974934385, -18.439503408148394, 48.20238800895626, 11.54110089491307, 89.7073589439242, -32.15800878837452], [200.0, 0.0, 53.125653069829816, 57.52984067278557, -76.0842878447737, 91.69331662479377, 69.6814782982378, -79.21085958651753, -37.74561700983001], [200.0, 0.0, 75.73039758817448, -50.68326926763087, -41.17544545845102, -43.16051671979617, -82.81267406810444, 33.014798092124934], [200.0, 0.0, 71.20211437894173, 59.202991268598424, -95.69171568178038, 33.62474449500033, -97.91689435223793], [200.0, 0.0, 15.029928144305394, -43.64665038319158, -49.25335183218089, 46.926855474014914, 30.478903748438956, 52.426710158293744, 27.460321929164856, 71.6319736210077, 15.990223309857775], [200.0, 0.0, -92.99193087655564, -13.444586484446063, 39.127527435204314, -64.57053215125133, 83.82785793328908], [200.0, 0.0, 88.44550288614876, 49.225254097095196, 89.24239995129149, 89.06463880942293, 9.772224587368306, -90.90012962935904, 59.96826482489539, -44.035668696286145], [200.0, 0.0, -55.27018790007921, 47.624016309589145, -54.459514959528875, 25.435700558390593, -37.12036853334164, -22.098916198308217, 64.13159992391503, -49.971855997602496], [200.0, 0.0, 17.87122424436074, 8.21721389670933, 73.7522981163789, 18.020558911472317, 11.022786390225603, -12.102165682682076], [200.0, 0.0, 33.03127053184216, 64.46051405067996, 84.02168086188783, -32.53828873976994, 38.549547088053025, 98.9868353773254, 98.72498033093615, -74.75958776005331, -79.4620253029744], [200.0, 0.0, 98.84032827358821, 56.10969524769101, 15.133292245023666, 25.058666154414986, -35.98212657846016, -42.91111727284147, -39.61762574306525, -5.072709684289123, -52.004304834544946]], "c": [5.46981954373166, 5.465224147517844, 4.762396109462562, 4.754931704229467, 5.4811041187659395, 5.297708214052457, 5.362831831545896, 4.5569179142039316, 5.335112227743001, 5.353716208053592, 5.18662674652628, 4.648569829739805, 5.154419053422961, 4.823281923210812, 4.550354227293299, 5.1661425329477115, 5.101830267597704, 4.785386703804821, 5.110829775465647, 4.9233825140598, 5.142035831262795, 4.535566060166747, 5.104140897924121, 4.702900789841916, 5.075573873666797, 5.401208133729465], "caves": [[1, 2, 3, 4, 5, 6, 7, 8, 9, 10, 11, 12, 13], [14, 15, 16, 17, 18, 19, 20, 21, 22, 23, 24, 25, 26]]}, "inst2": {"S": [[1, 2, 3, 4, 9, 10, 7, 11, 13, 8, 5, 6, 12], [2, 1, 6, 7, 12, 8, 10], [3, 1, 8, 13, 5, 11, 9, 14], [4, 1, 5, 13, 9, 8, 12, 7], [5, 4, 10, 6, 1, 3, 13, 12, 9, 7], [6, 2, 5, 10, 7, 1, 13, 9], [7, 2, 11, 13, 1, 10, 6, 9, 4, 5], [8, 3, 9, 2, 12, 1, 13, 4, 11], [9, 8, 1, 10, 12, 4, 7, 6, 3, 5], [10, 5, 1, 7, 6, 9, 2, 12, 11], [11, 7, 1, 3, 13, 10, 8], [12, 2, 8, 9, 4, 1, 5, 10], [13, 4, 7, 1, 8, 3, 5, 11, 6], [14, 3, 15, 17, 18, 21, 26, 20, 19, 22, 25], [15, 14, 16, 19, 21, 23, 26, 25, 18, 24], [16, 15, 20, 22, 24, 17, 21], [17, 14, 16, 18, 21, 24, 25], [18, 14, 25, 19, 17, 15, 20, 24, 22, 21, 23], [19, 15, 18, 24, 14, 26, 21], [20, 16, 22, 14, 18, 23, 25, 26], [21, 14, 15, 16, 25, 17, 23, 22, 18, 24, 19, 26], [22, 16, 23, 20, 21, 14, 18, 25], [23, 22, 26, 15, 25, 21, 20, 18], [24, 16, 26, 25, 17, 19, 18, 21, 15], [25, 18, 23, 15, 21, 24, 20, 22, 17, 14], [26, 23, 14, 24, 15, 19, 20, 21]],