{"inst1": {"S": [[1, 2, 3, 6, 10, 12, 5, 4, 11, 8], [2, 1, 12, 11, 8, 6, 9], [3, 1, 4, 5, 8, 12, 11, 9, 13, 7, 10], [4, 3, 12, 13, 9, 1, 11, 8], [5, 3, 7, 1, 10, 13, 9], [6, 1, 7, 9, 11, 13, 12, 2], [7, 6, 9, 5, 8, 3, 12, 13], [8, 3, 7, 12, 13, 2, 11, 1, 4], [9, 6, 4, 7, 12, 10, 3, 11, 2, 5], [10, 1, 11, 9, 5, 3, 13], [11, 6, 10, 12, 3, 4, 1, 2, 9, 8, 14], [12, 4, 3, 2, 9, 8, 11, 1, 13, 7, 6], [13, 4, 8, 5, 12, 6, 3, 7, 10], [14, 11, 15, 25, 23, 20, 21, 18, 16], [15, 14, 16, 21, 24, 22, 17, 18, 20, 19, 23], [16, 15, 17, 23, 20, 22, 25, 14, 18], [17, 16, 18, 19, 15, 23, 26, 24], [18, 17, 19, 15, 26, 14, 23, 16], [19, 18, 20, 26, 17, 25, 21, 15, 22, 24], [20, 19, 16, 14, 25, 21, 15, 23, 26, 22], [21, 15, 22, 24, 26, 14, 19, 20, 25, 23], [22, 21, 15, 26, 16, 24, 19, 20], [23, 16, 14, 26, 17, 20, 18, 21, 24, 15], [24, 15, 21, 22, 23, 17, 19], [25, 14, 19, 20, 26, 16, 21], [26, 19, 23, 21, 22, 18, 25, 17, 20]], "f": [[200.0, 0.0, 57.631402600654205, 15.855918942824276, 48.435919427985596, 22.194005138862604, -33.47740510306978, -55.09622638679927, -19.723121461290695, 81.4362150684897, -42.21465525358188], [200.0, 0.0, 9.311809051809528, -86.0450544872904, -37.186880785071374, 41.29427206100442, 92.41938549572689, -98.325714186948], [200.0, 0.0, 23.960729279149252, 70.79724230555885, 40.36832996945678, -68.33190127899336, -8.560606852191711, 71.00349523111409, 76.16098620692948, -56.61183299609933, 5.007731733931564, 63.4620204876466], [200.0, 0.0, -16.008772177601106, 50.27206559840345, 93.89923816336156, 73.72556551738492, -4.023537747284811, -26.819143838132533, 83.12856687169715], [200.0, 0.0, -87.60235745949242, 77.67188874246112, 70.47468856866274, -88.22920750992121, -3.2166793267204286, -28.40178592843754], [200.0, 0.0, 21.594643612360077, 74.87621799141615, 67.84027946220459, -47.65674499288457, 65.49098054245026, 86.39746791204163, 12.112477468567405], [200.0, 0.0, 22.155017736247196, 26.293365693010507, -43.749932055962404, -44.05420919099099, 88.62075143442935, 36.54357337141278, 54.88818023374471], [200.0, 0.0, -28.347091836334528, 14.452367574439041, 6.709471757079388, 59.525144616921175, -60.95384225373777, 55.33783712325548, 30.058372184058978, -81.33288096355062], [200.0, 0.0, -15.169176794019567, 86.95546424234992, -75.38180302584206, -14.047127830855267, -54.69276176033697, -88.48795952645736, -64.89024237292307, 28.240283124223176, -88.34068355575988], [200.0, 0.0, 12.057072020501526, -58.781654606493426, -50.3619147677699, 92.23338323926819, -30.00842564707853, 6.001574093561612], [200.0, 0.0, 13.882234036745334, 28.376641459212525, -36.653358232610024, 51.3966933109764, -36.96622349657106, -59.1315584477774, -58.75329974132229, -18.516217693855562, -54.9344838956765, 12.598458774424625], [200.0, 0.0, -64.26704336711092, 15.084361544608749, -82.51982901037881, 75.22040454597563, -17.044524255369463, 26.23515059983481, -66.57799081056824, -7.987500401594794, -6.507756776094409, 25.96228026920826], [200.0, 0.0, 64.64729076051916, -51.107710175312995, 54.008548176422465, -9.883289172781895, 34.82259385694508, 75.74976562131255, 20.84896647991803, 83.03585608231012], [200.0, 0.0, 14.237046934178288, -89.96130992840324, 6.396441951513165, -23.55033962190527, -22.4436280483153, 5.214945969246343, -70.51201175336949, -88.50364076738065], [200.0, 0.0, 39.834118265519905, 97.21374109459727, -85.91247470651567, -30.939608164888256, -25.23956860607357, 45.88880213567423, 2.2562955702042586, 30.973075100893578, -11.274608096659167, -84.47081259011307], [200.0, 0.0, 82.5353099079828, 77.2658422162039, 91.67962656717805, 5.308613319809763, 68.67775863864551, -7.907014559082515, 30.29959583272406, -47.99045312487169], [200.0, 0.0, 80.89598253512291, -53.52494147048541, 61.23121398376856, 59.151094049459644, 49.81751272860677, 26.517915725816408, 96.86228016682419], [200.0, 0.0, -47.47081217780054, -39.039347632407924, 27.086445656756332, -88.19189890278325, 46.50735992880022, 4.204012393203538, -45.647786444277806], [200.0, 0.0, -23.288298553411856, -6.942155744409573, -88.27778448228455, -95.66631817219108, 22.962168692736974, -0.4625571240441717, -37.548697099361746, 50.40721572477827, -58.56601607539478], [200.0, 0.0, -58.946450093885346, 12.173440280139491, 82.23392696584895, -18.413839212132732, -58.69871097763701, 74.33545031788485, -15.376991744053337, -36.25497725585218, -54.342491398417756], [200.0, 0.0, -73.78093958466067, -47.42364153663079, -96.58749484020146, -74.70726542688986, -36.58908513243322, 15.293335111188222, -35.225032975284655, -26.69911960952689, -18.677888314417945], [200.0, 0.0, -97.79502633972193, 37.74120227270383, 98.02821863483395, -52.00561259454793, 57.2077580910338, -97.23408223917008, 2.7714510920982205], [200.0, 0.0, -16.762178351188915, -24.85519013138071, -14.655708750884134, -28.74706519867849, 21.73135735109728, 0.9754410535161684, 84.11221124636803, 39.58719139127478, 93.38803490107213], [200.0, 0.0, -16.333308293214067, -46.41497037537283, 45.67111527820593, -33.71328104520299, -80.85426350727161, 49.06926890400782], [200.0, 0.0, 8.99883744497787, 92.37775049761304, 49.81429877775481, 47.53727298186321, 33.535697767090596, -31.9443974657553], [200.0, 0.0, 64.55745558285034, -76.65296054216095, 48.91850360349097, 6.920435309008721, -53.73537124227632, -54.24449430760527, -78.92869894054203, 54.43238014713785]], "c": [4.809720902665307, 4.7362487621071185, 5.000141383469966, 4.680553428702852, 4.960644537623497, 4.7331279154123145, 4.960223436790043, 4.990564507251021, 5.380432051426407, 4.683472884746964, 4.686056662505604, 5.443237939694471, 4.993570071351236, 5.14673628531932, 5.272454996351153, 5.488184504591569, 5.474936129054146, 4.969930363248159, 4.707824609927206, 5.282049934829148, 4.589446028223896, 5.037782037260747, 5.283130689942426, 4.725565553280652, 4.796010045004075, 4.726739173140366], "caves": [[1, 2, 3, 4, 5, 6, 7, 8, 9, 10, 11, 12, 13], [14, 15, 16, 17, 18, 19, 20, 21, 22, 23, 24, 25, 26]]}, "inst2": {"S": [[1, 2, 3, 4, 11, 13, 12, 10, 8, 6, 9], [2, 1, 5, 6, 8, 12, 7, 10, 4, 11, 3, 9], [3, 1, 10, 8, 11, 12, 2, 7, 9, 5], [4, 1, 12, 5, 2, 13], [5, 2, 7, 13, 4, 10, 3, 11], [6, 2, 9, 10, 12, 13, 1, 8], [7, 5, 2, 3, 9, 8, 10], [8, 2, 3, 13, 11, 1, 10, 6, 7, 14], [9, 6, 11, 10, 3, 7, 1, 2], [10, 3, 11, 6, 1, 12, 2, 8, 9, 5, 7], [11, 1, 10, 3, 12, 8, 9, 2, 13, 5], [12, 2, 11, 1, 4, 10, 6, 3], [13, 1, 8, 5, 6, 11, 4], [14, 8, 15, 16, 20, 25, 21, 24, 17], [15, 14, 22, 18, 16, 24, 21, 23, 17, 19], [16, 14, 17, 18, 25, 21, 15, 19, 23, 22], [17, 16, 19, 23, 25, 21, 14, 24, 26, 15], [18, 16, 22, 15, 25, 21, 23, 19, 26], [19, 17, 16, 26, 25, 23, 15, 24, 18], [20, 14, 21, 25, 26], [21, 20, 24, 16, 17, 14, 26, 23, 15, 22, 18], [22, 15, 25, 26, 18, 21, 23, 16], [23, 17, 26, 21, 22, 19, 16, 15, 18], [24, 21, 15, 26, 14, 17, 19], [25, 22, 17, 20, 16, 14, 18, 19, 26], [26, 22, 19, 23, 24, 21, 25, 20, 17, 18]],