{"inst1": {"S": [[1, 2, 3, 11, 5, 13, 7, 10, 4], [2, 1, 4, 7, 9, 10, 8, 3, 6, 13, 11], [3, 1, 5, 2, 7, 8, 11, 9, 12], [4, 2, 6, 5, 9, 1, 11], [5, 3, 12, 1, 4, 10, 11, 9, 13, 7], [6, 4, 2, 8, 13, 10, 9, 7, 12, 14], [7, 2, 8, 13, 9, 3, 1, 12, 5, 6], [8, 7, 10, 2, 9, 6, 3, 12], [9, 2, 7, 8, 11, 5, 4, 3, 6], [10, 2, 8, 12, 5, 1, 6, 11], [11, 1, 13, 12, 9, 5, 3, 4, 2, 10], [12, 5, 11, 10, 7, 3, 6, 8], [13, 7, 11, 1, 6, 5, 2], [14, 6, 15, 17, 23, 20, 21, 25, 22, 19], [15, 14, 16, 18, 19, 21, 24, 22, 20, 26, 23], [16, 15, 20, 26, 18], [17, 14, 22, 21, 19, 24, 23, 26], [18, 15, 22, 16, 24, 20, 21, 23, 19], [19, 15, 24, 20, 26, 14, 17, 25, 21, 18], [20, 16, 21, 24, 14, 23, 15, 19, 25, 18, 22], [21, 20, 23, 24, 15, 17, 14, 25, 19, 26, 18], [22, 17, 18, 15, 14, 25, 26, 20], [23, 21, 25, 26, 14, 20, 15, 17, 18], [24, 20, 21, 19, 15, 18, 17], [25, 23, 14, 20, 22, 21, 19, 26], [26, 23, 16, 15, 19, 22, 17, 21, 25]], "f": [[200.0, 0.0, 43.26404400574992, -20.78006614031245, 71.37753963704479, 35.00064258081428, -30.02500933828831, 51.92024812367133, 86.8782165132058, -51.23479238711865], [200.0, 0.0, -2.4463166022034244, -24.810557095055042, 21.09818061099149, 96.66695311669287, -24.3587127375825, -97.71564282569479, -6.043086281382815, 3.3412088210740487, 36.85692308756061, 9.540835355277189], [200.0, 0.0, -16.633936611635704, 64.83700357033786, -34.601393359569485, 89.82764194611923, 53.38882316215574, -73.0213701595446, 67.40831289695824, 44.12823937816539], [200.0, 0.0, 28.03484682486439, 99.26467122611228, -86.99264373593041, 61.6531665017946, 46.8191739587664, 98.98808403829975], [200.0, 0.0, -79.62496732739075, -49.42905832721314, -94.18638835753741, 8.676664297368353, -71.02746167344678, 2.5750946119142304, 6.173176138950032, -68.82633691220474, -34.15278452975308], [200.0, 0.0, -42.02235588260286, 37.62838038434823, -31.21300118784591, -0.5926199168023949, -86.88869522040781, -41.453536968101254, 9.650002605524644, -67.76893136852517, 83.39308489247941], [200.0, 0.0, 85.13534048194154, 29.101166441191207, -6.616657400894788, 60.24726840138788, -9.647292461752688, 37.16012222327749, 39.2357797537431, 19.3081918385555, 12.535474946987723], [200.0, 0.0, -91.5063395535219, 15.550482884715633, -91.53664704669433, 12.778653390304529, 84.65107035278695, 48.02900102564331, -38.76968866282964], [200.0, 0.0, -71.69843304066701, -47.3193362970233, 32.74671044084243, -61.39582378790256, 4.441512422190108, 93.94947328167382, -61.86560794660547, -31.200378031810594], [200.0, 0.0, -29.556849263965045, 85.36349236916465, -56.46327808884908, -94.90311499710138, 41.28113096214023, 3.1653358805441068, 81.65922746234446], [200.0, 0.0, 98.4886351998146, 20.73062478851164, 83.7688612163871, -56.18299405563896, -72.32856313479678, 36.17387079926249, 67.73471749381844, 62.62202488253739, 32.11505570485444], [200.0, 0.0, -54.209297499224895, 53.005093759121166, 5.831313208308853, -16.75474300624815, -28.35636461528481, 92.47686921406807, -80.24045880692434], [200.0, 0.0, 80.89555752201056, -91.32626856125069, -57.022424886868485, 51.10261053305665, 44.44516415749842, -51.40884979285394], [200.0, 0.0, -64.59760082045972, -5.575005213146111, -6.849381546226541, -82.3534423421275, 24.489411745902313, 10.05946641922797, -87.10716549737343, 31.572384549342413, -31.166206150782717], [200.0, 0.0, 35.13421971005519, 99.04847522498076, -13.986311868391521, -2.4976346220188184, -52.035088046580526, -37.62106073245468, 56.901206830608245, -20.36603717835297, -7.932415451226249, -25.374439391231363], [200.0, 0.0, 43.13774554474765, -28.105985756926, -64.94272267735133, 30.60612473629527], [200.0, 0.0, 69.87262940504621, 96.79526830080133, -84.03116493928245, -51.635255334165024, -71.57857403655478, 28.2579982223085, 22.10081043780818], [200.0, 0.0, 72.69704320819457, 39.17007535411885, 38.17608185491104, -68.82944408313531, -44.24761531168395, -39.90322789944689, 45.18951214813638, 86.56055683139566], [200.0, 0.0, 71.5049285149999, -69.7464616908058, -19.337259719778356, -44.39335424249033, -69.90753940361607, -37.70572059055362, 6.784828707602464, 0.3470137577783916, -24.658882250336834], [200.0, 0.0, -11.377349360587274, 59.03591615684507, 62.64071252095136, -9.52750287110755, 88.70259826410485, -31.30557750812828, -65.01448403572465, 8.421392066147938, -31.26776073946256, 6.680387193193149], [200.0, 0.0, 31.30481321863554, -40.128857493130575, 87.30225725587218, 52.88635243095761, -3.6556929629464108, 98.92822011276408, 50.265772866594325, 98.14145339765854, -14.97173555677611, -98.08892997489123], [200.0, 0.0, 54.347098672873216, 67.43253664715567, -28.703785378347636, -70.60727531377415, 64.51426112884168, -70.08316707077284, -89.50934458117028], [200.0, 0.0, 97.56448562955174, -30.135466833572178, 64.16269956100207, 27.36686411008038, 52.48800962695282, -42.321380449469025, 29.318288097001965, -7.879491160078911], [200.0, 0.0, -63.185863852291476, 56.60426963151386, 62.21343733624731, -7.093019239384257, -20.207792228499798, -84.4296651172562], [200.0, 0.0, 74.92593396595902, -61.20372836158015, 93.31052489851206, -61.44130513873067, 67.27053086626422, 16.859127817659967, 77.29537903221897], [200.0, 0.0, -24.936194199508943, -94.20761947494233, -43.24905125454295, -58.14577394952158, 17.284569016804173, 99.05544885120854, -81.9758716606386, -12.327006716197042]], "c": [5.424149130615899, 4.887525536727296, 5.319339887389827, 5.213511886888539, 4.563395029348054, 5.43245752408417, 4.588260979726346, 4.7409858413972294, 5.392182572550627, 4.554389104851984, 4.830094786222214, 4.9423858476540214, 4.948165443034836, 4.505787147879445, 5.2764000686481785, 5.308861309497392, 5.197494293396981, 5.396381334182492, 5.49712498231254, 5.44215224944396, 5.461749915391378, 4.992871887227515, 4.882530350453355, 4.848631114034409, 5.313129151472455, 4.911483697835854], "caves": [[1, 2, 3, 4, 5, 6, 7, 8, 9, 10, 11, 12, 13], [14, 15, 16, 17, 18, 19, 20, 21, 22, 23, 24, 25, 26]]}, "inst2": {"S": [[1, 2, 5, 7, 9, 8, 12, 11, 13, 10, 4], [2, 1, 3, 6, 5, 13, 10, 8], [3, 2, 4, 10, 6, 5], [4, 3, 11, 7, 5, 13, 9, 12, 1], [5, 1, 8, 10, 4, 6, 7, 11, 2, 12, 13, 3], [6, 2, 8, 5, 3, 12, 11, 13], [7, 1, 9, 12, 4, 10, 5], [8, 5, 9, 6, 1, 12, 2, 11, 10, 13], [9, 7, 13, 8, 11, 1, 4, 10], [10, 5, 12, 7, 2, 3, 8, 1, 9], [11, 4, 9, 1, 5, 8, 12, 6, 14], [12, 7, 10, 1, 8, 13, 4, 5, 11, 6], [13, 9, 4, 12, 2, 1, 5, 8, 6], [14, 11, 15, 18, 19, 22, 20, 24, 21, 17], [15, 14, 16, 26, 19, 21, 20, 24], [16, 15, 17, 20, 26, 24, 19, 23], [17, 16, 26, 14, 22], [18, 14, 25, 19, 24, 20, 21, 23, 26, 22], [19, 14, 23, 20, 18, 21, 15, 22, 26, 16], [20, 16, 21, 19, 18, 14, 26, 24, 25, 22, 23, 15], [21, 20, 19, 24, 14, 18, 25, 15, 23], [22, 14, 24, 20, 19, 23, 17, 26, 18], [23, 19, 18, 20, 22, 21, 25, 26, 16], [24, 22, 18, 21, 20, 14, 25, 16, 15], [25, 18, 20, 24, 21, 26, 23], [26, 15, 17, 20, 19, 16, 18, 25, 22, 23]],