{"inst1": {"S": [[1, 2, 11, 12, 8, 10, 4, 5, 7], [2, 1, 3, 4, 6, 10, 5, 8, 9, 7], [3, 2, 5, 12, 4, 11, 10, 6, 7], [4, 2, 8, 3, 6, 12, 13, 11, 1, 14], [5, 3, 7, 13, 2, 8, 10, 1, 11, 6], [6, 2, 9, 7, 8, 4, 3, 5], [7, 5, 8, 10, 12, 6, 13, 3, 1, 2], [8, 7, 13, 4, 1, 6, 5, 2, 9, 12], [9, 6, 12, 10, 13, 8, 2], [10, 7, 2, 9, 1, 11, 3, 13, 5], [11, 1, 13, 3, 10, 4, 5], [12, 7, 1, 13, 3, 9, 4, 8], [13, 8, 5, 12, 11, 7, 10, 4, 9], [14, 4, 15, 16, 17, 26, 19, 23, 20, 25], [15, 14, 18, 22, 23, 25, 24, 16, 20], [16, 14, 18, 24, 19, 20, 25, 17, 15, 22, 21], [17, 14, 23, 21, 25, 16], [18, 16, 19, 20, 22, 25, 15, 21, 24], [19, 18, 14, 26, 16, 22, 20, 25], [20, 18, 21, 25, 14, 22, 19, 16, 24, 15], [21, 20, 17, 25, 26, 23, 18, 24, 16], [22, 18, 24, 26, 15, 20, 19, 23, 16], [23, 17, 14, 15, 26, 22, 21, 24], [24, 22, 16, 26, 21, 18, 15, 20, 25, 23], [25, 20, 18, 21, 15, 14, 16, 17, 19, 24], [26, 14, 22, 19, 21, 23, 24]], "f": [[200.0, 0.0, 76.85528292003944, 31.1279041644428, 65.88961982661756, -95.77413705080349, 61.199012013979434, 78.55548072774693, -18.569018769328128, -86.5217495730602], [200.0, 0.0, -33.21213877711444, -0.34239336898413963, -30.140132662502417, 78.12326034378347, 0.6528151772266844, -13.535446104236648, -67.4306571778785, -59.01153609243608, -81.44782076378452], [200.0, 0.0, 81.61222660039647, -63.64505793666644, -57.470487288109574, 42.48998474516785, -20.209713019403086, 55.18217237825871, -44.25600171510355, 2.357210166046708], [200.0, 0.0, -34.06976207871906, 53.31689384303198, 89.15868439384663, 48.860876405795196, -40.03227627014907, -40.46071871891159, 7.531651671825235, 13.521239074681013, -49.76102829821434], [200.0, 0.0, 82.8075025982983, 22.557377820935187, -98.27961645860988, 57.925924726669756, 8.051975407138112, -91.20379760674855, 58.86812617106951, -35.8927244036301, 31.265931614526576], [200.0, 0.0, -90.35989770978235, -66.60168860766731, -42.203672266646805, 55.742937907943244, 32.17394673726122, 69.29416373842614, -87.85533375463945], [200.0, 0.0, -74.83703384440221, -36.21632673826451, 10.001705224938927, 42.122708400502006, -97.93753285657947, -38.3922201961806, 64.68475596052663, 21.557250947752514, -3.6941707655369305], [200.0, 0.0, 86.7162294799277, -61.6183053495118, 43.879008270674106, 40.03731492701732, 99.76524813579522, -11.477834633267637, -8.914825379155577, -30.348461667551696, -50.05519753248482], [200.0, 0.0, -40.0502974075049, 1.4715716118377964, 72.4912003960081, -22.19064893870644, 5.9636714577896655, -13.672170237379211], [200.0, 0.0, 4.468008261964163, 11.036702199848625, 71.08940598141973, -61.8973037483229, -42.67649951022972, -13.599852859408479, -38.30546031057431, -81.58134396507917], [200.0, 0.0, 70.75146188323774, -15.060118363490304, 22.49277079030023, 62.294926214750724, -33.753431871163286, -73.80293159948504], [200.0, 0.0, 73.83837183320159, -92.07013254367315, 89.17890014447912, -17.53436911230606, -24.308451169866863, -21.941878362262337, -73.92082679556495], [200.0, 0.0, -32.24596064442724, -76.73483662456353, 57.840676653060626, 79.0706367998343, 62.19909764770528, 12.978931309256092, -40.09624492883486, -7.88278516879779], [200.0, 0.0, 98.6573916199298, 11.315294113645225, -65.88696615035883, -2.0324036313012828, -65.29632542486645, 75.89087154818436, 80.57769805353384, 23.10367963048099, -94.48837908078526], [200.0, 0.0, 75.57454684009627, -38.32266271086715, 1.994755189307984, -23.265595650574824, 77.64059173906574, 95.48668511340432, -49.16840728806049, 74.11787604381969], [200.0, 0.0, -55.9868664136284, -39.02054771334613, -33.71851441848632, 99.09268235763813, 69.55698365380094, 13.698261779839216, -68.15348119301174, -22.064284007467137, -39.91610101562861, -93.81726827640087], [200.0, 0.0, -37.68030705482752, 12.641514155618339, 44.18402240139932, -35.48227414765197, 55.86840508693376], [200.0, 0.0, 60.31553397651128, 44.89265302714789, 77.49878651612885, -9.822149510835288, 21.067600573846622, -37.031103807367735, 87.655033413057, 99.89141959991206], [200.0, 0.0, -75.22594811550832, 21.058086546559608, -66.02019056090573, 41.279716845267856, 27.425995737715336, 52.17351663270418, 30.32592118770687], [200.0, 0.0, -39.17000087709559, 12.142510901990878, -80.94666391819743, -94.28189689457301, -91.24758723533886, 81.05407603012753, -39.433167558456006, -57.69541181364277, 22.297618559274348], [200.0, 0.0, -13.338180734892191, -77.02602317341405, -52.523287264773714, 7.08882309071277, 52.60639284559585, -70.8271902620005, -54.078616445937946, -4.047640408309894], [200.0, 0.0, 2.184920094730902, 94.82275708892918, 5.290352496749406, -45.300355850330874, 57.17861443823513, -24.431354031180152, -84.40244498881424, 74.82823917727717], [200.0, 0.0, -24.122315956075013, 40.95627730343554, 20.55145889757832, 2.3865007086653733, 14.715118404644102, -48.32507643709747, 30.305028329970042], [200.0, 0.0, -52.58508837849929, -64.08121414843369, 73.89541822010273, 1.9006038151769156, 43.5748057485505, 52.502280616211785, -17.377940510680332, -96.23639107564463, -87.59016072336291], [200.0, 0.0, -53.550787959413036, 16.422049290856442, -96.6583794304243, 52.16269676788892, -64.89761052468069, -95.10920661251903, -70.72000525561852, -69.26663269312165, 7.583498537247824], [200.0, 0.0, -96.50714206815093, -59.65101562827304, -49.09473799571893, 10.727433024972655, -24.790267114599374, -33.98934165267906]], "c": [5.290583961664473, 5.087090916950321, 4.652791761531121, 4.8432826769883475, 4.546737163805794, 5.192960123420803, 5.188814955614934, 5.185121105348494, 5.216567687709952, 5.209220230360844, 4.934679331104449, 4.732206241625098, 5.4687452569774715, 4.910975012462463, 4.834173833609069, 5.469916500801913, 4.755889831129934, 5.106026641028292, 4.6395790483428465, 4.973070666039165, 5.4837301423594935, 4.587713385282085, 5.239966896278762, 4.7865116014192015, 4.566633955234226, 5.263155212746972], "caves": [[1, 2, 3, 4, 5, 6, 7, 8, 9, 10, 11, 12, 13], [14, 15, 16, 17, 18, 19, 20, 21, 22, 23, 24, 25, 26]]}, "inst2": {"S": [[1, 2, 3, 5, 7, 9, 12, 8, 11], [2, 1, 4, 9, 13, 11, 5, 3, 8, 7], [3, 1, 6, 10, 4, 5, 11, 7, 12, 2, 13], [4, 2, 8, 9, 3, 6, 10, 5, 11, 13], [5, 1, 8, 9, 6, 3, 12, 4, 2, 13, 11], [6, 3, 12, 5, 11, 4, 9, 10, 8], [7, 1, 3, 8, 10, 9, 13, 2, 14], [8, 5, 4, 7, 6, 1, 2], [9, 5, 11, 2, 4, 12, 6, 1, 7, 10], [10, 3, 13, 4, 6, 7, 9], [11, 9, 6, 12, 3, 2, 4, 5, 1], [12, 6, 9, 11, 5, 3, 1], [13, 10, 2, 5, 7, 4, 3], [14, 7, 15, 19, 21, 25, 22, 23, 16, 18, 24], [15, 14, 16, 17, 25, 24, 22, 21, 23, 26, 19], [16, 15, 18, 26, 22, 20, 14, 25], [17, 15, 22, 18, 26, 25], [18, 16, 20, 24, 23, 17, 25, 19, 14, 26, 21], [19, 14, 22, 25, 24, 18, 15, 20], [20, 18, 24, 25, 23, 22, 16, 19], [21, 14, 24, 15, 22, 26, 18], [22, 17, 23, 26, 25, 15, 19, 14, 16, 21, 20], [23, 22, 18, 26, 24, 14, 20, 15], [24, 18, 21, 15, 23, 25, 20, 19, 14], [25, 15, 22, 14, 19, 24, 20, 17, 18, 16], [26, 22, 16, 23, 17, 15, 21, 18]],