{"inst1": {"S": [[1, 2, 5, 6, 9, 13, 4, 12, 11], [2, 1, 3, 4, 8, 9, 5, 6], [3, 2, 10, 12, 5, 7, 4, 11], [4, 2, 9, 11, 6, 12, 7, 3, 13, 1, 8, 5, 10], [5, 1, 7, 3, 9, 8, 6, 2, 10, 11, 4], [6, 1, 4, 9, 12, 13, 7, 5, 11, 10, 2], [7, 5, 13, 8, 10, 3, 4, 12, 6], [8, 2, 12, 7, 13, 5, 4], [9, 4, 1, 6, 2, 5, 11], [10, 3, 12, 11, 7, 5, 6, 4], [11, 4, 10, 13, 6, 1, 5, 3, 9], [12, 10, 8, 4, 6, 3, 7, 1, 14], [13, 7, 1, 11, 6, 4, 8], [14, 12, 15, 24, 20, 21, 26, 25, 22, 17, 23], [15, 14, 16, 17, 18, 23, 22, 21, 19, 25, 20], [16, 15, 20, 25, 21, 24, 18, 26, 23], [17, 15, 24, 22, 21, 18, 26, 20, 14, 19, 23, 25], [18, 15, 19, 26, 17, 20, 16, 25], [19, 18, 21, 26, 15, 20, 17, 25], [20, 16, 14, 25, 23, 21, 19, 26, 17, 18, 24, 15], [21, 19, 22, 15, 14, 17, 16, 25, 20, 24], [22, 21, 15, 17, 14], [23, 15, 20, 17, 14, 16], [24, 14, 26, 17, 16, 21, 20], [25, 16, 20, 21, 14, 15, 17, 19, 18], [26, 24, 18, 19, 14, 17, 20, 16]], "f": [[200.0, 0.0, 28.379217452225113, -26.399058952413192, -42.07086055940859, -37.47954955665356, -44.16552679782178, 54.83730178941606, -68.8261358181863, -60.36110946494191], [200.0, 0.0, -75.33579155964706, -85.230435004778, 87.79356635484234, 76.18011981161952, -64.12443731418051, 93.94686938314851, -76.22699136107376], [200.0, 0.0, -88.35426826370193, -4.975420578579315, 75.44082015743507, 30.439259854630652, -98.61575758807084, 14.248275035174052, 69.14346506260539], [200.0, 0.0, 68.35924110029974, 53.12697537581097, -71.13909040255943, 89.95530456791307, 60.26371969488835, 75.54233377818265, -33.01597210993093, 28.095973239237516, -94.60427670905413, -89.3795257059375, 64.78516400804143, 83.39008306676298], [200.0, 0.0, 39.968696176894134, -64.3391414337518, -49.393211586286846, -74.62005569982719, -87.3473099961141, -66.27645236733322, 81.4141387653806, -35.015885990707396, -65.05665186273595, 53.21057796099853], [200.0, 0.0, 77.28073424954846, 61.78216589786922, -13.950176539730208, 42.563479389801714, -98.6174877861197, 95.5800884073479, 65.97779121097844, -20.483337745620744, -28.712552972281458, 51.678540287358075], [200.0, 0.0, 63.72066248007331, 49.42835857383891, -34.303598089831766, -51.77422168924828, -98.6424774004834, -66.98911429417191, -25.45220708127085, -75.4755373834733], [200.0, 0.0, -70.20079371915924, 47.830850162085284, 79.77862592329157, -2.1506930496271837, -91.95645213367631, -6.138148039388436], [200.0, 0.0, -50.53132520314796, 33.54669338089311, -6.728380669237688, -19.25218911098323, 27.279792979484064, -96.57882121466228], [200.0, 0.0, 16.824398735300882, -67.94067984765273, -53.86138004191725, -50.96093295158541, 24.693550255538455, 48.00688434223333, 97.88776080044666], [200.0, 0.0, -44.23222443215962, 85.0844398122941, 77.05949323316317, -0.4578286196538661, -95.923588871533, 50.04840433970048, -62.281874649972146, -18.697319802106517], [200.0, 0.0, -29.46673903438697, 87.4694945580163, -81.18844350403698, 51.85451954736604, -66.03668995524828, 1.7046587434029092, 27.56682930190251, 59.13665253721745], [200.0, 0.0, 3.6228805151367727, 29.268699820816167, 1.5534799995306159, -42.629923413945406, -21.97344543838742, 69.40920622226992], [200.0, 0.0, 31.274621328090426, 4.92018458475183, -21.105160030414893, -59.911404117468805, 14.398784960796274, -9.472983773910704, 6.59989900908593, -89.67666633274129, 54.87045092637754, -70.23765813564198], [200.0, 0.0, -36.178170911784925, 10.322995796003509, 52.39970509343132, -66.966914736643, -99.7982747445486, -49.77263008452197, -55.41132517693779, 98.02835144600547, 46.875588050751446, -4.63806096294026], [200.0, 0.0, -49.53906237547312, 48.07616104990131, -15.590878299936083, -82.43982081482703, -64.82737498259547, 85.94704393043686, 94.84995686944721, 77.08747957467881], [200.0, 0.0, 34.49184666427707, -39.30201575053158, -98.6274181545048, 8.68971806622778, 36.23305521083768, 98.10495548751783, 16.775213917434193, 12.962503179952245, 88.97324921914442, 94.08330148021417, 76.47721574488489], [200.0, 0.0, 23.70759041497155, 3.4036035461779024, 73.2357706302707, -79.94803688782588, -40.659903108696824, 66.67051597027753, 11.44081570166431], [200.0, 0.0, 78.92210965654027, 43.162122432591346, -85.10119419645142, -43.905618801909355, -89.8529982434194, 39.82316282941456, 69.03295737628052], [200.0, 0.0, 35.520014512415976, -8.089527497546145, 63.25192399765787, -94.44797458811811, 26.690949186640502, 45.402407011119664, 27.333957619180627, 60.78840608667115, 14.462082717376123, 37.71141322291716, -47.05027089079348], [200.0, 0.0, -63.865102079108915, 75.83604756683606, 53.53893010963717, 75.2476135234658, -35.113128306364196, 9.58252781515112, -2.6823959811681064, 78.57604412000698, 2.086652796924393], [200.0, 0.0, -54.587686458159126, -34.64781312782592, 3.265503808162351, -17.14438296219132], [200.0, 0.0, 87.66852909583491, 44.12731735793971, 15.670841567202952, -1.2644489857719377, -9.774828489941934], [200.0, 0.0, -70.99915879984371, 42.43046097178844, -91.29990470890095, -5.404432089118338, 35.07499595704382, 93.27970976184959], [200.0, 0.0, 57.72684641067711, -19.718982769045912, 26.345679802222378, 55.62423051209278, -5.3114585703395445, -90.21676559165661, 72.76400897571177, 56.89916390403642], [200.0, 0.0, -5.602942349831808, 58.87006692526548, 59.094681337191204, -82.7539167673713, -71.13602923354492, -99.23390221336197, -95.27768799093145]], "c": [4.617028600945151, 5.460678819562852, 4.856110520580814, 4.637664542965456, 4.617568354588808, 4.756535287870623, 5.343678514421948, 5.148501051716865, 5.040630856297074, 5.148851320687714, 4.877416930376831, 4.919269759547242, 5.057489828432531, 4.530502270407382, 4.858554234129774, 4.617388656312407, 5.332183583618357, 5.23280472150978, 5.206664938314807, 5.073156522171061, 4.667403805553906, 5.012263383814946, 4.942264729510863, 5.434456031457094, 5.259408760995095, 4.597134205489217], "caves": [[1, 2, 3, 4, 5, 6, 7, 8, 9, 10, 11, 12, 13], [14, 15, 16, 17, 18, 19, 20, 21, 22, 23, 24, 25, 26]]}, "inst2": {"S": [[1, 2, 3, 5, 13, 8, 4, 11], [2, 1, 12, 9, 5, 4, 11, 13, 6, 3, 8], [3, 1, 4, 11, 10, 8, 12, 2], [4, 3, 9, 11, 2, 1, 10, 6, 7], [5, 1, 6, 8, 9, 11, 13, 2, 7, 10, 12], [6, 5, 7, 10, 8, 2, 4, 11, 14], [7, 6, 11, 5, 9, 8, 10, 4], [8, 5, 6, 1, 3, 7, 9, 12, 11, 13, 2], [9, 5, 2, 4, 10, 13, 7, 8, 12], [10, 6, 13, 9, 3, 5, 7, 4], [11, 3, 5, 4, 7, 2, 1, 8, 6], [12, 2, 13, 5, 8, 9, 3], [13, 10, 12, 5, 1, 9, 2, 8], [14, 6, 15, 17, 20, 26, 25, 21, 22, 19, 18, 23], [15, 14, 16, 19, 17, 20, 24, 18], [16, 15, 25, 20, 23, 19, 17, 22, 26, 18], [17, 14, 18, 22, 19, 15, 16, 21, 24], [18, 17, 21, 25, 26, 15, 24, 14, 16], [19, 15, 22, 23, 17, 16, 24, 14, 21], [20, 14, 16, 15, 23, 26, 25, 21], [21, 18, 14, 25, 26, 17, 19, 22, 20], [22, 19, 17, 25, 14, 24, 16, 21], [23, 19, 24, 26, 16, 25, 20, 14], [24, 23, 19, 15, 22, 18, 26, 17], [25, 18, 14, 16, 23, 22, 21, 26, 20], [26, 14, 18, 23, 21, 25, 20, 24, 16]],