{"inst1": {"S": [[1, 2, 3, 4, 13, 12, 10, 9, 6, 8, 5], [2, 1, 3, 7, 5, 8, 11, 10], [3, 1, 5, 2, 9, 13, 14], [4, 1, 6, 7, 12, 13, 9, 10, 8, 5], [5, 3, 7, 10, 11, 2, 1, 9, 13, 8, 6, 4], [6, 4, 8, 9, 13, 10, 1, 12, 7, 5], [7, 5, 2, 12, 4, 13, 6, 8, 9, 10], [8, 6, 12, 1, 13, 7, 2, 5, 4], [9, 6, 12, 1, 3, 10, 7, 5, 4], [10, 5, 1, 6, 13, 9, 2, 4, 7], [11, 5, 13, 2], [12, 9, 1, 8, 7, 6, 4], [13, 1, 6, 10, 11, 8, 7, 4, 5, 3], [14, 3, 15, 16, 18, 23, 25, 20, 26], [15, 14, 20, 21, 18, 23, 25, 22, 16], [16, 14, 17, 19, 26, 21, 20, 22, 15], [17, 16, 19, 26, 23, 20, 24, 21], [18, 14, 19, 23, 26, 25, 24, 15, 22], [19, 18, 16, 17, 22, 20, 25], [20, 15, 22, 24, 14, 23, 19, 17, 26, 16], [21, 15, 23, 22, 24, 25, 16, 17], [22, 20, 21, 23, 24, 19, 25, 18, 15, 16], [23, 18, 24, 14, 21, 26, 22, 20, 15, 17, 25], [24, 23, 25, 20, 21, 22, 18, 17, 26], [25, 24, 14, 18, 21, 22, 19, 15, 23], [26, 18, 23, 17, 16, 20, 24, 14]], "f": [[200.0, 0.0, -52.8751441762251, 65.47905139732202, 75.68132281625827, 75.6274998089493, 33.299024704444925, 39.63905429337829, -65.13361314607509, 48.595966826681504, 3.1095838790565544, -44.241225589689904], [200.0, 0.0, 5.424274695527309, 49.542574739647335, -63.62718535585039, 60.62869602924792, 85.27601448285967, 69.4694356005765, 60.09370599205981], [200.0, 0.0, -63.218588068856896, -60.97391244966979, 95.63086935757845, -32.15717954208572, 56.82850234877173, -48.87769899452128], [200.0, 0.0, -71.81418856992923, 86.91333921067132, 97.37925529003128, -46.8538610016612, 27.450805175741166, -2.0753979886203977, -91.92273564903238, 97.01771905473248, 79.60326248512071], [200.0, 0.0, 2.1306345392732906, 34.84584159424911, 56.16413313246611, 75.5967193029295, 16.67958893775987, -92.82756888473875, -30.45847502434109, 3.7874929067134966, -82.51257894958215, 14.17277447996037, 52.113787224565144], [200.0, 0.0, 44.901653220087766, 59.09011371987096, 90.03145858214701, -12.803644118959689, 3.9348137157232843, 19.72913701826451, 74.96656812873593, 29.941760498782898, -2.530934942436658], [200.0, 0.0, -95.51366177685976, -57.23701697359116, -22.46205562675645, -35.62983154537511, -75.48305960091473, -39.94690822166176, 41.20024961140811, 64.95152286214598, -37.15478561584846], [200.0, 0.0, 3.4026085666356787, -0.7914148194370529, -9.113141018905724, -33.7505169520661, 17.49987822455843, -77.32382355128387, -96.69424745782152, 14.702239270869132], [200.0, 0.0, 11.482028924572884, 14.438685437965137, 56.51108787901711, 82.56800660741293, 60.15756566510044, 37.65789564778083, -99.04728388318789, 47.406031240111915], [200.0, 0.0, 72.69412184004125, -56.79268423075803, -58.10850033174142, -35.273112748623014, -24.911920718017576, -41.96984231960161, -42.263128345600975, -76.97014370656706], [200.0, 0.0, -92.73628954578909, -63.50684597758152, 20.31168239725851], [200.0, 0.0, -63.686174463258816, -68.40619076410526, -3.88839164506789, 52.29796618406126, 95.08982074461517, -58.29507312297626], [200.0, 0.0, 55.35426062252857, -4.828577192170269, -66.04847128040412, 28.539699568454058, 15.719433677028372, -23.20679970697903, -19.926487416791836, 48.857899532567764, -77.14167164327664], [200.0, 0.0, 67.87940147743991, 88.72669952699074, -19.231092888083936, 75.0912300558497, -48.14080709229871, -82.46131275357911, -63.047856784188404, -77.75896595092975], [200.0, 0.0, 87.00496817260388, -32.05449593659255, 4.3370961059311375, 19.942500684372398, 79.39031324721032, -81.3210154865378, 39.310058076907616, 85.88930275122996], [200.0, 0.0, -6.298274209232813, 41.261412272631404, 2.9056644885036897, 24.641616368999575, -45.79598739432606, 83.22499715859055, -11.172314797466631, -40.150875363384884], [200.0, 0.0, -48.78301016940239, 78.95795061362665, 15.559541122814192, -10.065866705762595, -53.72903982502413, 38.87544379825345, 17.20566220286097], [200.0, 0.0, 49.47078708203425, 6.642201490236332, 66.4491686000895, -96.12265867259579, 44.399280754206046, 5.281585515231146, -70.65487291767482, -50.511303761883795], [200.0, 0.0, 83.55654557883096, 28.294572781041794, 44.088715481536525, 57.39948922160218, 78.38212576541504, 94.94504645388098], [200.0, 0.0, 90.32851483216302, 78.87967595086319, 43.24420006203202, -90.51827638236168, -62.17569854688287, 73.9857202219815, 15.194642096515153, -66.08879992345213, -61.81549983490806], [200.0, 0.0, 66.23250309520866, -26.536063642614604, -17.657754647539157, -79.03286960637091, -7.7916142774901775, 22.25569812955317, -43.23280746520528], [200.0, 0.0, -97.34711988827478, 40.499270722892014, -51.045051977352344, 40.69224497056534, -84.85478207689911, 76.42412607465043, -46.25498738995446, 46.43083498531726, -96.92060186627691], [200.0, 0.0, 3.2262499370225184, 33.237822907972145, -22.30472819159115, 12.908475127825469, -36.84543796262032, 62.95887169924417, 61.09720785821124, -12.949877414297294, 10.666454614891062, -79.37686067457217], [200.0, 0.0, 67.50398028074909, 11.085797246483953, 47.895072271922466, -45.295482254198724, 54.65226109795602, -80.68046147118521, -98.53051153325123, -51.133336708730816], [200.0, 0.0, 86.42616711940182, -43.60505213836176, 16.328841773011572, 40.559418938644676, 43.28348880469952, -94.52315686174755, -88.05201170422654, -62.1768475386256], [200.0, 0.0, 44.73820152260659, 66.7429104610058, 8.013319829312348, 70.4598666912692, -45.344683802596286, 89.80871926326724, 19.929652052745062]], "c": [5.249945344073067, 5.2773813831143865, 4.874441114582101, 4.886944233253256, 5.135561031705802, 5.123005395597361, 5.383130342035544, 5.3407159771836366, 5.065094448994179, 4.832702924520918, 5.264902362755858, 5.27673848257963, 4.846545888155804, 5.1265149845107025, 4.624071661534802, 5.235535218468755, 5.025350311429642, 4.9367312664494865, 5.188557957056569, 4.9192736862270685, 4.564362703296855, 4.704411757972129, 5.310143576920674, 4.952975621848198, 4.948578243557388, 5.0443999452925885], "caves": [[1, 2, 3, 4, 5, 6, 7, 8, 9, 10, 11, 12, 13], [14, 15, 16, 17, 18, 19, 20, 21, 22, 23, 24, 25, 26]]}, "inst2": {"S": [[1, 2, 3, 9, 4, 8, 7, 13, 5, 12, 11, 10], [2, 1, 4, 6, 7, 5, 12, 10, 8], [3, 1, 11, 8, 12, 9, 6, 5, 7], [4, 2, 5, 8, 10, 12, 13, 1, 11, 7], [5, 4, 9, 6, 2, 1, 7, 13, 3, 12, 11], [6, 2, 8, 5, 12, 11, 3, 9], [7, 2, 10, 1, 4, 5, 3], [8, 4, 11, 6, 1, 3, 9, 10, 2], [9, 5, 1, 8, 3, 6, 13], [10, 4, 7, 12, 13, 8, 2, 1], [11, 8, 3, 6, 13, 4, 1, 5], [12, 4, 2, 13, 6, 10, 3, 1, 5], [13, 4, 12, 1, 11, 10, 9, 5, 14], [14, 13, 15, 16, 17, 19, 23, 18, 24, 20, 22, 25], [15, 14, 18, 16, 20, 26, 19, 17], [16, 14, 20, 23, 17, 22, 25, 15, 26, 19], [17, 14, 26, 16, 21, 24, 19, 25, 15], [18, 15, 14, 19, 20, 24, 23], [19, 14, 24, 26, 18, 17, 20, 15, 25, 16], [20, 16, 21, 22, 25, 14, 18, 19, 15, 24, 26, 23], [21, 20, 17, 22, 25, 26], [22, 20, 25, 26, 16, 14, 21, 24], [23, 14, 24, 16, 26, 18, 20], [24, 23, 19, 14, 18, 17, 20, 22], [25, 22, 26, 20, 14, 16, 17, 21, 19], [26, 25, 22, 17, 23, 19, 15, 21, 16, 20]],