{"inst1": {"S": [[1, 2, 9, 12, 6, 3, 11, 4, 13, 8], [2, 1, 3, 10, 11, 12, 4, 6], [3, 2, 4, 5, 6, 1, 8, 12, 9, 11, 7], [4, 3, 7, 8, 11, 2, 1, 6, 12, 13, 14], [5, 3, 9, 11, 8, 7, 12, 10], [6, 3, 1, 12, 10, 4, 2, 9, 7], [7, 4, 11, 13, 10, 12, 5, 3, 8, 6], [8, 4, 3, 13, 9, 5, 10, 1, 7], [9, 1, 5, 8, 3, 6, 10, 13], [10, 2, 7, 11, 6, 8, 9, 5], [11, 7, 2, 4, 10, 1, 5, 12, 3], [12, 1, 6, 2, 3, 7, 11, 4, 5], [13, 7, 8, 1, 4, 9], [14, 4, 15, 17, 26, 16, 22, 25, 19, 21], [15, 14, 16, 18, 19, 26, 22, 20, 25], [16, 15, 20, 14, 19, 22, 23, 18, 24], [17, 14, 22, 23, 24, 20, 19, 26, 25], [18, 15, 26, 25, 21, 20, 19, 16, 22], [19, 15, 20, 14, 24, 16, 17, 25, 18, 21, 22], [20, 19, 21, 16, 17, 26, 18, 15, 22, 25], [21, 20, 18, 14, 24, 25, 19, 26], [22, 17, 14, 16, 15, 23, 26, 25, 20, 19, 18], [23, 17, 25, 16, 22], [24, 17, 19, 21, 26, 16], [25, 23, 14, 19, 18, 21, 22, 17, 15, 20], [26, 18, 14, 15, 20, 17, 22, 24, 21]], "f": [[200.0, 0.0, -98.52564289324413, 31.92221829253277, -42.85061448397891, 41.44992833121801, 63.65689731137798, 16.653584553627688, -13.774241596450398, 46.57601664566104, -60.670672514461785], [200.0, 0.0, 17.307609372885334, -5.768535907489336, -86.01273954691887, 67.53856841149887, -88.58984570539535, -44.887158766541056, 85.57693746173773], [200.0, 0.0, 10.239683424251457, 3.7384572035970898, -39.41229209917931, 93.64593260359023, 78.41286200643931, -85.23556059634132, 64.30701471575759, -30.992910250614813, -9.64445135957992, -38.637880525155246], [200.0, 0.0, -92.42546793556676, 89.02802952422823, -32.58195894896576, 61.17134243581346, 36.04173314037189, -59.72863263595385, -66.77183411721677, 98.79655442673231, 36.121490126362055, 11.588256154205268], [200.0, 0.0, -27.587592927299376, -92.16373995329575, 40.70350504088039, 74.97209489406487, 13.357846500388447, 6.2329005579198515, 19.47911266624056], [200.0, 0.0, 33.3410674917896, -32.31890145034886, 92.42041307095192, -9.195215538978129, -30.673872328529118, 73.06749774993557, -44.587657805427085, 42.29093615155579], [200.0, 0.0, -88.11374901303581, 64.29989234127274, 33.869384043337725, -17.6698034089277, -44.694193536081684, 38.1097114651564, -97.14102514106801, 64.82616566565149, -25.001027430517354], [200.0, 0.0, 92.12543361419768, -11.885810609660098, 81.67403358164486, 40.19288760462234, -92.2379732981786, 56.21933510436767, 10.84578223828261, -45.597976748569266], [200.0, 0.0, 53.65097302678621, 85.48704668035833, 29.829004215057143, -93.24387881222343, 86.82249693729077, -46.24600248588449, 97.09184682194842], [200.0, 0.0, 44.51724049301453, 2.4217418932963586, 77.98926316230343, 17.767679804486992, -91.68469752286694, 51.135159194120774, 93.39913677372668], [200.0, 0.0, -68.86785198297542, 74.27387729151913, -31.11035332319134, 86.0718622755117, 22.266741097667577, 99.61689691740155, 53.79276177205767, -47.78494960202393], [200.0, 0.0, 30.771897505649036, 17.195890658333912, 99.61225711524206, 62.761573946412994, 20.550628835639294, 51.51839800227962, -23.24773765020489, -94.62422243098874], [200.0, 0.0, 31.56366785041258, -75.52984819342146, 3.19277169915273, -83.07572575719138, -81.11736159241178], [200.0, 0.0, 60.23360808836882, 17.580657567316127, 24.150339819979962, 62.05935649019732, -15.830603581489534, 76.56233516000444, 93.37490284904624, -72.92164521511444, -6.634773787472525], [200.0, 0.0, -69.17521415343444, 87.28393085342373, 24.739647715280434, 88.31401871997089, -51.49620048329899, 4.118750912801961, 65.01137159355636, -9.798290301843892], [200.0, 0.0, 21.503433806650474, 56.56059693674314, 2.964653468595646, -14.306137693648967, 12.197348526341889, -20.795638486449384, 43.228062978176254, 74.70342053093961], [200.0, 0.0, 28.77505028612932, 14.1574472310106, 16.70332352884416, 7.079901012530332, 51.33610824243255, -61.13761838056915, 88.41523718344524, -84.05506022667389], [200.0, 0.0, 17.49820265202151, -38.41393736139844, 52.48887219306053, 86.05031576088552, 34.849036405313406, 3.4673623276600063, 72.38376777015709, 3.3060833494732655], [200.0, 0.0, -49.788105694964926, -94.26399826137406, -72.38806268584528, 97.09537376008426, 70.30391384643089, 80.60873674445976, -16.70751574741931, -80.76958725470365, 63.683235087659895, 25.809914503827013], [200.0, 0.0, 11.204025038581399, 79.79103324098571, -24.37297894542594, -36.6881708682387, 49.80488106737941, -16.89113148153554, -54.71289175853882, 65.87313568167417, 68.6735000808645], [200.0, 0.0, 51.824388558388044, 37.26762074066856, 33.42041532072035, 78.3694516706766, 39.8694616424317, -73.11348402755257, -22.648049150878435], [200.0, 0.0, -39.24270103029577, 79.68212492661569, -72.90555258093589, -3.014773093872103, -19.792227913504657, 78.75076062388422, -53.484942429447216, -98.1787305358514, -31.41796629265805, 73.74587619951404], [200.0, 0.0, -1.0724212640148112, 87.32789103427476, 61.939662819645115, 86.32376329031702], [200.0, 0.0, -29.854737455741407, -71.55882950383048, -62.95396727022062, -61.21740146122556, -31.060447716632943], [200.0, 0.0, 88.26719794533176, -34.939858422358874, -45.239657272405886, -28.8807002472363, -25.06660543350918, 79.22192179054635, 22.340772823991138, -49.28165509681206, -42.64923578452626], [200.0, 0.0, 29.077395499539804, 90.35230788569936, -18.93408233020988, -25.766038652063727, -81.84883177051978, 38.78251166862952, -78.5279461525332, -72.68287245214094]], "c": [4.616851210146898, 4.918163114604363, 5.137456237221232, 4.675684187185575, 5.091278919360086, 4.660281448120723, 5.429302113260264, 4.9368595329190175, 5.059825341499231, 4.638077975506576, 5.345488892975199, 4.5220903016574185, 5.230955837134203, 5.226233382986163, 4.633828435550538, 4.584003658218839, 4.6568014958665715, 5.079562649735328, 5.23923153928655, 5.4795723584257665, 4.922407304761818, 5.329058475469252, 4.912665363105053, 5.202681772978206, 4.9332390331206994, 4.994773773039936], "caves": [[1, 2, 3, 4, 5, 6, 7, 8, 9, 10, 11, 12, 13], [14, 15, 16, 17, 18, 19, 20, 21, 22, 23, 24, 25, 26]]}, "inst2": {"S": [[1, 2, 3, 4, 6, 13, 5, 7, 12, 10, 11, 8], [2, 1, 9, 6, 8, 13, 10], [3, 1, 5, 7, 10, 13, 9, 11], [4, 1, 11, 7, 5, 13, 12], [5, 3, 8, 1, 7, 10, 6, 4, 11, 13], [6, 1, 2, 7, 8, 5, 9], [7, 3, 5, 1, 4, 6, 8, 13], [8, 5, 9, 12, 10, 11, 7, 2, 6, 13, 1], [9, 8, 2, 12, 10, 11, 3, 6, 13], [10, 3, 13, 8, 5, 12, 9, 1, 2], [11, 4, 12, 8, 13, 5, 9, 1, 3], [12, 11, 8, 9, 1, 10, 4], [13, 10, 1, 3, 11, 7, 4, 2, 9, 8, 5, 14], [14, 13, 15, 23, 24, 17, 26, 21, 19, 22], [15, 14, 16, 17, 21, 22, 24, 26, 20, 19, 25], [16, 15, 18, 19, 26, 21, 24, 25, 23, 20, 22], [17, 15, 20, 14, 23, 25], [18, 16, 24, 20, 26, 25, 21, 19], [19, 16, 25, 24, 18, 22, 14, 15, 26], [20, 17, 25, 24, 18, 22, 21, 26, 16, 15], [21, 15, 16, 23, 18, 14, 20, 22, 25], [22, 15, 26, 19, 20, 14, 21, 16], [23, 14, 21, 17, 24, 16, 26], [24, 18, 14, 20, 19, 25, 16, 23, 15], [25, 20, 19, 18, 24, 17, 16, 15, 21], [26, 16, 18, 14, 22, 20, 23, 15, 19]],