{"inst1": {"S": [[1, 2, 3, 4, 13, 8, 12, 11, 6, 9, 10], [2, 1, 6, 8, 13, 12, 11, 9, 4], [3, 1, 7, 8, 9, 10, 12, 11, 5, 6], [4, 1, 5, 8, 13, 7, 9, 2, 10], [5, 4, 12, 9, 3, 7, 10, 13], [6, 2, 1, 12, 3, 8, 13, 9], [7, 3, 12, 9, 10, 5, 4, 8], [8, 3, 1, 4, 2, 12, 6, 7], [9, 3, 5, 7, 1, 4, 11, 2, 12, 6, 14], [10, 3, 11, 13, 7, 5, 1, 4], [11, 10, 1, 3, 13, 2, 9], [12, 5, 1, 7, 3, 8, 13, 6, 2, 9], [13, 1, 10, 12, 2, 4, 11, 6, 5], [14, 9, 15, 17, 19, 21, 23, 16, 26, 22, 20], [15, 14, 16, 18, 20, 22, 26, 25, 24, 19, 17, 21], [16, 15, 20, 21, 24, 14, 18, 22, 26], [17, 14, 23, 21, 15, 25], [18, 15, 25, 20, 19, 16, 21, 24, 26], [19, 14, 25, 20, 22, 24, 26, 15, 23, 18], [20, 15, 24, 25, 19, 18, 16, 22, 14], [21, 14, 17, 22, 16, 26, 23, 15, 18, 25], [22, 15, 19, 21, 24, 26, 20, 16, 14, 23], [23, 14, 17, 25, 19, 21, 22], [24, 20, 22, 19, 15, 16, 18], [25, 19, 15, 18, 20, 23, 21, 17], [26, 15, 19, 21, 22, 14, 16, 18]], "f": [[200.0, 0.0, 49.44398351298685, -55.550549971266115, -50.61342352154139, 58.402181551309965, -92.10615727995899, -71.36559464994396, -52.04659772157243, 48.74156334489257, -97.95517722483493, 83.55572983187433], [200.0, 0.0, 48.482900951862696, 51.576978094464444, -84.41323136282521, 47.70150060863803, -82.59233665473657, -97.58373992454685, -52.93865214889117, 71.41028294044101], [200.0, 0.0, 45.36194213037561, 36.29268948151969, -43.887654988953415, 29.400176761392437, -87.76182397252983, 92.96189165335133, -11.957390367341825, 5.921599879732109, 81.97176170782453], [200.0, 0.0, 0.010754254687550535, 87.34241053166629, 46.062348281066654, 6.04587144112636, 21.312132824464026, -92.50547510716514, 35.26350989171261, 8.157391642376254], [200.0, 0.0, -97.34176645964065, -97.93154227355735, 96.70080135819912, -70.0783492645253, 89.80644829029647, 39.54476361810681, -76.2115327205803], [200.0, 0.0, -47.488471310434896, 73.88230452760662, 22.13035313379208, -24.155359908824448, -77.53683328119561, -37.06595053583577, -80.23017657328539], [200.0, 0.0, 43.70603688013546, -74.79167099857406, 29.04430535267948, 19.823708339257927, 23.70315547347206, -15.880150272201753, 6.4459591533910565], [200.0, 0.0, -47.41418186979027, -40.82832654293567, 69.64556286543169, 92.08742096485223, -15.163560280998812, -3.6885231355408887, -93.41801225443002], [200.0, 0.0, -35.29640120642203, -58.8171407316036, -5.810706076077232, 71.47839031063027, -6.423162862060794, 32.50537077258593, -49.46923369396692, 10.258274290438774, 17.79617050432274, -70.71120750728443], [200.0, 0.0, 3.6153790320925694, 75.69022871852924, 62.642942423862216, -20.366388545220794, -44.93811385919737, 72.31397701957714, -69.72489738318292], [200.0, 0.0, 5.145237726504526, 31.687089650806666, -52.08773364329529, -63.38519944202214, -62.6420169483453, 65.50850871135916], [200.0, 0.0, -17.007860890798952, 25.09493864889705, 27.150570094010163, -43.364238942891475, -41.864164357526356, -98.99164430087657, 29.540186370470956, 13.626980730835857, 18.643879063171642], [200.0, 0.0, -5.716634054240033, -28.355009199248514, 18.585400095620507, -50.14624696518246, 38.665421875072184, 80.53363433975792, 35.36936194920066, -77.14245323267876], [200.0, 0.0, 41.4386127731752, 74.41178743127779, 35.14357311831384, 17.214246785298414, -84.42593129737064, -72.54871085249141, -42.58379938634682, 19.94999756766567, 6.28577995774513, 85.57167999857815], [200.0, 0.0, -72.88156250976378, 17.982369036657598, 10.004432135555685, 60.14365541594577, -64.26752839653591, -32.46170436312561, -36.64541544527338, 15.062705762398032, 93.68373074395053, -13.56006523158344, 30.676886546867376], [200.0, 0.0, 95.57462209505361, 8.995027767102126, -26.374148372347904, -63.56294483242824, -31.00133050891596, 87.84174199670842, 81.66573249863495, 23.566750039147742], [200.0, 0.0, -57.43284630562642, -59.769769302849255, -29.014326423578886, -70.90497858501061, 93.28745551268301], [200.0, 0.0, 96.50773237215715, 28.457585010576757, -26.02761120075181, 68.08475060485888, 96.83558662570742, 22.755710038320466, 30.763040353626913, 84.10114273261875], [200.0, 0.0, 34.03788489981767, 54.547670112635615, 67.36393407240125, -0.21957963259695568, 37.615883789197646, 23.914044202532203, 99.73149499665936, -30.815078362287807, 56.51926227721405], [200.0, 0.0, -94.71741512505483, 99.099836384302, 58.25570197224601, -19.75952507850487, -4.262757359190483, -16.726081776945676, 35.82671669649577, -92.12849462122736], [200.0, 0.0, 83.52051463820462, 71.36899885773302, 68.48378818542089, -63.82351602929657, 67.73347954403974, 66.47487403962045, -30.552363455667052, -9.297758757318576, -3.2603464344165722], [200.0, 0.0, -20.24032093969954, -13.244574543365516, -9.680675531665251, -45.770628424363565, -37.50175274666279, -20.604845594809795, 75.90572358088632, -42.05491105977981, 90.09061022868833], [200.0, 0.0, 64.8542856073212, -64.53227706429325, -2.227046747909456, -87.50012618253346, 80.16293421659124, -94.61324599771876], [200.0, 0.0, -22.224477816576726, 44.78547579075727, -7.5300452082526, 1.3438609998601025, -20.689652222634592, -63.5098016173363], [200.0, 0.0, 79.71642590492436, 34.07765744199782, 86.75978796444892, 48.37030429368967, 34.499282886260005, 10.544224548241822, 80.55103169376183], [200.0, 0.0, 29.43847745912642, -86.54532425289206, -76.8900918287277, -77.20713310264804, 69.72204656108813, 34.11648766190618, -65.58491199287153]], "c": [4.529308613369467, 4.611075267691746, 4.822525217675752, 5.3454176280821635, 4.585371019575443, 4.981204455785195, 5.103839828224594, 4.6790757566198105, 4.560587830127114, 5.145271565895083, 4.5925839269828845, 4.870118633665367, 5.44886800883542, 4.711294238075069, 4.574022819636324, 5.085391370382991, 4.582943340649264, 4.543717745493447, 5.280700722484402, 4.672336861521288, 4.83720618275137, 4.792535505985211, 5.038037655649308, 5.394431484252615, 5.2000599047527, 4.598484552620227], "caves": [[1, 2, 3, 4, 5, 6, 7, 8, 9, 10, 11, 12, 13], [14, 15, 16, 17, 18, 19, 20, 21, 22, 23, 24, 25, 26]]}, "inst2": {"S": [[1, 2, 5, 8, 12, 3, 9, 10, 6], [2, 1, 3, 4, 5, 9, 11], [3, 2, 4, 1, 8, 7, 11, 13, 10], [4, 3, 10, 11, 12, 6, 7, 2, 13], [5, 1, 6, 7, 8, 2, 9, 10, 11], [6, 5, 4, 8, 7, 11, 1, 13, 14], [7, 5, 4, 3, 8, 6, 12], [8, 1, 9, 3, 5, 11, 10, 6, 7, 13, 12], [9, 8, 12, 11, 10, 13, 1, 5, 2], [10, 4, 8, 12, 9, 11, 1, 5, 3, 13], [11, 4, 9, 12, 8, 10, 3, 6, 2, 5], [12, 1, 13, 9, 4, 11, 10, 7, 8], [13, 12, 9, 8, 6, 4, 3, 10], [14, 6, 15, 16, 25, 19, 21, 23, 26, 18], [15, 14, 17, 22, 24, 26, 23, 19, 21, 20, 16, 18], [16, 14, 18, 19, 22, 24, 25, 21, 15], [17, 15, 23, 22, 21, 20, 19, 25, 18], [18, 16, 21, 25, 20, 23, 19, 24, 14, 15, 17], [19, 16, 20, 14, 22, 15, 25, 18, 23, 17], [20, 19, 18, 22, 17, 15, 25], [21, 18, 23, 14, 17, 25, 15, 26, 16, 24], [22, 15, 25, 19, 16, 17, 20], [23, 21, 17, 15, 25, 14, 18, 19, 24], [24, 15, 16, 18, 21, 23], [25, 22, 14, 18, 23, 19, 21, 16, 17, 20, 26], [26, 15, 14, 21, 25]],