{"inst1": {"S": [[1, 2, 7, 6, 9, 4, 5, 12, 8], [2, 1, 3, 4, 6, 8, 9, 13, 12, 11], [3, 2, 5, 10, 12, 6, 13, 4, 7], [4, 2, 7, 3, 13, 9, 1, 8], [5, 3, 6, 13, 1, 8], [6, 2, 5, 3, 1, 12, 8, 9], [7, 1, 4, 13, 3, 12, 8, 9, 10, 11], [8, 2, 13, 11, 12, 7, 6, 5, 4, 9, 1, 14], [9, 2, 11, 4, 1, 7, 10, 6, 8, 12], [10, 3, 12, 7, 9, 11], [11, 9, 8, 2, 12, 7, 13, 10], [12, 10, 3, 2, 13, 8, 7, 6, 11, 1, 9], [13, 8, 2, 7, 3, 12, 4, 5, 11], [14, 8, 15, 16, 20, 26, 25, 24, 17, 21], [15, 14, 18, 25, 26, 24, 20, 16, 22, 19, 17], [16, 14, 17, 19, 22, 23, 15, 18, 26, 24], [17, 16, 21, 22, 23, 19, 14, 25, 15], [18, 15, 21, 23, 22, 16, 20, 26], [19, 16, 24, 25, 26, 15, 17, 22], [20, 14, 21, 15, 25, 18, 22, 23], [21, 18, 17, 26, 20, 24, 22, 25, 14], [22, 16, 17, 18, 15, 21, 26, 20, 24, 19], [23, 18, 16, 25, 20, 17], [24, 19, 25, 15, 14, 21, 26, 16, 22], [25, 15, 24, 14, 19, 23, 20, 21, 17], [26, 14, 15, 21, 19, 24, 22, 16, 18]], "f": [[200.0, 0.0, -55.32607929205313, 56.32339697867466, -2.9740280366455485, -66.48084567062003, 26.12559333908242, 49.55663173796032, -95.24702321629665, -46.94634992732403], [200.0, 0.0, 24.186635715116257, -94.54966707472386, -7.400505017349968, -48.13610383719986, 42.37631085374536, 41.01290009437268, 98.83175624283955, -82.02200273997602, 60.24528100256261], [200.0, 0.0, -48.115868375576824, 88.45067343791273, 84.82775498196288, 32.16068681000408, -68.81599108943095, -28.21484322409933, -92.57352421518416, -25.313536296385465], [200.0, 0.0, -6.842632190510356, 37.31355555763649, -29.359691525087285, -61.69104244530816, 64.28752552273997, 23.88769167312539, -91.26311335801067], [200.0, 0.0, -11.516004726124018, 18.06888554616206, -8.677214452463943, 55.041130519979696, 97.3931556814376], [200.0, 0.0, -36.943430629773964, -46.79860830094458, -81.33527903042257, -10.477192518668721, 16.93853792232307, 18.102544651420537, 68.94061089957681], [200.0, 0.0, 52.652343230308716, -20.99513019444439, -88.0941640764396, -40.34372470160099, 44.66387460401362, -63.50272434862594, -92.61532052338015, -39.858170500639886, 54.27900120685489], [200.0, 0.0, 6.2144631946118745, 18.239720384420565, 6.163900932253008, 42.9352093908762, -41.67753700510437, 38.90515317711607, 5.42956985812908, 65.32334513072962, 42.29910059303894, 34.54541170526599, -4.608322812994925], [200.0, 0.0, 76.59354999489996, -67.45523097152409, -57.23752781672553, 99.52626243736178, 48.247071133358176, -16.312407109031014, 57.44292306232912, 8.180404962101573, -71.32680066667882], [200.0, 0.0, 40.25335843573992, 30.648541636855818, -24.019039448721657, 83.82830935814864, 62.34596409991353], [200.0, 0.0, 83.22269686702697, -89.89482019894552, -49.463965625306926, 21.62912022935206, 79.22405576934341, -80.21072819668444, -26.86109729323416], [200.0, 0.0, 68.58389913171854, -40.13501587631407, 50.200972593740076, 34.47490234026043, -96.3798449124292, 68.48264925837384, 16.89682441252871, 63.91368313825898, 34.65988749017417, -19.996869972123932], [200.0, 0.0, 70.9160061685735, -42.8489134401858, -77.82046312010797, -5.499595113655498, 62.085880397340446, -40.023348208766606, -35.11251601215615, -36.88746658629132], [200.0, 0.0, 54.17989721888992, -84.07164991875109, -73.0440269361776, 31.66279132067935, -89.95330045220275, 23.48639105758352, 80.23167091798484, -85.469927776861, 31.255009113328057], [200.0, 0.0, 90.11952158388097, 6.674994948064006, -32.277337144139096, -9.758151071049713, 7.471277841696566, 47.06527227559316, 73.83431236531098, 15.994345511924625, 95.51489711875605, -78.212279982357], [200.0, 0.0, 36.5617822030188, -89.46993635945898, -38.7518245782646, 5.03209302145331, 26.487933260298213, 47.774113361055996, 45.207882653331936, -56.40988691604938, 28.022480373364232], [200.0, 0.0, 13.904129264935428, -95.22286112886763, -28.966593829485387, -1.9374616837550818, 3.6068780575152504, 55.79626964004012, -64.60753244740557, 57.396720384748036], [200.0, 0.0, -92.65359691657424, -14.448669113913759, -44.96968583817611, -61.24818817658002, -14.394196405292714, 10.024165961094411, -53.03511901516711], [200.0, 0.0, -26.145350479045227, -47.673697939505246, 69.10486526939985, 10.6201860404457, -92.85799851182361, 28.302059884644603, 1.9710805136581966], [200.0, 0.0, 42.76760280309468, 40.950706075027, 45.94847421166743, 17.3458084391366, 54.287553369195884, 28.977951938360302, 51.962365437468506], [200.0, 0.0, -61.53155844574483, 21.494025926609297, -42.61197201520655, -60.91422915814033, 16.11855810921794, 31.07519343466949, 82.31148038149519, 94.3934674172106], [200.0, 0.0, -51.49232082746493, -54.61640938073262, -27.92286115998135, -53.97231428511522, -83.80627337590636, 69.84373947650826, 86.29181612016421, 49.77126756430514, 38.39451348713647], [200.0, 0.0, -99.30488483183966, -79.5846691737303, -70.24124114802883, -32.446346445053486, -8.191478228224923], [200.0, 0.0, 85.47321334565277, -26.513106617559856, -74.52582207184444, -62.17867906308936, 3.2131941349796467, 5.4495962909302476, 29.714679489700615, 61.71103842282424], [200.0, 0.0, -22.384042198363584, -6.0922204470508445, 19.743365614934483, 88.78996652068038, 75.36970059891328, 57.36300888136532, 37.55180293050007, -52.970683256109766], [200.0, 0.0, -21.886298197360276, -0.4908449173552043, -84.30744261532537, -50.09865577574899, -17.752442810530724, 42.29342328457815, -69.43331636259057, 51.895149363833326]], "c": [4.509212712399933, 5.169863035395449, 5.276660858974741, 5.457329865469537, 4.581604126404074, 4.636458105086629, 4.803532657004737, 4.781725442945732, 5.3541638931734115, 4.9415173170891595, 5.194780955319178, 4.969056412310014, 5.385013820573576, 4.521525468804468, 5.198398911576478, 4.81968817656122, 4.913203749371013, 5.136995517744467, 4.771748167251166, 5.445769673308864, 5.357920051433582, 4.934046717294496, 5.079811341197519, 4.912070519316928, 4.824784808363373, 4.789712163604383], "caves": [[1, 2, 3, 4, 5, 6, 7, 8, 9, 10, 11, 12, 13], [14, 15, 16, 17, 18, 19, 20, 21, 22, 23, 24, 25, 26]]}, "inst2": {"S": [[1, 2, 4, 7, 3, 5, 9, 13, 6, 11], [2, 1, 3, 7, 10, 8, 5, 13, 11, 4], [3, 2, 6, 10, 12, 5, 4, 1, 9, 7], [4, 1, 5, 8, 9, 10, 12, 7, 3, 13, 2], [5, 4, 7, 6, 12, 3, 9, 2, 1, 10, 13], [6, 3, 5, 10, 7, 13, 1], [7, 5, 2, 4, 1, 6, 3], [8, 4, 11, 10, 2, 9, 12, 13, 14], [9, 4, 5, 8, 3, 1, 12, 10], [10, 4, 13, 3, 2, 12, 8, 6, 9, 5], [11, 8, 13, 1, 2], [12, 4, 10, 3, 5, 13, 8, 9], [13, 10, 12, 11, 4, 1, 2, 6, 8, 5], [14, 8, 15, 16, 18, 20, 17, 19, 22], [15, 14, 17, 19, 20, 23, 25, 26, 16, 24, 21], [16, 14, 21, 19, 15, 17, 25, 22], [17, 15, 24, 22, 23, 19, 14, 20, 16, 18], [18, 14, 26, 19, 25, 23, 20, 21, 17], [19, 15, 18, 22, 16, 17, 14, 26], [20, 15, 21, 14, 18, 22, 25, 26, 17, 24, 23], [21, 16, 22, 23, 20, 25, 15, 24, 18], [22, 21, 17, 19, 20, 14, 26, 16], [23, 15, 21, 17, 18, 24, 25, 20], [24, 17, 25, 15, 21, 23, 26, 20], [25, 15, 18, 26, 24, 20, 21, 16, 23], [26, 18, 15, 25, 20, 19, 24, 22]],