{"inst1": {"S": [[1, 2, 3, 5, 9, 12, 6, 10, 4, 7, 8], [2, 1, 4, 7, 5, 3, 12, 9, 6], [3, 1, 13, 2, 10, 9, 12, 5, 11, 6], [4, 2, 6, 12, 5, 1, 11], [5, 1, 6, 8, 2, 11, 12, 9, 4, 13, 3], [6, 5, 1, 11, 13, 4, 8, 7, 12, 2, 3], [7, 2, 10, 8, 11, 6, 1], [8, 5, 11, 9, 7, 10, 6, 1, 13], [9, 1, 8, 11, 5, 2, 3, 10], [10, 7, 8, 3, 1, 9], [11, 8, 6, 5, 7, 12, 13, 9, 4, 3, 14], [12, 1, 13, 2, 11, 5, 4, 6, 3], [13, 3, 12, 11, 6, 5, 8], [14, 11, 15, 16, 23, 18, 26, 19, 20, 22], [15, 14, 16, 17, 22, 20, 21, 23, 18, 25], [16, 15, 20, 18, 25, 14, 19], [17, 15, 18, 19, 26, 23, 24, 20], [18, 17, 21, 16, 25, 14, 24, 20, 23, 22, 15, 26], [19, 17, 24, 21, 22, 20, 14, 16, 26], [20, 16, 23, 25, 15, 19, 17, 14, 18, 22, 26], [21, 18, 23, 19, 26, 24, 15, 25], [22, 15, 25, 26, 19, 24, 18, 14, 20], [23, 21, 24, 20, 14, 17, 18, 15], [24, 23, 19, 22, 17, 26, 18, 21], [25, 22, 20, 18, 16, 21, 15], [26, 22, 17, 24, 14, 21, 18, 20, 19]], "f": [[200.0, 0.0, -56.04016463738648, -44.93784797587765, 14.43117897200288, 92.82471793437708, 90.2803999408325, -74.66808703285936, -76.8334875299181, 14.719919353724942, 97.73969800004416, 23.921953947076968], [200.0, 0.0, -26.908524930646482, 64.10124197157347, -20.810001769806497, -16.555181266948814, 11.747107342542673, 48.1452564116333, 74.74720649007149, -79.56327031811415], [200.0, 0.0, -75.04784792616388, 47.407396553971836, -86.90326191605784, -38.16819087547066, 64.22718162582454, 7.496939746241771, -92.72919408585012, -71.76911717990686, 95.36857234108427], [200.0, 0.0, 31.71970548686158, 49.90087551773823, -10.486965727458951, -16.822186586680267, -8.193436784171615, -10.804814925885653], [200.0, 0.0, 31.55450732083962, 26.095719766617176, -96.91520606796571, 0.5261907281337352, 38.89794922584886, -1.7939207547295721, 18.181301153322437, 0.7406812621463033, 15.968142272440922, 80.65808210297021], [200.0, 0.0, -70.00098439553284, 10.480689379188245, -51.75212810869778, 37.493803404500504, 8.171922235613094, 16.431532585432308, 95.14857651331319, 56.07257727428754, 89.8483704088183, 90.84977010870013], [200.0, 0.0, 23.454816517115297, -12.536601771007971, 28.564550844476557, -0.6863361891172204, 97.73959169304503, 69.46616547850411], [200.0, 0.0, -35.82615146250605, 51.84389695318865, 0.5719087021605507, 74.68380405912993, -98.88864355691005, -49.5638254410196, 22.836437143443476, 23.67267072077621], [200.0, 0.0, -15.704228061119885, 19.85294446514594, 99.05726850899383, -62.566939321429246, -73.97027957400553, -70.28306784907492, -37.21366231503167], [200.0, 0.0, -58.378184348365906, 75.71870962709495, -63.77875941424993, -51.34651372142187, -5.816514115570626], [200.0, 0.0, 24.978821321008482, -11.565788955269053, 62.86411009535775, -92.43920338938571, 41.07680090240924, -64.49085480754593, 66.99895018501803, -84.6933215722072, 53.52750840145792, -17.914249696607175], [200.0, 0.0, 75.88113184305125, 21.850564182022293, 64.3228214102927, -79.17816118125079, 35.2769639998499, -35.42101013883388, 25.33816129157025, -72.19066341438413], [200.0, 0.0, 17.09457109068495, 56.51218190346028, 32.99133701498553, 52.099838135581564, -55.62780575071886, -70.32358687771631], [200.0, 0.0, 40.92162046742065, 38.797744596810915, -78.42152922489754, 93.49794057766016, 19.182811983205927, 31.608273139052343, 58.10507555955502, 73.1934726579802, -99.91885192555831], [200.0, 0.0, -52.646598284728086, -28.997140563047164, 24.325773019859188, -25.87662652276301, 46.57956112107242, -91.50395912260964, 3.0600620107545495, 51.25773482773261, 18.242247978361338], [200.0, 0.0, -12.320469219862584, -77.1651162065865, -13.769838905797794, -11.472728232957174, -98.3449574299234, -42.58311656803302], [200.0, 0.0, 95.27250699238479, -10.88258763292329, 62.60261749811902, 27.102506134165893, -67.68408910517674, 0.6872436472337151, -40.13040595516746], [200.0, 0.0, -57.42700794748681, 83.98774649766357, -28.786905778982042, -61.11309563939249, 93.3460480880332, 92.02852186299819, -51.19885659697538, 26.04054343296147, -1.4276809234796906, 56.6706140836206, 93.46298548424934], [200.0, 0.0, -95.81489181827516, 50.112944393825366, 19.185358179527757, 6.607662965681449, 91.40330582893752, 50.04947004533244, 12.286764879556467, -16.653898523257425], [200.0, 0.0, 18.923714640146017, 91.36506774920721, 23.79427325554242, -65.96534697455179, -8.60341415734407, 84.0234022797894, -71.55999319994987, 67.36076239307201, 19.335826424623658, 52.76059064013916], [200.0, 0.0, -60.499845188631426, -38.5424547857911, 24.262080749788506, 83.78717011203132, 76.63496419440301, 88.65576344295916, -26.326290168138545], [200.0, 0.0, 42.64510873230607, -80.69304732421931, -44.46151743606368, 48.84313980437849, -46.963096670197466, -33.80135090495917, -33.528993685815145, -79.99027258216553], [200.0, 0.0, 57.72734080996311, 26.704093244774075, 20.392002346996605, -47.77479195458159, 22.23950717125307, -94.02484114436567, 68.37275496950667], [200.0, 0.0, 13.243439987197036, -67.19913256050565, -22.55418233151676, -44.86930753988234, 20.369113151935615, 68.43496806451878, -12.640167275670123], [200.0, 0.0, 64.55362732947818, -11.071610777898133, 52.77895960385843, 60.6416425548056, -47.465980999734136, -91.37741596617468], [200.0, 0.0, -63.28239991920888, 63.128026355226055, 36.13666456092935, 16.597198631919152, 76.10742467696528, -82.24015128226159, -98.87932730319339, 9.674877168259076]], "c": [4.665978184735707, 5.332451656891395, 5.042702120912531, 4.713490918706101, 5.2740501854044055, 4.922277095125483, 4.852440703133765, 5.298881824179609, 4.990572222925696, 5.306611650788364, 5.382048130523258, 5.455679063507365, 5.454178020421672, 5.068532826897566, 4.660755287951426, 5.4737337388427925, 5.11126260952548, 5.16478546258599, 4.721720763323285, 5.091732284864918, 5.383174283290353, 4.7278225051056095, 4.566644652884877, 4.824013030826717, 5.036850812094344, 4.755422700697916], "caves": [[1, 2, 3, 4, 5, 6, 7, 8, 9, 10, 11, 12, 13], [14, 15, 16, 17, 18, 19, 20, 21, 22, 23, 24, 25, 26]]}, "inst2": {"S": [[1, 2, 3, 6, 10, 11, 7, 5, 4], [2, 1, 4, 12, 6, 3, 8], [3, 1, 5, 10, 4, 6, 9, 12, 2, 13], [4, 2, 13, 3, 9, 8, 6, 7, 10, 1], [5, 3, 7, 9, 6, 12, 8, 1], [6, 1, 13, 7, 2, 11, 3, 4, 5, 10, 8, 12, 14], [7, 5, 8, 9, 11, 6, 12, 4, 10, 1], [8, 7, 4, 12, 11, 10, 2, 13, 6, 5], [9, 7, 5, 4, 11, 3, 13], [10, 3, 1, 11, 8, 7, 6, 4], [11, 7, 6, 9, 10, 8, 12, 1, 13], [12, 2, 7, 8, 3, 11, 5, 6], [13, 4, 6, 9, 8, 3, 11], [14, 6, 15, 17, 19, 25], [15, 14, 16, 17, 25, 23, 18, 19], [16, 15, 18, 22, 25, 19, 26, 23, 24], [17, 15, 14, 23, 18, 24, 21, 22, 26, 25], [18, 16, 19, 21, 23, 24, 17, 20, 15], [19, 18, 20, 24, 16, 21, 23, 15, 14], [20, 19, 18, 26, 23, 22, 24], [21, 18, 19, 23, 24, 17, 22, 26, 25], [22, 16, 26, 24, 23, 21, 17, 25, 20], [23, 18, 26, 15, 17, 19, 25, 24, 21, 22, 16, 20], [24, 19, 25, 22, 18, 23, 21, 17, 16, 20], [25, 16, 15, 24, 23, 22, 21, 26, 14, 17], [26, 23, 22, 16, 20, 21, 17, 25]],