{"inst1": {"S": [[1, 2, 6, 8, 5, 10, 12, 7, 9, 4, 3], [2, 1, 3, 4, 7, 6, 8, 10, 11, 12], [3, 2, 5, 13, 10, 11, 1, 8], [4, 2, 7, 10, 11, 13, 9, 12, 6, 1, 5], [5, 3, 1, 8, 6, 12, 11, 4], [6, 1, 9, 12, 8, 2, 5, 4, 10], [7, 4, 13, 11, 1, 12, 10, 2, 8], [8, 1, 9, 6, 2, 5, 7, 10, 3, 14], [9, 8, 10, 6, 4, 1], [10, 4, 12, 9, 1, 13, 7, 3, 2, 8, 6], [11, 4, 12, 7, 3, 2, 5, 13], [12, 11, 10, 1, 6, 7, 4, 5, 2], [13, 7, 4, 10, 3, 11], [14, 8, 15, 19, 17, 21, 23, 24, 20], [15, 14, 16, 17, 18, 23, 25, 26, 24, 22], [16, 15, 21, 18, 20, 24, 26, 23, 22, 17], [17, 15, 24, 14, 23, 25, 20, 18, 22, 26, 16], [18, 15, 20, 16, 21, 22, 24, 17], [19, 14, 20, 22, 26, 24, 25], [20, 19, 23, 18, 16, 17, 21, 25, 14], [21, 16, 25, 18, 14, 23, 26, 20], [22, 19, 26, 18, 23, 25, 17, 15, 16], [23, 20, 15, 17, 21, 22, 14, 16, 24], [24, 17, 25, 19, 18, 16, 15, 14, 23], [25, 21, 24, 26, 17, 15, 20, 22, 19], [26, 19, 22, 25, 21, 15, 16, 17]], "f": [[200.0, 0.0, -9.717049246146825, -29.964383247040473, -67.30086126257757, 18.531088521757223, -49.65059317154468, 29.36890350015158, 66.72566780370657, -41.82788406871938, -71.4950831276645, -56.300535614886456], [200.0, 0.0, 27.778073659755798, 24.967364040991825, -74.34153640105572, 49.97806110238623, 16.0296912210933, 1.284190923264239, 13.613069265596977, 30.520045101369007, -27.119378021640216], [200.0, 0.0, 17.691275573683107, 41.21937995345433, -61.415826998360544, -54.87910629572084, -3.886822329823736, -24.16885179200272, 89.32570103461921], [200.0, 0.0, -30.076603516721654, 1.5448654028332953, -87.23124193742832, -48.63227656750788, -46.992581490490196, 73.72429882979365, -71.93947786112456, -92.47662667735568, 1.8485700443160669, -41.66754600955698], [200.0, 0.0, 90.00642055481218, -90.4118683657992, 15.610242897559857, -6.402554814171291, -0.8605535854182333, 48.17367944077311, -43.014553327342966], [200.0, 0.0, -82.68665670095902, 51.22219822667018, 43.75689312785296, 80.87361593887937, 77.00578488729938, 89.3975536882283, 23.83001470215951, 99.95925413376028], [200.0, 0.0, -41.190130234646126, -41.14623923981438, 15.402667980430618, -50.27647496155219, 34.8633628260536, -76.23810953648871, 54.31073296526008, 76.76384261677494], [200.0, 0.0, -8.96295002178229, -73.14057149076099, -59.57941041676755, -17.028084764953945, -74.64074470082991, 37.945766193414656, 92.41502277546265, -4.889521646374306, 47.90146663811945], [200.0, 0.0, -35.725005347522924, 63.88984999778942, 12.501491181114076, 98.12011509465783, 42.822403090464924], [200.0, 0.0, -36.810084044825665, 33.27637460800412, -34.80873324429496, 10.403250581957346, -34.68976745692351, 93.88860153579215, 99.80006373711407, 19.544629840614512, 4.215225873662698, 98.14285505103928], [200.0, 0.0, -11.497342592294624, 96.54789229645874, 56.45152491509995, -59.72748299120334, 21.094565542555664, -83.22089890414065, -68.550347660325], [200.0, 0.0, 96.04700692287575, 49.014579707268254, 45.78158830764922, -65.10639874994686, 42.099804975634704, -50.99125180695698, -84.8066565735307, 6.278857082052713], [200.0, 0.0, 34.297157836736126, -25.632798825586622, -0.5513950981983484, 70.47120499553175, -54.39985120325104], [200.0, 0.0, -5.283093733614508, 52.19185509212505, 70.82792677343335, 59.90880806540764, 7.39068203479718, -95.07939585170064, 79.32728921250072, 76.03616778422426], [200.0, 0.0, -6.662252288483206, -25.843367921530724, 63.39136119224982, -69.75596318899085, 8.967823999380254, 37.50066774629883, 30.419169153225933, 64.23342603560565, 90.92008055650977], [200.0, 0.0, 15.701908447498703, -27.049081267629017, 35.263608878276465, -64.78145082565486, 75.99247409391833, -64.02434405428679, 57.32401281991297, 8.440265095279065, 88.88016701267706], [200.0, 0.0, 5.414159863938295, 88.2768604299154, 81.4887059699096, -2.322509181510246, 16.45442687479637, -79.02228584520073, -63.975996367779, 38.606640237063885, -33.520286765363096, -60.320250518009246], [200.0, 0.0, -37.87853012985774, -13.285915590751852, -13.992282356163543, -78.53633329932215, -28.401828610203374, -96.86983846107317, 38.24415686965732], [200.0, 0.0, -96.43502793554914, -83.68823724582735, 23.063094704545463, -87.51123528470184, -35.178175963304014, -38.70035273588404], [200.0, 0.0, -57.14926145461365, 44.25459276930428, -39.392970458843955, -93.004664201161, 80.11276236811563, -32.17333750008895, 14.955295394388358, 12.586706664394454], [200.0, 0.0, 59.450089716168634, 82.14685750628301, 1.8619440047012104, 96.7775424699513, 89.07615242722675, -81.58531482881055, -67.18946461887482], [200.0, 0.0, -0.6436498209142494, 84.68840992836373, 98.12615276706703, 51.4918664516159, 2.5214883288718237, 27.058528557318496, 5.24253353613513, -63.220273767753895], [200.0, 0.0, 67.59598681510349, -61.6607378165231, -30.44686372365777, 3.3978159718253798, 61.11338560430186, 60.071432968634554, 64.26636255799805, 41.880204465340555], [200.0, 0.0, -57.34421232404734, 93.4859910300911, -41.548340734255284, 14.453482512241656, -99.50809806980996, 68.61894971763559, 75.2715448226371, -88.15147782916337], [200.0, 0.0, 45.53088451804328, 29.346487985454473, -96.0533737540837, -52.11129686869149, 11.210341336858075, 56.66541893875476, -23.803441933915902, 4.833102674134815], [200.0, 0.0, -75.53928318312329, 55.39553239083115, -49.08924394697751, -20.172556866977654, 2.148314451761424, 16.933041788114057, -0.13715425077249765]], "c": [4.583010698784367, 4.627516835076494, 4.657892912985557, 4.994865255005334, 5.315312367848892, 5.144383879948199, 4.565304516608984, 4.6199530911885525, 5.018364814019517, 4.580099797032358, 4.682036897290724, 4.663177663909612, 5.064147764912976, 4.5634948871884236, 5.285036326309363, 4.76816836179646, 5.351535281312112, 4.763111101806589, 5.451579365885048, 4.852526418584464, 4.893567728911563, 4.8152188885636145, 4.5990470660605025, 4.789075546028572, 4.840507970902279, 4.970825967485245], "caves": [[1, 2, 3, 4, 5, 6, 7, 8, 9, 10, 11, 12, 13], [14, 15, 16, 17, 18, 19, 20, 21, 22, 23, 24, 25, 26]]}, "inst2": {"S": [[1, 2, 3, 4, 8, 9, 10, 13, 7, 6], [2, 1, 9, 5, 3, 11, 8, 13, 7, 12], [3, 1, 5, 10, 12, 2, 9, 13, 7, 6, 11], [4, 1, 6, 9, 13, 8, 14], [5, 3, 2, 6, 8, 13, 9, 10, 7], [6, 4, 7, 5, 8, 9, 12, 3, 1, 11], [7, 6, 9, 3, 2, 1, 5], [8, 1, 5, 2, 10, 6, 4, 11, 9], [9, 1, 11, 4, 2, 7, 3, 6, 5, 8, 13, 10], [10, 3, 12, 8, 1, 5, 13, 9], [11, 9, 13, 2, 8, 6, 3], [12, 3, 10, 13, 6, 2], [13, 11, 12, 2, 3, 4, 5, 1, 9, 10], [14, 4, 15, 16, 18, 22, 25, 17, 23, 20, 21, 19], [15, 14, 17, 24, 26, 19, 20, 23, 25], [16, 14, 19, 20, 26, 21, 22, 17], [17, 15, 23, 14, 20, 19, 25, 26, 18, 16], [18, 14, 19, 20, 26, 17], [19, 18, 25, 15, 16, 17, 23, 26, 14, 22, 24, 21], [20, 18, 21, 22, 24, 16, 17, 25, 26, 14, 23, 15], [21, 20, 25, 23, 14, 16, 19], [22, 20, 14, 25, 26, 19, 16], [23, 17, 19, 14, 21, 24, 20, 15, 25, 26], [24, 15, 20, 23, 19], [25, 19, 14, 22, 20, 21, 17, 23, 15], [26, 15, 18, 20, 22, 19, 16, 17, 23]],