{"inst1": {"S": [[1, 2, 4, 5, 6, 12, 13, 3], [2, 1, 3, 7, 5, 6, 9, 10, 4, 13], [3, 2, 9, 12, 5, 11, 4, 6, 1], [4, 1, 8, 13, 9, 10, 5, 3, 7, 2], [5, 1, 6, 10, 3, 4, 2, 8, 12, 11], [6, 5, 1, 2, 13, 3, 10, 11, 9], [7, 2, 9, 13, 4, 12], [8, 4, 11, 9, 12, 5, 10, 14], [9, 3, 12, 4, 8, 7, 2, 10, 6, 11], [10, 5, 4, 12, 11, 9, 13, 2, 6, 8], [11, 8, 13, 3, 10, 5, 6, 9], [12, 9, 8, 3, 1, 13, 10, 5, 7], [13, 4, 11, 6, 12, 1, 7, 10, 2], [14, 8, 15, 25, 22, 17, 20, 26, 21, 19, 16, 24], [15, 14, 16, 17, 20, 26, 24, 25, 18], [16, 15, 18, 23, 24, 22, 21, 20, 14, 17], [17, 15, 14, 22, 21, 25, 19, 16], [18, 16, 19, 20, 23, 25, 15], [19, 18, 21, 20, 17, 25, 14, 24], [20, 15, 26, 24, 19, 14, 18, 16, 25], [21, 19, 22, 23, 17, 24, 25, 16, 14], [22, 21, 24, 14, 17, 26, 16, 25], [23, 16, 24, 21, 25, 18], [24, 22, 23, 20, 21, 15, 16, 25, 26, 14, 19], [25, 14, 17, 21, 15, 23, 24, 18, 19, 26, 22, 20], [26, 20, 15, 22, 14, 24, 25]], "f": [[200.0, 0.0, -54.8053105243989, 41.2540828813017, 98.62468356853813, 83.2224868771619, 75.27493153825662, 32.966309043168266, 23.463934720499257], [200.0, 0.0, 6.2757789856751955, -16.633630909903996, -87.76060449016848, -79.20533194071851, 50.39609792324573, -65.86173532979657, -5.077052449333919, -65.03666802324115, -36.988922818236006], [200.0, 0.0, 7.140370525362449, 84.02939785021022, -89.27282524299945, 98.821711966835, -66.70417901387249, -78.18825540815651, 43.97822638355298, 36.8716573251298], [200.0, 0.0, -11.585132591020631, -60.945648169110434, 56.70138195508023, -64.27066457930428, -97.87805839094577, 50.37750243861352, -44.506591497884784, 33.626766740348636, 70.35787250893588], [200.0, 0.0, 54.73441506508545, -90.4571381668808, -41.74836694841429, -74.76965906800032, 21.697936570247144, -11.021882425053908, 83.81389167426401, -71.1971157664937, -78.412297917966], [200.0, 0.0, -74.16360618173152, 50.20786653832252, 21.789685029119, 69.30115424872496, -47.445154107770726, -31.592530746795532, 19.428939984240714, -60.89540731690113], [200.0, 0.0, -93.74704848047566, -38.75650446902703, -93.13733188157623, -66.12715466385862, 96.9819693494582], [200.0, 0.0, -89.38379838284149, -42.45083859353986, 87.84255630832425, -75.42886423353674, 11.07102126388282, 65.78852410974092, -85.71667571403252], [200.0, 0.0, -17.410473914764534, -80.47586795449462, -14.568216859190608, 85.46520268216393, 69.66780552081968, -32.10201789510088, 16.345286451413177, 16.459779700597554, -42.6866655324839], [200.0, 0.0, 18.84802319623904, 78.99366581273351, -55.65168310888535, -16.936987931290638, -7.6548297939701415, -78.37962945591919, -68.08269548453654, 90.16245124140706, 64.54957559724991], [200.0, 0.0, 57.872092797628305, -74.74922305701041, 65.80803991154296, 83.09847668367509, -79.90646236459307, -7.188095869614486, 22.327969097751566], [200.0, 0.0, 14.573364074261974, -33.32825024662509, 6.389429083542164, -92.86008554994432, 9.035611707605561, 65.53230181592566, 77.78358911642285, 46.450645461613725], [200.0, 0.0, -86.37640217992735, 13.135024206818247, 83.54107287315713, -80.26298848701828, 70.23991518793696, 75.25335290484281, 18.91469322947752, -46.690928943439204], [200.0, 0.0, -38.16417338335037, -88.40828177784057, 91.79430869005452, -61.962515366618206, -16.614563118644774, 38.45402527638342, -62.95711156879968, -52.64004134372535, 65.08675256371362, -13.714852965873025, -0.837339866994613], [200.0, 0.0, -52.372414527601194, 56.10925994623981, -10.929851840507832, -97.21000135053488, 3.622189248211294, 97.77264144255557, -11.393059836660434, -78.53006965797856], [200.0, 0.0, -92.97346909449196, -81.19130330513894, -11.053979362995747, -72.60840361217389, -3.854521955312662, 79.3339451303912, -10.008162649840791, 3.2846370091686783, -77.83587249067114], [200.0, 0.0, 49.11979594636353, 79.88194769709638, 58.11092462241936, 46.588483215536215, 92.85026232577405, 41.278218990913615, -98.93667956991696], [200.0, 0.0, -87.25893930081222, 94.49933855265454, -81.44595229921705, -18.648522536542565, 34.16505366512788, 10.867248328268374], [200.0, 0.0, 82.9647718992645, 77.66815414978016, -51.22040800116279, 35.01328233740786, 23.05996855616115, -18.790053823200314, 58.56752580015468], [200.0, 0.0, -6.033957285095504, -38.20322299130336, 78.87365086363536, 44.41359906025, -27.710700593676485, 83.01080359088569, 40.94949222883297, 69.6265401426354], [200.0, 0.0, -68.60818569658989, 11.763487203994206, -50.09877994085643, -35.27717908736017, 22.849998410391038, -56.656241755818336, 49.768539603873194, -13.714822456997734], [200.0, 0.0, 22.225376949606137, 9.699875571827521, -71.31914122524546, 18.380428593361174, 74.91773257427703, -81.11022082055777, -84.6680056807994], [200.0, 0.0, -64.37916128497021, 75.37675540863906, 22.985269630141403, 47.39749047056377, 85.15091917259842], [200.0, 0.0, -95.53646478198836, 66.99691078273563, -3.781318186950089, 81.63711098676319, 27.57340941101807, 75.08854790486035, 68.14638246068272, 5.108296775349097, -46.5081674035214, -96.80597692012081], [200.0, 0.0, -25.007989511887054, 98.22263172119857, 94.94746573562436, -94.3957133803902, 83.32190052958639, -11.628025041809442, -38.11045135879753, -8.05510690962128, -94.94744222947273, 19.647481869920824, 10.45452296921432], [200.0, 0.0, -55.50785375154717, -30.996721948793727, -57.542501341454866, -4.112288754516857, -78.52131774675154, 50.831996680022165]], "c": [5.407854548368281, 4.557468929223364, 5.313736956883901, 5.158426163964882, 4.773300410548646, 4.616923390512834, 4.691599460048556, 5.283379128008039, 4.843001237920686, 5.054513924070939, 4.672498880273294, 5.4873349409392755, 4.582200978890164, 4.611481081701946, 4.98801123470464, 5.194928484422608, 5.185637986633104, 4.949384248596408, 5.388503730923044, 4.82388335155853, 5.254833698746341, 4.930894757073262, 5.364521461579689, 4.658581590034477, 4.789719284778643, 4.950884567110638], "caves": [[1, 2, 3, 4, 5, 6, 7, 8, 9, 10, 11, 12, 13], [14, 15, 16, 17, 18, 19, 20, 21, 22, 23, 24, 25, 26]]}, "inst2": {"S": [[1, 2, 4, 13, 10, 5, 12, 6, 11, 14], [2, 1, 3, 5, 12, 9, 6, 7], [3, 2, 12, 13, 5, 8, 6, 10, 11, 7], [4, 1, 6, 8, 9, 12, 5, 7, 10], [5, 2, 7, 3, 4, 11, 6, 1, 13], [6, 4, 3, 12, 2, 5, 13, 1, 11], [7, 5, 10, 12, 2, 4, 3, 11, 8], [8, 4, 3, 13, 11, 7], [9, 4, 11, 10, 2, 12, 13], [10, 7, 9, 13, 3, 1, 12, 4], [11, 9, 12, 5, 8, 3, 7, 13, 1, 6], [12, 3, 2, 4, 11, 6, 7, 10, 1, 9, 13], [13, 3, 10, 8, 1, 6, 9, 11, 5, 12], [14, 1, 15, 16, 18, 19, 20, 21, 23, 25, 22, 24], [15, 14, 22, 18, 25, 23, 20, 24, 26], [16, 14, 17, 19, 18, 22, 25], [17, 16, 24, 25, 18, 22, 26, 20, 19], [18, 14, 17, 16, 15, 21, 26, 19, 20, 22], [19, 14, 23, 16, 18, 26, 20, 22, 17, 21], [20, 14, 26, 24, 25, 18, 17, 23, 19, 22, 15, 21], [21, 14, 22, 18, 23, 20, 19], [22, 21, 15, 16, 14, 17, 18, 19, 20, 26, 25], [23, 19, 25, 14, 15, 21, 20], [24, 17, 20, 14, 15], [25, 17, 23, 20, 14, 26, 15, 16, 22], [26, 20, 25, 18, 19, 17, 15, 22]],