{"inst1": {"S": [[1, 2, 3, 5, 8, 11, 12, 9, 6, 7], [2, 1, 7, 3, 4, 8, 9, 11, 13], [3, 1, 4, 2, 12, 8, 6], [4, 3, 6, 2, 12, 8, 5], [5, 1, 12, 10, 8, 9, 6, 4], [6, 4, 7, 9, 13, 10, 8, 1, 5, 3, 14], [7, 6, 10, 2, 9, 1, 8], [8, 1, 10, 9, 2, 5, 6, 12, 4, 11, 3, 7], [9, 6, 11, 12, 8, 2, 10, 5, 1, 7, 13], [10, 7, 13, 8, 5, 6, 12, 11, 9], [11, 9, 1, 13, 10, 12, 2, 8], [12, 5, 3, 9, 10, 11, 1, 4, 8, 13], [13, 6, 10, 11, 12, 9, 2], [14, 6, 15, 16, 18, 21, 24, 26, 19, 22, 23, 17], [15, 14, 21, 24, 23, 20, 18, 17, 19], [16, 14, 17, 20, 24, 23, 26, 21, 22], [17, 16, 24, 19, 22, 25, 21, 15, 18, 14], [18, 14, 19, 22, 20, 21, 25, 24, 26, 15, 17], [19, 18, 17, 26, 14, 21, 15, 23], [20, 16, 21, 25, 22, 18, 15, 24], [21, 15, 22, 20, 14, 18, 17, 19, 16, 26], [22, 21, 23, 18, 20, 17, 14, 25, 16, 26], [23, 22, 15, 16, 14, 19], [24, 15, 25, 26, 17, 14, 16, 18, 20], [25, 24, 20, 17, 18, 22], [26, 24, 19, 14, 18, 16, 21, 22]], "f": [[200.0, 0.0, -96.58706648661517, -70.82402252711158, -33.135571473484404, -18.64782996166352, 97.34524006790161, 11.81678154878616, 16.519825632119133, -28.797647791580495, 94.80171845458705], [200.0, 0.0, -94.99366884308546, -38.456065863522014, 81.33849488735653, -30.659466806842328, 87.93005724825775, -82.62455260627833, 19.39508118468307, -5.5767147807887385], [200.0, 0.0, 73.65595927522915, 28.589740284834075, -77.77790918240852, 68.9063792690138, -67.33252266994153, -43.67773240313575], [200.0, 0.0, -64.94760724614767, 16.83539658195954, -41.01641446363258, 77.9542233873741, -27.71467820919089, -32.22921845108251], [200.0, 0.0, -29.249626338691126, -9.484517051493224, 54.28044161981349, -30.08404859825715, -15.643728952194525, -44.97249088895332, -52.95244101570182], [200.0, 0.0, -66.63871981874327, 40.2356042944765, 90.31116698398287, -44.319330904018095, -24.284881236054613, 1.5460798362538997, -86.00306671582354, 63.07832463147376, -75.68741311830954, 40.18545917913971], [200.0, 0.0, -10.825387162166056, 8.225421331672788, -53.84024675884276, 40.808363166080696, -73.29387900096724, -61.013946514057025], [200.0, 0.0, -61.80661601470576, 54.188319402891906, -8.874459481688035, 1.9133208250373013, -41.38955762109451, -34.7189260286372, 77.11682235864635, 61.99993510339616, -90.67224252076558, 1.8208982471200619, 82.88828207046113], [200.0, 0.0, -34.334775404844905, 96.34135464197857, 61.291882215834946, 54.21697271827293, 88.76719175611625, -56.821901983607084, -37.68088017142279, -73.33189676959944, 47.89217859933758, 93.44712241577575], [200.0, 0.0, -32.55492901529276, -67.65040151460686, 7.340856051209377, -89.0968338992774, 12.938675954163624, -33.34842981626838, 9.097394890785516, 89.51435662827801], [200.0, 0.0, -32.08851665902759, -39.059082015446876, -92.20037815873555, -37.521649218569685, -49.99932912467631, -66.60701202204112, -17.39159075874399], [200.0, 0.0, 81.66512786434288, 22.012957946230504, 99.99119721666112, -37.002300468597696, 6.098619506554215, -11.880081088888716, -76.44373219568119, 52.55739407604993, -8.272552981652304], [200.0, 0.0, 73.60731610108601, -84.52053052393617, 86.13493693475229, -99.06885267148186, -5.18605311839031, -2.613606931482648], [200.0, 0.0, -24.992159049774788, -59.05201034146441, 16.241328674372845, 64.24731499648556, -86.28298930331337, -73.43731431331291, 8.279717402386645, -3.9150128526992845, 50.63886644662618, 44.35741140647691, -6.158060927195508], [200.0, 0.0, 7.05732057152586, 9.885584106245737, 97.94543700961746, -89.51716925235931, -30.83937097235083, 45.006295179401555, 93.28688255007455, -49.6474192806831], [200.0, 0.0, -31.296829277265847, -12.647336985169888, -56.09457426900839, -69.91410703759246, -20.661865715620074, 54.637609998725445, 23.215921910317363, 96.97563207234722], [200.0, 0.0, 30.02363314900014, -76.49682908848597, -6.751052335383334, -74.86584101612593, 33.376292502629454, -86.79448679108452, 41.49466151444163, 0.6720767238787451, 61.867284656929634], [200.0, 0.0, 20.306711489198072, -40.78129279733047, -7.879296312869588, -7.93990820621695, 10.120897375037252, 54.145675353095555, 69.42426157267991, 72.85532035091926, -26.306913547443077, -44.0757922747302], [200.0, 0.0, 0.6297581083036352, -70.59879967916451, 94.0524521349893, -83.19472050855454, -55.94753126736971, 99.68317132377594, -49.7495303200995], [200.0, 0.0, -61.67618167008686, -41.58201867254594, -77.41474041176015, 68.96533478451244, -71.8733718511622, 35.92794104428696, -95.72332896137806], [200.0, 0.0, -81.2704365634193, -54.581351507040175, -5.901687346108253, 52.81718725690088, -55.29343295136755, 61.359955955144294, -22.382120183518616, -44.17070974956088, -64.58152749147898], [200.0, 0.0, -22.741395038315094, 56.88173086401833, 44.62089335393324, 16.473047048549994, -87.90435664357177, 80.23976776688436, -30.442989285510038, 14.292059716471428, -80.66663436210848], [200.0, 0.0, -42.411935217362796, 76.0286878983723, -62.89055549394747, -14.370340970920203, -89.40222653961895], [200.0, 0.0, 48.10561274650955, 60.41255356229278, 95.571543590268, 73.91084729958253, 40.841972970401685, -81.87315227263463, -92.9876999747238, 45.445273461985146], [200.0, 0.0, 53.87880027175353, 12.85041867462764, 91.63998952505406, 60.047973750859086, 71.92535402027602], [200.0, 0.0, -63.26040323993638, -36.59106357777622, -29.502958647573774, -63.523953113675134, -33.67143334303391, -33.16304531759309, 83.54888364625405]], "c": [5.127671999115792, 4.888094249745364, 4.662982648184446, 5.197022815597993, 5.389555307968116, 4.50584695382851, 4.957382560406827, 5.137440463391165, 5.269815914451132, 4.604713358755669, 5.079000993492062, 4.803668191816085, 5.250139968062125, 5.121877757442914, 5.137114189126417, 4.956789467842675, 4.8886248939103085, 4.57122892542245, 5.223144091468542, 4.52740113121416, 4.528648408873881, 5.472555534755974, 4.916165508161107, 4.664460327134612, 5.335196839294624, 4.960123803360945], "caves": [[1, 2, 3, 4, 5, 6, 7, 8, 9, 10, 11, 12, 13], [14, 15, 16, 17, 18, 19, 20, 21, 22, 23, 24, 25, 26]]}, "inst2": {"S": [[1, 2, 3, 11, 13, 12, 4, 7, 9], [2, 1, 7, 8, 13, 6, 10, 9], [3, 1, 4, 5, 6, 12, 8], [4, 3, 10, 1, 7, 12, 5, 9, 6, 14], [5, 3, 10, 12, 6, 13, 11, 4], [6, 3, 9, 5, 7, 8, 2, 13, 4], [7, 2, 12, 6, 8, 4, 11, 1, 13, 10, 9], [8, 2, 9, 7, 6, 12, 10, 3], [9, 8, 10, 6, 13, 11, 2, 1, 4, 7], [10, 5, 9, 4, 2, 8, 11, 7, 12, 13], [11, 1, 9, 7, 5, 10, 12], [12, 5, 7, 13, 1, 3, 8, 4, 10, 11], [13, 1, 12, 2, 9, 5, 6, 7, 10], [14, 4, 15, 16, 17, 24, 19, 23, 26, 20, 21, 22], [15, 14, 22, 16, 23, 17, 19, 18, 25], [16, 14, 20, 23, 15, 19, 18], [17, 14, 18, 25, 20, 15, 26, 24, 23], [18, 17, 19, 20, 16, 22, 26, 15], [19, 18, 14, 20, 16, 22, 15, 21, 25], [20, 16, 21, 19, 17, 24, 22, 25, 18, 14, 26], [21, 20, 26, 24, 14, 19, 23], [22, 15, 20, 25, 19, 24, 26, 18, 14, 23], [23, 16, 14, 15, 24, 25, 17, 21, 22], [24, 14, 26, 20, 23, 21, 22, 17], [25, 17, 26, 20, 22, 23, 19, 15], [26, 24, 21, 25, 14, 17, 20, 22, 18]],