{"inst1": {"S": [[1, 2, 3, 6, 10, 11, 7, 4, 8, 12, 5, 13], [2, 1, 4, 10, 13, 11, 12], [3, 1, 7, 11, 8, 4, 10, 5, 12, 14], [4, 2, 5, 8, 9, 12, 7, 10, 3, 1, 13, 11], [5, 4, 13, 10, 9, 3, 1, 12], [6, 1, 13, 11, 9, 10, 8], [7, 3, 1, 4, 10, 9, 11, 12], [8, 4, 10, 3, 1, 6, 9], [9, 4, 5, 10, 7, 6, 8], [10, 1, 8, 5, 2, 4, 12, 3, 9, 7, 6], [11, 3, 1, 6, 12, 7, 13, 2, 4], [12, 4, 10, 11, 1, 7, 3, 2, 5, 13], [13, 5, 6, 2, 11, 4, 1, 12], [14, 3, 15, 19, 26, 24, 25, 18, 22, 23, 20], [15, 14, 16, 22, 24, 17, 21, 19], [16, 15, 17, 21, 22, 26, 18, 19], [17, 16, 18, 22, 21, 20, 15, 25], [18, 17, 23, 25, 14, 24, 16, 21, 19], [19, 14, 20, 21, 25, 24, 15, 16, 18], [20, 19, 21, 25, 23, 17, 22, 14], [21, 16, 23, 24, 20, 17, 25, 19, 22, 26, 18, 15], [22, 17, 26, 15, 16, 21, 24, 20, 14, 23], [23, 21, 25, 18, 20, 24, 14, 22], [24, 21, 26, 14, 15, 18, 22, 23, 19], [25, 23, 21, 18, 20, 14, 26, 19, 17], [26, 14, 24, 22, 16, 25, 21]], "f": [[200.0, 0.0, 57.07396046915545, -49.82771276058979, -39.426037139103066, -22.35718152941617, 75.77542082733872, 74.79580459413681, -15.016622888024678, -63.11625106955103, -97.15480416735012, -44.20939978091394, -83.65412310197343], [200.0, 0.0, -16.08903125847949, 8.858310021526128, -61.844441354254734, 79.36251505151557, -93.72306460088578, -80.4613815880721], [200.0, 0.0, 80.72475390014762, -82.44008249863144, -91.19802668336483, -85.39294263812988, 12.36321572447423, 89.24490149109947, -98.8774803927019, 82.10044528238339, -97.33075976376189], [200.0, 0.0, -15.487382417245389, 51.85220915115005, 15.209728536927592, 49.763281279209394, 49.02617336273434, -2.8494010261695735, 40.59009363274038, -63.618768824821025, 23.457853432329824, 63.23812840104743, -78.11452284952179], [200.0, 0.0, -38.40845502104791, -55.27000666608226, -5.810879379665379, -33.13005835335075, -14.626500852497081, 89.25863952221053, -84.8160425818173], [200.0, 0.0, 84.87876378668997, -73.92585999203112, -5.9576376780115625, -58.84162003279616, 25.694709261524416, 62.850730442924], [200.0, 0.0, 74.00878090326273, 85.18549640612466, 45.393959403739316, 47.365384731952, -66.1492202510482, 22.021875371278288, 15.446595224433256], [200.0, 0.0, 45.49398075846391, -61.16317235075866, -6.112518251170207, 6.3069155703393776, 40.70650678143297, 42.053875730272175], [200.0, 0.0, 94.21087020612843, 30.580870546703174, 76.49408740257432, -94.60468189137059, 1.1267380672234317, 92.53114386989199], [200.0, 0.0, 75.40504387695267, 24.70288484654557, -99.14012965885881, 51.21900047282581, 68.23618531500682, 45.24517509982648, -47.48779961995986, -41.51057472222695, -6.653513196180261, -72.37694982029745], [200.0, 0.0, -62.58797759131232, -21.92687343458544, -80.92723967742943, -90.98462016102211, -55.96118518903066, 15.516641665817655, -98.11129913270702, 91.03221111418067], [200.0, 0.0, 95.00333264099395, 5.6411689680432975, 36.14073747059523, -3.2311501924856767, -88.05481309021725, -3.716194112853999, 24.38849532394243, 39.19132605709677, 13.316276615027434], [200.0, 0.0, -5.657103037927791, 25.852582302628726, 28.935517581085456, 25.193043959740002, 81.11444027092813, -10.478209634827662, 70.58662112453644], [200.0, 0.0, 36.65073677424966, -30.772733057364164, -34.43038263784275, 49.08602700954914, -98.92896494398325, -97.78938940212755, 20.839613226573928, 14.69444334782606, -60.596076242223404, 67.50961239246396], [200.0, 0.0, -48.73186280472033, 20.519203502100147, 27.418679657981528, -17.88650588662808, 78.20795297563731, 58.28404180821194, -62.05177278749399], [200.0, 0.0, -12.335078044028535, 73.08669795704131, 55.33288498344153, 96.39556471994652, 35.714476528670545, -10.767751810659254, -20.146947634957122], [200.0, 0.0, -80.49173026562822, 80.11948991408488, -75.43728315680936, 12.149675930615489, 48.244070822357756, 35.69175074461324, 91.50705249291306], [200.0, 0.0, 93.81005900436645, 64.65875779191039, 91.74570701898513, -26.772330243413055, 76.57053689414977, -80.7324478187986, 8.97239086489341, 50.96830298127284], [200.0, 0.0, -71.35895972642719, -20.87876510948792, 49.06306982253794, -37.112345709675346, -44.61984252468027, -91.71585713164787, -20.119366426740616, 84.05346187862159], [200.0, 0.0, 98.35233753469971, 97.15636382810548, 95.46640912576305, 73.62587829845766, 78.70807851859085, -33.9600238739477, -79.93299193025325], [200.0, 0.0, -90.30263206384106, -4.03048999869402, 10.683718905520866, 48.6140800189798, 30.832298398042823, 32.63959429239372, 31.015710639030168, 90.05195961965843, -9.16670507361994, 17.884407768346456, 7.199412798553295], [200.0, 0.0, 61.43315322339254, -63.58835289607669, -38.25337538251781, -5.35934808969849, -69.94307171637728, 59.39799561993533, -92.44748160738227, 68.54475808370033, -20.902519345852653], [200.0, 0.0, -91.58113681983488, -55.15510384827282, -43.08045436836154, -16.14176407468357, 64.67253335517411, -62.42338008235295, -76.51753643495876], [200.0, 0.0, 83.59194700923807, 28.047183420499344, 95.77684256626998, 18.40421027813688, -96.22587815006216, -61.62982136387141, -80.94649985049318, -13.480657665573116], [200.0, 0.0, -58.724286279095715, 75.1966012221732, -46.53358081372385, -21.34089389675249, 46.218980321035616, 77.7251241392731, 72.89814685996012, -31.26345876271874], [200.0, 0.0, 20.13860295668937, -88.7599754004214, -50.02506620000984, 16.41925235426975, 68.61061192010796, -51.55223837923679]], "c": [4.586771324874841, 4.5918367265014615, 5.044362527771178, 5.2379483456561235, 4.616496440885476, 4.910521959786635, 4.951188623015932, 5.222483542855103, 5.272703848348888, 4.534081503008652, 4.669402964808001, 5.087424530375163, 5.396527810210957, 4.622709699619518, 4.719121963422703, 4.745470256601735, 4.6383847150272315, 4.825551692091084, 5.422546652462957, 5.335517758363417, 4.930796325998024, 5.407955658514851, 4.782765525607613, 4.9643722160358, 5.084953513438822, 4.539067882357469], "caves": [[1, 2, 3, 4, 5, 6, 7, 8, 9, 10, 11, 12, 13], [14, 15, 16, 17, 18, 19, 20, 21, 22, 23, 24, 25, 26]]}, "inst2": {"S": [[1, 2, 3, 4, 6, 13, 11, 8, 9, 10, 7], [2, 1, 5, 9, 13, 4, 3, 8, 10], [3, 1, 9, 4, 2, 10, 5, 12, 7, 6], [4, 1, 3, 12, 13, 2, 5, 10, 7], [5, 2, 10, 11, 4, 7, 3, 8, 12], [6, 1, 7, 9, 11, 10, 3], [7, 6, 8, 13, 4, 11, 5, 3, 1], [8, 7, 10, 13, 1, 11, 12, 2, 5, 14], [9, 2, 11, 3, 13, 6, 1, 12, 10], [10, 8, 5, 1, 4, 6, 3, 2, 9], [11, 9, 12, 1, 6, 8, 5, 13, 7], [12, 11, 4, 8, 9, 3, 5], [13, 2, 9, 1, 4, 8, 7, 11], [14, 8, 15, 17, 26, 16, 19, 18, 24, 22, 21, 20, 25], [15, 14, 16, 23, 26, 18, 21, 24, 19, 22], [16, 15, 18, 19, 25, 22, 14, 24], [17, 14, 18, 19, 26, 20], [18, 16, 20, 22, 24, 17, 23, 25, 15, 14], [19, 16, 20, 23, 14, 17, 22, 15, 24, 26], [20, 18, 21, 23, 19, 14, 24, 17, 22], [21, 20, 22, 25, 15, 14, 24], [22, 18, 16, 21, 24, 26, 14, 19, 20, 15], [23, 20, 24, 15, 19, 18, 25], [24, 23, 25, 18, 22, 16, 15, 14, 20, 21, 19], [25, 16, 24, 26, 18, 21, 23, 14], [26, 14, 25, 15, 22, 17, 19]],