{"inst1": {"S": [[1, 2, 8, 6, 10, 9, 4, 13, 7], [2, 1, 3, 7, 11, 8, 10, 4, 13, 6], [3, 2, 4, 5, 7, 9, 6, 10, 12], [4, 3, 6, 10, 9, 7, 1, 2, 5], [5, 3, 9, 11, 10, 12, 8, 4, 14], [6, 4, 13, 10, 7, 8, 1, 3, 9, 2], [7, 2, 10, 3, 6, 4, 9, 11, 12, 8, 1], [8, 1, 6, 2, 12, 5, 7, 13], [9, 5, 3, 4, 1, 6, 7, 11, 10], [10, 7, 6, 12, 5, 4, 1, 2, 13, 3, 9], [11, 2, 12, 5, 13, 7, 9], [12, 11, 10, 5, 8, 3, 7], [13, 6, 11, 10, 2, 1, 8], [14, 5, 15, 16, 22, 24, 20, 18, 21], [15, 14, 17, 18, 21, 23, 20, 24, 26, 25], [16, 14, 19, 22, 17, 20, 26, 25, 18], [17, 15, 24, 18, 19, 21, 22, 16, 20], [18, 15, 20, 14, 17, 19, 24, 16], [19, 16, 23, 17, 18, 24, 21, 25], [20, 18, 14, 25, 15, 16, 21, 23, 17, 24], [21, 15, 22, 24, 26, 17, 14, 20, 19, 23], [22, 14, 21, 26, 17, 23, 16, 25, 24], [23, 15, 26, 19, 22, 20, 21, 24], [24, 14, 25, 17, 21, 15, 18, 19, 26, 23, 20, 22], [25, 24, 20, 22, 19, 16, 15], [26, 23, 22, 21, 15, 16, 24]], "f": [[200.0, 0.0, 16.988588296516504, 14.704126785264737, -52.91665635031229, -73.33487767323257, -84.75773449056237, -20.95425609991084, 89.52557232002958, 69.84750875466233], [200.0, 0.0, 85.8203396240263, 76.56090908795754, -2.780655050770897, 66.84625013175638, 46.82685832287283, -31.308164374208623, -48.66229208763582, -54.073237367207305, 78.188635432716], [200.0, 0.0, 88.53380160822717, -78.7331790609238, 67.1064927740298, -95.06428161073282, 13.850327310048938, 98.23310783090507, -1.5056334660695114, -87.90396351044383], [200.0, 0.0, 34.16114384713245, 9.080826543593856, 81.438199932017, -85.72679340138345, 28.78302982421164, 16.97503188546843, -51.76359961584491, -12.400618760388603], [200.0, 0.0, 79.68754821934034, 5.523068630425865, 20.173681354060903, 63.44216185043394, -78.75547420455797, 16.39407586901589, 64.62790107919614, -65.44109951180393], [200.0, 0.0, -41.01995319920022, -89.99214119759709, -85.83280623065777, 51.51859517136437, 91.79025614118324, 51.99721323271802, -60.09791858915394, 47.03757367646464, -82.32117900905611], [200.0, 0.0, 63.877121071914104, 17.92542271694675, 92.46471179987492, 18.989807850633223, 19.361511344972925, 75.58413478417627, -27.633436049550355, 44.64703973036039, -78.82571814709758, -94.65040751313047], [200.0, 0.0, -41.52777150629239, -77.43785302493507, 52.87949759368309, 30.667220118900083, 72.30093317941243, 90.25067033046274, 43.60710294652505], [200.0, 0.0, 94.56463318344402, -88.4583285674659, -61.9764872370963, -34.896561070856215, 49.17647102772684, -9.509853791928812, 53.12307723110992, -16.023991476114308], [200.0, 0.0, -52.08060800582028, 77.90349214830412, -77.2163666472925, -96.66727846608029, 28.975496829967717, 57.72787819955643, -45.74221541929617, 91.73842820101817, -14.463144646006466, -72.90769063565901], [200.0, 0.0, 55.05711596564937, 77.59906665250529, -34.99902568918032, -25.19058032031902, -12.23641004270737, -34.60092120962026], [200.0, 0.0, 26.091567776316115, 7.261831070666069, -56.617948992509184, 32.68794005025506, 32.003838395882255, -97.18904239474271], [200.0, 0.0, -90.25818695566731, -65.4180045759535, 34.60574725601988, 39.952938267301484, -3.0794839009502972, -39.17981484382567], [200.0, 0.0, -29.494504738976236, -76.7904432855505, -67.03593453967345, -98.3677657068374, 51.4077922730199, 68.11550805736135, 57.17335532142038, -23.30311577818085], [200.0, 0.0, -37.05052069226629, 29.435256588405046, -19.800274734129907, 69.48937425274542, 13.216954621507249, 51.66900352340817, -57.42340311530647, 8.641149271908377, 86.97209995484691], [200.0, 0.0, -59.40636754685307, 99.46575270905494, -91.96476196344574, -73.06962048845756, 73.27890220003428, -48.95442586236533, -95.04415045583173, 41.12099986086943], [200.0, 0.0, -30.796809699778716, 91.07391843357615, 88.97246819119266, -57.03357038187422, 54.1624914536512, -55.64788507131109, 48.81750910343774, 27.211589153333883], [200.0, 0.0, 46.726396225648024, 5.1663290752499424, 69.81816151794133, 79.69663042133143, 12.743797493655705, 18.557707160133386, 86.10493843604094], [200.0, 0.0, -21.954786467178057, -12.946409300794294, 62.121895714094165, 76.45360413404288, -56.218137368016286, 42.27935899496447, 51.97909666585752], [200.0, 0.0, 5.495974491774858, 73.84575192638316, 4.894856145677395, 74.34321034384988, 82.42411413361506, -74.00394782714422, -69.87498713921893, 81.68756222218971, 88.62006306615406], [200.0, 0.0, -43.61063729663614, -54.27942163467034, 20.33397125322327, -49.69770781596306, 42.810539859183706, 51.11320386322487, -21.910130826576957, 68.44409571003945, 93.49647531797878], [200.0, 0.0, 30.468859898269574, 29.31466612478122, -86.27612240953275, 50.860716678427394, -31.19042713677458, 11.23001563847954, -95.18519538955874, 61.33821532327168], [200.0, 0.0, -73.63038178564616, 30.60006409257121, -25.8285417765598, -85.13831163510636, 60.46022316909217, -84.97123841377167, 30.65024762083397], [200.0, 0.0, 26.098186941190637, -85.71245865474522, -0.7045112285142041, -78.59660769028156, 44.91617841965383, 20.784241868615915, 20.485236717958344, 8.984218285864177, -64.92705925063692, -44.42363169394847, -18.374398760874367], [200.0, 0.0, 34.81813970758818, -21.745624369894443, 41.25640574015317, -74.57792642887635, -33.559184400281495, -85.10919838228652], [200.0, 0.0, -93.38665296635568, 34.64158879761043, -22.01265702608872, -23.92953895909411, 96.77746411077752, -4.912952105488011]], "c": [4.864539368955176, 4.650554012564291, 4.895846334752796, 5.429823908824309, 4.953542138541877, 4.540484269508023, 4.770294463416972, 5.145142099626819, 5.315788069809766, 4.553403820815297, 5.411628407940728, 4.760732043167691, 5.01400807776142, 4.841297273567715, 4.530050666295794, 4.781461634072591, 5.034625116858562, 5.139127410816203, 4.882675597146709, 5.300815581301184, 5.18416034702429, 5.473463762548055, 4.959286549868344, 5.166021288070157, 5.260482763329332, 5.406900414169335], "caves": [[1, 2, 3, 4, 5, 6, 7, 8, 9, 10, 11, 12, 13], [14, 15, 16, 17, 18, 19, 20, 21, 22, 23, 24, 25, 26]]}, "inst2": {"S": [[1, 2, 5, 10, 3, 9, 4], [2, 1, 3, 6, 7, 11, 8, 9], [3, 2, 4, 1, 5, 7, 8, 6, 12, 9, 11, 10], [4, 3, 7, 13, 12, 6, 5, 1], [5, 1, 12, 7, 10, 3, 6, 13, 4, 11], [6, 2, 10, 5, 12, 3, 4, 14], [7, 2, 8, 13, 5, 4, 3, 12, 9, 11, 10], [8, 7, 9, 3, 13, 11, 2, 12, 10], [9, 8, 11, 1, 10, 7, 3, 12, 2], [10, 6, 1, 11, 5, 9, 3, 13, 8, 7], [11, 9, 10, 2, 3, 8, 12, 7, 5], [12, 5, 6, 7, 4, 3, 9, 11, 8], [13, 7, 8, 4, 5, 10], [14, 6, 15, 22, 19, 16, 26, 24, 17, 23, 21], [15, 14, 16, 21, 24, 20, 25, 26, 22], [16, 15, 17, 18, 14, 20, 25], [17, 16, 19, 25, 22, 21, 26, 14, 18, 24, 20, 23], [18, 16, 20, 21, 24, 19, 22, 25, 17], [19, 17, 14, 20, 18, 25], [20, 18, 23, 26, 19, 16, 22, 15, 17], [21, 18, 15, 26, 24, 22, 17, 14], [22, 14, 26, 17, 21, 18, 20, 25, 23, 24, 15], [23, 20, 24, 25, 14, 22, 17], [24, 18, 15, 21, 23, 26, 14, 22, 17], [25, 17, 22, 23, 15, 19, 18, 26, 16], [26, 22, 20, 21, 17, 24, 14, 25, 15]],