{"inst1": {"S": [[1, 2, 6, 9, 10, 11, 3, 7, 12, 13, 4], [2, 1, 3, 12, 4, 10, 6, 5, 8, 7], [3, 2, 4, 5, 13, 1, 12, 9, 6, 14], [4, 3, 7, 12, 10, 13, 2, 11, 9, 1], [5, 3, 6, 10, 2, 9], [6, 1, 5, 7, 13, 11, 2, 10, 3], [7, 4, 8, 6, 1, 10, 9, 2], [8, 7, 11, 2, 9, 10], [9, 1, 11, 13, 5, 4, 8, 3, 12, 7], [10, 1, 12, 13, 4, 5, 2, 11, 7, 6, 8], [11, 1, 9, 4, 6, 8, 10, 12, 13], [12, 4, 3, 10, 2, 1, 9, 11], [13, 3, 10, 4, 6, 9, 1, 11], [14, 3, 15, 22, 16, 19, 18, 21, 25], [15, 14, 16, 17, 21, 26, 23, 22], [16, 15, 18, 14, 17, 25, 21, 24, 19], [17, 15, 19, 24, 26, 18, 16, 22, 20, 23, 21], [18, 16, 20, 17, 26, 14, 24], [19, 17, 24, 21, 14, 22, 23, 26, 16, 25], [20, 18, 24, 25, 17, 23, 22], [21, 15, 23, 24, 26, 19, 16, 14, 17, 25], [22, 14, 25, 26, 17, 19, 15, 23, 20, 24], [23, 21, 24, 15, 19, 17, 20, 22], [24, 17, 26, 19, 21, 23, 20, 18, 16, 22], [25, 22, 26, 20, 16, 14, 19, 21], [26, 15, 17, 24, 25, 21, 22, 18, 19]], "f": [[200.0, 0.0, -56.60125677276071, 97.66572247803498, 20.62493742305318, -87.00299111632803, -56.272041284324594, -38.76581448907561, -71.38458712391925, -61.62034978083, 41.418122922856135, -77.62499416680062], [200.0, 0.0, -65.95810267215742, -19.897635127988657, 95.03375113512438, -56.82736553508529, 22.875979553350902, 93.7017348628948, -27.107397759321472, 19.75686827773464, -60.948635029611545], [200.0, 0.0, 82.13427396773616, -14.547403973922224, -56.95192640703202, 39.58884430941107, 27.67099533248174, 67.64302668861963, -50.524045019169094, -0.9521551083968349, -47.89156355655175], [200.0, 0.0, -36.87951243308134, -53.12017925290504, -27.944971194732315, -53.923881084608325, 79.10466026901378, 9.087850627461226, -93.48567530805319, 90.07034584977379, -61.99548460565521], [200.0, 0.0, 99.88698010170809, -99.19671515123632, -54.25321387731445, 26.192237257173232, -16.238021496703816], [200.0, 0.0, 33.6542615401485, -19.850868410463995, 94.04020423778954, -65.15066528570847, 62.936409881748936, 76.45019498769867, -44.738026309348356, 77.28319465365455], [200.0, 0.0, 83.69486797113137, 24.126083892005788, 56.66875273487499, 53.359487346406894, -17.27352584028825, -39.37412264379698, 13.726511379725913], [200.0, 0.0, -39.58252868038106, -85.40993938620585, 79.57766553952908, 82.69305859271441, -28.660093792033535], [200.0, 0.0, -64.89402139320487, 96.84216500439051, -22.676693078683584, -90.68765298747283, 47.04207199073813, 25.23850034512296, 45.82545208227757, 75.36295243562702, 97.00778681116455], [200.0, 0.0, -73.39908102153154, -17.865425881859267, -63.64259401247179, 72.82253130675065, 59.25484582716112, -57.25591996271895, -48.85473654211305, 8.408452935292644, 33.602272702027605, -12.015839517224292], [200.0, 0.0, 94.91211675308182, -34.27057484443294, 6.155635006522786, -25.462920490553497, 68.42690087242198, 72.31701176652507, 73.77489890012092, -62.63856223114668], [200.0, 0.0, -3.99851080438296, 98.39659898537943, -61.105908442619274, 65.60137310290611, -60.80847622048871, -45.969807412793195, 76.6464706816815], [200.0, 0.0, -19.954930906599323, -58.2628183575848, -86.15081754577328, 51.477719337191694, -65.4120525845886, -38.697073431488874, 90.82741140658808], [200.0, 0.0, 80.35839256431572, -76.22202976237062, -21.14566675370526, -7.074217752653977, 42.20402005341375, -74.2495366797622, 97.86723972223965, 82.16382715776538], [200.0, 0.0, 38.139678938372555, 24.763401760842886, -52.450466460402325, -83.96857738254373, -80.04733770114836, -34.00666276573363, -17.149964122510376], [200.0, 0.0, 34.3959220568697, 43.30983655742566, -55.91544310658403, 83.99874096451643, 3.7242414690833003, -19.367048523302334, 34.47066529855134, 77.76946449325597], [200.0, 0.0, -57.048969012406346, 18.48549626649527, -34.81140941555052, 76.30170670269653, 75.82767264383634, -27.90911499938129, 27.041376212029576, -75.57892609410281, 67.91307066179075, -84.92837775685986], [200.0, 0.0, -38.58811306234984, 14.84617232496932, -1.1331355019982725, -75.83162032524923, 79.16108435357772, -82.3701254748212], [200.0, 0.0, -37.72713764956019, -65.48920678834614, -68.10234254604642, 60.217522497252965, 77.04636108734609, -66.42904890494279, 26.672309715314757, -34.87729935940087, 56.29052810924653], [200.0, 0.0, 4.557662063487156, -63.28938088043172, -58.662459370638985, -87.4403620930699, 81.21030293174263, -39.232204666509716], [200.0, 0.0, 7.408074220711969, -24.53276974226284, 95.58228353461908, -34.32300475666399, 62.35815161294995, 43.866667892712876, -8.252708055227064, -29.29586018158945, -62.76716839902421], [200.0, 0.0, 15.520825017998163, 23.991560037687385, 67.96549403580782, -11.932891087747777, -11.575980949801856, -34.03468954579354, 97.72488821551188, 38.070456890371204, -67.10673042088273], [200.0, 0.0, 23.312166006780078, 79.50261387712354, -65.40957175689226, -79.74559722731715, 54.91332802691091, 15.553545800556545, 87.34594107320615], [200.0, 0.0, 73.09528289626246, 41.022242527415756, 33.3624025840854, 61.03584436978711, -86.0276444696411, 58.95888285566302, -49.04737394108505, 31.381742433861692, 26.0644092612093], [200.0, 0.0, 18.125837702581048, 75.020613504077, -47.99886973686724, 56.72946170934492, -52.74790546882136, -40.95156462042417, 38.84268809839509], [200.0, 0.0, 22.51498616361576, 51.01995764806728, -9.260249422085609, 56.91198223487319, 55.70915791649939, 35.19271665618555, -63.89643675065404, -5.737739506009487]], "c": [5.047836180325485, 5.368221187939062, 4.948674397866205, 5.015471488280301, 5.207645263574885, 4.623689428073683, 5.438437180414616, 5.05053204015231, 4.609226135456583, 4.914157489675721, 4.8904673895564414, 5.3671417864236, 5.360424747594151, 4.562376975019722, 5.221897093081096, 5.403105587420141, 5.010892029795164, 4.976865476695718, 5.0471556238190765, 5.144577598868303, 5.0164990995502725, 4.81117687004278, 5.093072838505012, 5.073449618510425, 5.091695424225436, 5.412898631823961], "caves": [[1, 2, 3, 4, 5, 6, 7, 8, 9, 10, 11, 12, 13], [14, 15, 16, 17, 18, 19, 20, 21, 22, 23, 24, 25, 26]]}, "inst2": {"S": [[1, 2, 4, 12, 5, 13, 10, 11, 8, 9, 6], [2, 1, 3, 11, 9, 6, 10, 8, 5], [3, 2, 12, 13, 10, 11, 5], [4, 1, 5, 7, 8, 9, 13, 12], [5, 4, 6, 9, 1, 3, 10, 13, 11, 2], [6, 5, 10, 8, 13, 11, 2, 1], [7, 4, 8, 9], [8, 4, 11, 7, 6, 9, 12, 1, 2, 10], [9, 4, 10, 5, 8, 12, 2, 1, 7, 13], [10, 9, 6, 1, 3, 11, 5, 2, 13, 8, 12], [11, 8, 1, 10, 3, 6, 5, 2, 13], [12, 3, 1, 4, 9, 13, 8, 10, 14], [13, 3, 4, 1, 6, 5, 12, 9, 10, 11], [14, 12, 15, 18, 23, 25, 26, 16, 20, 19, 21, 24], [15, 14, 16, 17, 20, 24, 26, 21, 18, 19], [16, 15, 23, 14, 18, 17, 20], [17, 15, 24, 26, 22, 18, 16, 20, 19], [18, 14, 19, 25, 23, 15, 17, 20, 16, 26, 21], [19, 18, 23, 26, 25, 21, 22, 15, 14, 17], [20, 15, 21, 22, 25, 18, 26, 14, 17, 16], [21, 20, 24, 15, 22, 19, 25, 14, 18], [22, 20, 25, 17, 21, 19, 26], [23, 19, 14, 16, 18, 25, 26], [24, 17, 15, 21, 25, 14], [25, 22, 20, 14, 18, 19, 24, 21, 23], [26, 17, 15, 19, 14, 20, 18, 23, 22]],