{"inst1": {"S": [[1, 2, 3, 5, 9, 7, 4, 13, 10], [2, 1, 4, 9, 3, 5, 12, 6, 13, 8, 14], [3, 1, 6, 12, 2, 9, 11, 8], [4, 2, 7, 10, 5, 13, 6, 9, 1, 11, 8], [5, 1, 13, 4, 12, 8, 2, 11, 9], [6, 3, 12, 11, 4, 13, 2, 10], [7, 4, 8, 13, 1, 11, 10, 9], [8, 7, 10, 5, 9, 4, 11, 3, 2], [9, 2, 11, 3, 1, 4, 8, 12, 7, 5], [10, 4, 8, 1, 12, 7, 6], [11, 9, 12, 6, 7, 4, 3, 5, 8], [12, 6, 11, 3, 13, 5, 10, 2, 9], [13, 5, 7, 12, 4, 1, 6, 2], [14, 2, 15, 20, 22, 17, 26], [15, 14, 16, 17, 18, 19, 24, 25, 26], [16, 15, 25, 26, 22, 24, 19, 21, 23], [17, 15, 18, 20, 24, 22, 25, 19, 14, 26], [18, 17, 19, 23, 24, 15, 26, 21], [19, 18, 15, 25, 26, 20, 17, 16, 21, 24], [20, 17, 21, 14, 22, 24, 19, 26, 23], [21, 20, 22, 23, 18, 25, 26, 19, 16], [22, 21, 17, 20, 14, 26, 16], [23, 18, 25, 21, 26, 20, 16], [24, 17, 18, 25, 20, 15, 16, 26, 19], [25, 16, 17, 19, 24, 23, 21, 15, 26], [26, 16, 18, 19, 21, 22, 23, 15, 24, 17, 20, 14, 25]], "f": [[200.0, 0.0, -66.52336866230274, -28.7313934301479, -82.84203320097012, -14.768745517917248, -82.12779411483679, -16.969769734073914, 44.365368416952286, 37.02942274461116], [200.0, 0.0, 66.30467161731524, -63.58495898689376, 4.602158545733381, 72.22399563009962, -64.86287923503475, 86.77210562460024, -18.109581018981615, -57.24026986130324, 55.84200118732245, -68.82062305423509], [200.0, 0.0, -95.25277446673395, 72.9669866746715, -24.948495405407954, -68.08590027697396, 43.39163877769108, -53.272593412651915, 40.63418348306384], [200.0, 0.0, 80.2713786670679, 14.204770529306089, 14.917963592922789, 85.8081532910528, 36.74735175538137, -47.691319387458655, -41.691253736472866, -74.71888273364551, 21.581602757023678, -91.55152348769582], [200.0, 0.0, -36.2557187770187, -49.95720811597546, -70.43575425702649, -36.95023884182764, -50.2074069232662, -43.48476614918124, 95.22172178006325, -25.613554062586363], [200.0, 0.0, -71.37396824839296, 1.5511561141233754, 76.81491716185673, -57.50466958916978, -93.13908641366622, -48.402154288804965, 71.23022648771882], [200.0, 0.0, 46.045975214556336, 40.6039041816729, 86.7013695539178, 48.667077064184916, -79.71021252593033, -35.63204121252812, -97.20291588197094], [200.0, 0.0, 28.937104869879327, -73.24031949406395, -78.45553149061794, 96.35034338987198, 98.08556347697423, -72.58116028910648, -17.352749196854255, 9.627488600451727], [200.0, 0.0, 9.137258396328395, 75.84818897155894, 78.40257465868785, -60.67802148852817, 52.05026906696486, -68.02143069842741, -10.563127850824072, -6.05523591778343, -85.646394878879], [200.0, 0.0, 96.9530606602965, 7.119305106394136, -24.70373503929597, 44.76005417902225, -13.739675784872896, -48.62923643785169], [200.0, 0.0, 50.81150600005646, 63.06627201044097, -34.94046882571109, 5.853556465977139, 71.17575844895676, -95.61470789539544, -98.41009104885403, 95.75052848782042], [200.0, 0.0, 72.05209698221739, 20.74549131248702, 48.528730189333345, -77.95676821936246, -78.9652342146974, -41.50596763211129, -13.089498240287112, -32.22794589590126], [200.0, 0.0, 57.21347146603881, 83.3410336509941, 83.53645347463537, 47.522322136146066, -21.665564517235513, -1.6757520229605305, 3.282839784075575], [200.0, 0.0, -57.00455522878703, 85.14569254290669, 78.5186265062676, -56.50398406934576, -21.447671319236193, -90.59634110286707], [200.0, 0.0, -58.44972994791657, -55.661246963572594, -79.07455983374132, -30.062252099641462, 8.6965300465226, -73.49749795104697, -44.23452930434546, 49.83423934850579], [200.0, 0.0, -63.543784954579685, -15.404481233160983, 46.91060056370977, 24.227162276610017, 83.58782380041687, 44.94538444489955, 1.8470586074542439, -89.28785561306074], [200.0, 0.0, 56.48154927998663, -46.43626070317839, 36.54358279807419, 46.71199079156043, -54.599106004664954, -13.643534384679334, -3.937008049802615, 58.25277166582485, -73.2343303177152], [200.0, 0.0, -66.45966153807126, -2.6948591483493933, 74.20197163256594, 84.73051946828178, 57.95480872632845, 49.14626886349696, -67.12037439608183], [200.0, 0.0, 14.997659588804924, -57.896872801886865, -1.1188812526549352, -52.953663605814526, -49.530207083945996, -5.429490821232386, 59.06138404764511, 45.05789323210496, -41.152578490516476], [200.0, 0.0, -68.17733411237792, -6.584686901928194, -84.62056619862992, 71.092518256643, -87.86227088041949, 63.601461915860426, -45.849281430925394, 36.20250738446309], [200.0, 0.0, 9.745183572367132, 69.68219736831801, 44.13076228190429, 64.87915224008263, -51.11786764337876, -93.04943736653549, -63.54320846908881, -97.07385910513715], [200.0, 0.0, 63.12679033487041, -61.43177453522976, -45.03105304718049, -7.656222363874532, -92.50972880061732, 82.080557263787], [200.0, 0.0, 9.628198659635846, -24.40878643685207, -20.76621624744741, 26.10744716961786, -30.240441676492647, -98.70780907232233], [200.0, 0.0, -6.472150591661774, 61.10650651996221, 44.04502363686191, 18.896377973771507, -30.683694869186006, -35.014358988927526, 78.91224454476206, -20.38307183570076], [200.0, 0.0, 66.7945421401396, -53.17207663572236, 31.151390974271067, -41.29159141088978, 43.397241353878236, 40.70884002315547, -49.22682301174031, 65.98612718297112], [200.0, 0.0, 14.491518517708514, -51.27496979398485, -44.50736029759681, 44.68249603731182, 42.205778163606, 52.4215855749719, -41.28479570834467, -34.93489944378094, 48.526553900469295, 23.43049594098483, 37.052419999496735, 36.30542015092968]], "c": [4.510901619683665, 5.104759775388485, 5.062107914444962, 5.3326679239975086, 4.684079083826104, 4.704290424962669, 4.599179766655003, 4.690898396163899, 4.586279176976775, 5.234603533607049, 4.910796376193735, 4.9045603429010285, 5.390319145015699, 5.358574277459032, 5.329206368335959, 4.758480435421471, 4.90118830789183, 4.7895883018928584, 5.464789807869784, 5.273832709810315, 4.543558940582301, 5.092119370794409, 5.4037059142294, 4.8632180627411525, 4.787384573970224, 5.003775369136546], "caves": [[1, 2, 3, 4, 5, 6, 7, 8, 9, 10, 11, 12, 13], [14, 15, 16, 17, 18, 19, 20, 21, 22, 23, 24, 25, 26]]}, "inst2": {"S": [[1, 2, 4, 12, 10, 11], [2, 1, 3, 7, 9, 4, 13, 6, 5, 12, 14], [3, 2, 6, 4, 7, 13, 12, 9, 5, 11], [4, 1, 5, 10, 3, 6, 2, 12, 13, 9], [5, 4, 8, 13, 11, 10, 2, 9, 3, 7], [6, 3, 12, 4, 7, 2, 11, 13, 10, 8], [7, 2, 11, 12, 6, 3, 8, 9, 5], [8, 5, 11, 7, 9, 12, 13, 6], [9, 2, 3, 7, 8, 4, 5, 13], [10, 4, 1, 12, 5, 13, 6], [11, 7, 12, 8, 1, 5, 6, 3], [12, 6, 7, 1, 11, 10, 4, 3, 8, 2], [13, 5, 2, 3, 4, 8, 10, 6, 9], [14, 2, 15, 20, 21, 25, 22, 24, 19, 16, 26], [15, 14, 16, 26, 19, 24, 17, 21], [16, 15, 17, 19, 22, 23, 24, 21, 20, 26, 14], [17, 16, 18, 25, 19, 26, 20, 23, 22, 24, 15], [18, 17, 22, 26, 21, 24, 25], [19, 16, 22, 24, 25, 17, 15, 14], [20, 14, 24, 23, 25, 16, 17, 22], [21, 14, 26, 25, 18, 16, 15], [22, 19, 23, 18, 16, 14, 26, 24, 25, 17, 20], [23, 22, 16, 24, 20, 17, 26], [24, 19, 20, 14, 15, 18, 23, 16, 22, 17], [25, 19, 17, 14, 21, 20, 18, 22], [26, 15, 18, 21, 17, 22, 16, 14, 23]],