{"inst1": {"S": [[1, 2, 8, 12, 6, 9, 13, 3, 5, 11], [2, 1, 3, 4, 5, 10, 6, 7, 8, 9, 13], [3, 2, 6, 13, 12, 9, 1, 8], [4, 2, 7, 11, 13, 5, 6, 10], [5, 2, 11, 9, 10, 6, 1, 4], [6, 3, 13, 2, 1, 5, 8, 7, 4, 10], [7, 4, 2, 13, 12, 6, 10, 14], [8, 1, 9, 6, 2, 12, 11, 10, 3], [9, 8, 5, 1, 3, 2, 11, 12], [10, 2, 12, 13, 5, 11, 8, 4, 6, 7], [11, 5, 12, 4, 10, 8, 9, 1], [12, 10, 1, 11, 3, 13, 8, 7, 9], [13, 6, 3, 10, 1, 12, 7, 4, 2], [14, 7, 15, 24, 21, 26, 19, 18, 22, 23, 17], [15, 14, 16, 19, 20, 26, 24, 22, 25, 18, 23], [16, 15, 17, 18, 21, 22, 24, 20, 25, 19], [17, 16, 23, 20, 14], [18, 16, 24, 14, 15, 25, 19, 26, 20], [19, 15, 23, 21, 14, 16, 26, 22, 18], [20, 15, 17, 25, 16, 21, 24, 26, 18], [21, 16, 25, 22, 14, 20, 19, 23, 24], [22, 16, 21, 23, 24, 15, 19, 14, 25, 26], [23, 17, 19, 22, 21, 25, 14, 15], [24, 14, 16, 15, 18, 22, 25, 20, 21], [25, 21, 20, 16, 15, 24, 18, 22, 23], [26, 15, 14, 19, 20, 18, 22]], "f": [[200.0, 0.0, 91.23722284144485, 99.40384496356636, 73.11624484403163, -34.44564438455202, -48.931807989867806, 32.12032977466166, -15.288728481040192, -8.322336591691947, -57.827950622458204], [200.0, 0.0, -64.52832541396896, -55.72365957856342, -15.091189857722975, -93.90426345955096, -0.265539149860472, -11.06680581501287, -2.573205608284046, 89.82987172857335, 9.213035496136657, 72.73372312594823], [200.0, 0.0, 77.45318624952301, 55.09734023422583, -32.265616778754634, -82.03595837867219, 70.99041689748053, 23.233681251044235, -27.265859629942103], [200.0, 0.0, 77.38837457038117, -61.20295595175595, 2.229343591107158, 20.186345155483142, 57.13254032403998, 19.993699650954945, -88.3709092422256], [200.0, 0.0, -89.23291846240305, -10.714223101488397, -36.876262865958424, 27.74174316306457, 89.55991381449344, -7.194002609123018, 35.86001942544612], [200.0, 0.0, -95.56922682833849, 9.877414618261948, 61.38399628148083, -99.40886687698054, 54.27600733672256, -26.01515546556461, 25.49306702175034, 58.8430235813169, 29.85962616966036], [200.0, 0.0, -89.03088840037796, -46.823642393133944, 92.5015771711124, 86.9834850186113, 43.76287443163904, 10.116198664423726, 78.04628365818206], [200.0, 0.0, -68.87224814116641, -92.47690944245042, 73.71870167649375, -84.53273285459801, 3.220964492515921, 73.73418434557837, 89.17699092338735, -4.721277848133676], [200.0, 0.0, 95.0417309404778, -95.67608586011033, -18.576175704546905, 59.28583085920525, 73.9063807885465, -0.8732055533837935, -46.97269966114885], [200.0, 0.0, -58.85912294519316, 66.46321605141114, 97.37765785537866, -90.71885504887092, 66.99636641312085, -76.37707923362973, -9.087558587273058, 50.921914166649906, -36.64306613586172], [200.0, 0.0, -51.28897837101456, 77.18979623162011, 31.30691852867644, -17.248888719534317, -64.05273214213443, -55.76803903601293, -14.492237292172728], [200.0, 0.0, -20.202713382482763, 46.02173109542118, 81.8742579326316, -82.95869782609866, 18.780887449743556, -32.57590983134455, -58.52289737718521, 17.361502404474116], [200.0, 0.0, 92.0846913809312, -57.389485596199144, -34.26851981127097, -56.286929454680525, 68.01735455720114, -99.63322331698805, 9.90719016343149, -66.85433228652151], [200.0, 0.0, 36.50376773466137, 7.987660263501617, 13.006360968889542, 25.605934198237556, -49.79827566362569, 0.7580120345727304, 85.14928290215418, 46.14761758939985, -33.240852919835696, -86.39368319756358], [200.0, 0.0, 70.70409854015682, -75.9334373702969, -80.41978267973242, 65.67822772243417, 81.70122380439938, -19.424445491163954, -0.9505467314183891, -55.48797546380653, -79.64205740280117, -85.6544472292627], [200.0, 0.0, 48.68718554790441, 33.04699791266981, -33.01003479210338, 44.337756194330666, 11.098531251591726, -54.62840845009404, 90.93506055886476, -67.56593351758863, 62.057599208624794], [200.0, 0.0, -51.04147462066493, -14.090920392440843, -23.882762564077087, 73.85555944057592], [200.0, 0.0, 36.53509337535246, -90.36162485392308, -12.439758781306143, -37.73308775074036, -19.163249775264312, -72.01688942075693, 85.62551204695363, 20.015022413405358], [200.0, 0.0, 78.6300979657074, 11.174162474026893, -25.206347874842706, -36.60370496864211, 78.16508148295563, 25.35195882310768, -32.43369956728086, 62.53093196071469], [200.0, 0.0, -91.82091146168783, -13.369932073793954, -97.35696740025548, 86.14296136756235, -86.65604251660855, 44.707015148049045, -95.19324366939215, -22.82624109427811], [200.0, 0.0, -0.3165612395746864, 34.94501028349237, 35.3361135251975, 5.010786745959961, 89.17937116053776, 23.13408688712295, -46.87005773284347, -17.859091491475443], [200.0, 0.0, 64.97490413632813, -98.29153379358164, -94.65657727555498, -95.8320453879061, 19.953124158346935, -9.908931475359829, -56.765338885264896, -67.12709211564744, -61.32290279111072], [200.0, 0.0, 73.4125224726985, -36.77399859898605, 17.90730032259802, 58.11403764861802, 35.04329466712439, -76.1234658846049, 33.52742753065243], [200.0, 0.0, 34.69091285579778, 56.55585575820194, -46.069935951331445, -52.23487361698604, -28.736618910842427, 65.02679903252988, 86.86314376671412, -79.40152232064494], [200.0, 0.0, -59.85299496017864, -44.173938662186416, 54.98488737556166, 25.225574610162838, 2.340076703827676, -67.51118333254875, -49.214332798986305, -91.17624262207423], [200.0, 0.0, -97.08021906359241, 25.00674147510629, 39.47211783975422, -65.21409723084366, 89.10127086647988, -72.3360688897356]], "c": [4.938231444083771, 4.6779198147960495, 4.971225567288277, 4.519092562507109, 4.740126008271387, 5.407215526975365, 5.226834999323013, 4.842686275920807, 5.485198346117015, 5.007110327025311, 5.495210649054168, 4.755506660189934, 4.9943999452345365, 4.517939541321449, 5.438975562171861, 4.51924343511786, 5.235146737133806, 5.143718606333794, 5.3726750618805905, 4.836555688150628, 5.216616869452415, 5.333402040155087, 4.973473290802058, 4.550134962153452, 4.905172607690743, 5.374908851153829], "caves": [[1, 2, 3, 4, 5, 6, 7, 8, 9, 10, 11, 12, 13], [14, 15, 16, 17, 18, 19, 20, 21, 22, 23, 24, 25, 26]]}, "inst2": {"S": [[1, 2, 3, 6, 9, 5, 8], [2, 1, 4, 8, 3, 5, 6, 9], [3, 1, 5, 7, 10, 4, 8, 2, 6, 13, 9, 14], [4, 2, 12, 3, 6, 5, 9, 11, 10, 13, 8, 7], [5, 3, 8, 4, 11, 13, 7, 1, 2, 12, 10, 9], [6, 1, 8, 4, 9, 3, 7, 2, 11], [7, 3, 6, 5, 13, 8, 4], [8, 6, 9, 2, 5, 3, 4, 1, 7, 13], [9, 1, 8, 6, 4, 11, 3, 2, 10, 5, 13], [10, 3, 11, 4, 13, 5, 9], [11, 10, 13, 9, 5, 4, 6], [12, 4, 13, 5], [13, 12, 11, 5, 10, 3, 7, 4, 8, 9], [14, 3, 15, 16, 17, 19, 20, 22, 25, 18, 26], [15, 14, 18, 25, 16, 24, 19, 26, 23, 22, 17, 21, 20], [16, 14, 23, 15, 26, 22, 25, 17, 20, 18, 24], [17, 14, 26, 23, 16, 24, 15, 25, 22, 20], [18, 15, 21, 22, 26, 16, 14, 20], [19, 14, 24, 15, 23, 26, 21], [20, 14, 16, 21, 15, 22, 18, 17], [21, 18, 24, 20, 22, 15, 25, 19, 23], [22, 14, 18, 16, 21, 15, 20, 17, 23], [23, 16, 25, 17, 19, 15, 24, 21, 22], [24, 19, 21, 15, 16, 17, 23], [25, 15, 23, 16, 14, 21, 17], [26, 17, 16, 15, 18, 19, 14]],