{"inst1": {"S": [[1, 2, 3, 11, 9, 12], [2, 1, 8, 9, 12, 3, 13], [3, 1, 4, 5, 8, 6, 11, 13, 2, 10, 12], [4, 3, 7, 11, 12, 5, 6], [5, 3, 6, 4, 9, 13, 11], [6, 5, 10, 13, 3, 8, 4, 12, 9, 14], [7, 4, 9, 8, 10, 11, 13], [8, 3, 12, 11, 6, 7, 2, 13, 9], [9, 7, 12, 2, 10, 11, 5, 1, 13, 6, 8], [10, 6, 13, 9, 7, 11, 12, 3], [11, 4, 8, 3, 1, 9, 12, 10, 7, 13, 5], [12, 8, 9, 4, 11, 2, 13, 10, 6, 1, 3], [13, 6, 10, 3, 12, 8, 5, 11, 9, 7, 2], [14, 6, 15, 18, 25, 17, 22, 23], [15, 14, 16, 19, 21, 26, 25, 20, 18], [16, 15, 17, 19, 20, 22, 24, 23, 25], [17, 16, 23, 19, 14, 24, 21, 26, 22], [18, 14, 22, 23, 24, 26, 19, 25, 15], [19, 16, 23, 15, 20, 17, 26, 18, 22, 21], [20, 16, 21, 23, 19, 25, 22, 26, 15, 24], [21, 20, 22, 26, 15, 25, 23, 17, 19], [22, 16, 26, 24, 18, 21, 20, 19, 14, 17], [23, 20, 19, 17, 16, 18, 21, 14], [24, 16, 22, 25, 18, 17, 20], [25, 14, 20, 24, 26, 21, 15, 18, 16], [26, 22, 21, 25, 19, 15, 18, 20, 17]], "f": [[200.0, 0.0, 31.23648286833831, -72.97480067908069, 96.98525514356422, 57.86579167457872, -28.410447798970708], [200.0, 0.0, -65.87118503277341, -3.9806478446797966, -19.64683326157004, 36.545439352561004, -91.40189999660437, -2.792471340705882], [200.0, 0.0, 7.5697449595933275, 45.340944652234086, -11.06383888499398, -34.58488853179862, 43.59822286217698, 13.073429405833025, 32.284040087972166, -18.718453230498987, -40.10173701159667, -32.601600578748545], [200.0, 0.0, -20.359994648929547, 25.927477214714422, -17.965110538402573, -68.00800699811455, -19.654870808223144, -47.28445448075731], [200.0, 0.0, -35.36594844653944, 37.61521285706557, -88.29106151659325, 44.51308530959719, -6.112854549192415, -30.578546819489773], [200.0, 0.0, 48.87465456490885, 15.942164033449725, -96.46942666055578, 85.66031591124685, 18.118940836768303, -21.435134073824223, -35.763890946850864, -79.57000349279508, 76.27885682071455], [200.0, 0.0, -85.9609388602021, 72.02486259638931, -33.07088626275654, -24.103864267860043, -66.20286896676082, -68.32678888908086], [200.0, 0.0, -62.88049368169395, 1.562768957520544, -91.9197608866082, -33.00058831213444, 17.016757884450474, -87.74439329006796, -90.77705050242868, -44.33688563653273], [200.0, 0.0, 15.759964702293372, 69.28622161431764, -12.52057015710224, -60.200237674095746, -62.38254116467139, 48.11983955716737, 54.26253156274361, 5.258793288705865, -74.899804561973, -59.302521870765275], [200.0, 0.0, -81.11877314654845, -44.965993943518214, -19.841820182108695, -60.77261018327824, 70.7128882716388, 19.91745794052766, 92.983291731742], [200.0, 0.0, 72.67548961389754, -15.798944560096562, -11.388653194674525, -78.05694034619775, 60.63728776507033, -35.35099895546081, -98.6527784549164, 46.820408262462855, 64.33789829387793, 1.723807405490474], [200.0, 0.0, 44.23697137232978, -72.91849282919387, -28.920499592541105, -60.20702972579619, 60.17946330150632, -6.979556053034153, 34.38185132889644, -90.26724112105472, 45.135395015398096, 80.09203148775899], [200.0, 0.0, 32.71294150695772, -94.95776870535417, 49.300995657050684, -70.67916423766522, 31.393689266427227, 90.56338168074225, -7.859307465401666, -61.749669300197205, 51.01783822299642, -78.67078619043015], [200.0, 0.0, 92.77507342638356, -77.66233561785876, -57.827577754062595, 22.390464370580897, 82.30070777104557, -34.03387398785518, 41.09938872837526], [200.0, 0.0, 44.35396680049721, -46.29609659363361, 52.80690181773628, -82.42305216540571, 23.153849250562274, 68.2536014364497, 9.499946222967658, -77.1942422532065], [200.0, 0.0, -42.2263137715517, -82.06077247325496, -96.40834520079262, 98.85168219336866, 90.801889759081, 32.92864820470922, 97.52578901758746, 48.05935155102814], [200.0, 0.0, -89.33279101600533, 35.760817296934874, 66.32036172331897, 7.011897594537486, 94.47372722987473, -72.93799135593153, 26.119899778513677, -59.1606212098521], [200.0, 0.0, 18.611876561689034, -48.01381660077675, 57.65370826526781, 52.93466463668652, -55.211922567613826, 68.38326787230424, -91.95692854089958, 32.516690221691306], [200.0, 0.0, -51.137773496623005, 75.59163405469592, -2.5102968517517255, 53.33661915754169, -72.2424443560582, 85.00901215569927, -84.32776017317862, -5.736393449136612, -91.59414449387187], [200.0, 0.0, -89.76243081438999, -2.484100587903737, 45.46046146069869, 52.42413725320081, -86.14890556294368, -97.48865430962333, -47.471780955748955, -67.8831513368223, 80.86971696521303], [200.0, 0.0, -71.24493323422631, 95.75613293367181, 4.404424907442217, 35.701395939155155, -24.085236357898143, 15.142959176280124, 85.27439456298511, -27.964456292502927], [200.0, 0.0, -69.88425709476253, -33.74759624529109, -78.60874125258906, -18.417222546782508, 21.030885849433556, 11.412996571395428, -23.074209886440443, -4.302373396015713, -67.15427522300939], [200.0, 0.0, -37.14235987404151, -0.3843703661214004, -63.755432835707346, -88.28192423477768, -53.6262472707385, -54.297334123778306, 33.32899885984428], [200.0, 0.0, 0.1509023086960326, 45.9281733903081, 69.79596248978652, -38.25738919237101, 99.03600749222544, -55.22272319980923], [200.0, 0.0, -45.21423029975162, 98.01346062093603, -18.212102714222045, -66.62763644917533, -46.03811919986656, -82.37233709030785, -68.39595791253556, 91.68164034676232], [200.0, 0.0, 76.0968217514534, 54.46822675650169, -10.841653296849628, -48.362566658965854, -43.56244817568413, 9.232381659244782, 70.6470900656607, 13.97923763173836]], "c": [5.269454810687813, 4.952955219165039, 5.455836069029693, 5.181615306454777, 5.15944959637745, 4.879239237848342, 5.39602132533519, 5.328692541478825, 5.484022446294651, 4.86265136909458, 5.4864851755640505, 5.155734349641039, 4.813418478282549, 5.066368584696617, 5.095130687743113, 4.682229052161282, 4.900320209666687, 5.351514961313079, 5.397123791908771, 5.213991785418123, 5.2102215737640005, 4.973411138902384, 5.188563786267837, 5.168548882009124, 4.950706877242809, 4.798058796654708], "caves": [[1, 2, 3, 4, 5, 6, 7, 8, 9, 10, 11, 12, 13], [14, 15, 16, 17, 18, 19, 20, 21, 22, 23, 24, 25, 26]]}, "inst2": {"S": [[1, 2, 3, 7, 10, 6, 9, 11, 13], [2, 1, 5, 3, 12, 9, 4, 7, 6, 10], [3, 1, 4, 6, 2, 7, 12, 5, 13, 10, 11, 9], [4, 3, 7, 12, 2, 8, 11, 10], [5, 2, 8, 3, 7], [6, 3, 9, 13, 1, 8, 10, 2, 11], [7, 4, 1, 3, 12, 2, 10, 11, 5, 9, 14], [8, 5, 10, 11, 6, 4, 9], [9, 6, 11, 10, 2, 1, 8, 13, 7, 3], [10, 8, 12, 9, 1, 7, 11, 6, 4, 2, 3], [11, 8, 9, 13, 10, 7, 4, 6, 1, 3], [12, 4, 10, 2, 7, 3, 13], [13, 6, 11, 3, 9, 1, 12], [14, 7, 15, 16, 21, 26, 18, 24, 25, 17], [15, 14, 17, 22, 25, 18, 16, 24, 23, 20], [16, 14, 18, 23, 17, 15, 26, 25, 19, 22], [17, 15, 16, 24, 14, 19], [18, 16, 19, 24, 15, 23, 25, 14, 20, 22, 21], [19, 18, 20, 26, 22, 21, 16, 17, 25], [20, 19, 25, 23, 26, 18, 15, 22], [21, 14, 22, 24, 19, 18], [22, 21, 15, 23, 19, 18, 24, 25, 16, 20], [23, 16, 18, 20, 22, 15, 26, 24], [24, 18, 25, 26, 15, 21, 17, 14, 22, 23], [25, 20, 15, 24, 18, 26, 16, 14, 22, 19], [26, 19, 14, 24, 16, 25, 20, 23]],