{"inst1": {"S": [[1, 2, 3, 9, 13, 12, 11, 4, 5], [2, 1, 4, 5, 10, 7, 9, 13, 6, 8, 3], [3, 1, 7, 13, 10, 11, 2], [4, 2, 13, 6, 9, 5, 12, 1], [5, 2, 6, 8, 9, 12, 11, 4, 10, 13, 1], [6, 5, 4, 7, 8, 2, 13, 9], [7, 3, 2, 12, 6, 11, 13, 8, 9], [8, 5, 12, 6, 13, 2, 7], [9, 1, 5, 4, 2, 10, 6, 12, 7], [10, 2, 11, 12, 13, 3, 5, 9], [11, 10, 13, 7, 5, 3, 1], [12, 10, 7, 8, 5, 1, 4, 13, 9], [13, 4, 11, 10, 2, 3, 1, 8, 7, 12, 6, 5, 14], [14, 13, 15, 17, 23, 20, 25, 26, 19, 22], [15, 14, 16, 18, 19, 22, 20, 26, 23], [16, 15, 18, 19, 21, 24], [17, 14, 19, 21, 23, 26, 24, 22, 18, 20], [18, 16, 21, 15, 25, 22, 24, 17, 20, 19], [19, 17, 20, 22, 23, 15, 14, 25, 16, 18, 26], [20, 19, 24, 25, 26, 14, 23, 17, 18, 22, 15], [21, 18, 17, 25, 16, 23], [22, 19, 24, 25, 18, 17, 15, 14, 20], [23, 14, 20, 17, 26, 19, 21, 15], [24, 20, 22, 26, 17, 18, 16, 25], [25, 20, 14, 18, 22, 21, 26, 19, 24], [26, 20, 24, 17, 23, 14, 25, 15, 19]], "f": [[200.0, 0.0, -30.337726637540243, -18.46097397493289, 0.9377556439173818, -88.43511387182907, -99.95647320258414, 82.63648630507151, -41.69871994057388, -76.81085572039741], [200.0, 0.0, -30.466494305064785, -55.93474824837345, 12.790760563341163, 13.336517335692278, 15.051356374353396, 60.98746739444778, 44.27140838165291, -78.2870088263575, 13.709603571837214, -19.63692592239761], [200.0, 0.0, 80.48428406941667, -27.95719238457901, -97.45231355999533, 90.85491982480156, 57.78988049492937, 36.99837865337094], [200.0, 0.0, -39.05862684411658, -40.4780379620453, -60.573748250514804, -29.260067969096838, 61.646528991704265, -6.359133074816992, -7.44021202555043], [200.0, 0.0, 71.65357109483719, 87.98097529762023, -56.697955576498835, -6.777822450243898, -99.02617574321933, -34.269810205490536, -58.8258802080118, 14.536329482505405, 10.323191447461788, -41.49042382873374], [200.0, 0.0, 60.144631422099096, -17.62692327311186, 77.30662554769481, 20.56036609079499, -14.903780374074561, -30.69016473243915, 96.7245700775145], [200.0, 0.0, 18.490012217412843, 22.621358267638293, -83.3065797695664, -40.91828365757133, 4.56750016838392, 94.91634146740016, 72.52850999339712, -76.3814910563675], [200.0, 0.0, -85.51339687536826, 0.20304198494212056, -73.69099771691769, -20.402752696377103, -51.16778834018414, 44.68487689565097], [200.0, 0.0, -3.9597853867890276, 63.68804703052127, 27.871685765764177, -18.223962338560963, -90.07086503791442, 95.52946721922027, 37.205787148213766, -37.42864311443655], [200.0, 0.0, 99.19191501258622, -36.16909905484869, -9.645975230411597, 28.845701423175974, -45.727698646610484, 64.05638408859357, 13.999929661198895], [200.0, 0.0, 85.97583685053776, 86.25499914813129, -51.048448431656126, 21.992321457603726, -82.8227616556038, 42.169817517083395], [200.0, 0.0, -38.25387789918866, -50.490575575869066, 91.3216735376797, 56.87103735770258, -35.658899242332566, -62.83272771971122, -9.021743553662652, -62.144276144926195], [200.0, 0.0, 4.2464359123143725, 62.8709915393143, 29.267292842959435, -30.228073746948002, -40.767974431350474, 19.93754149930993, -23.582352276975826, 85.39136498647065, -71.09319144193348, 54.04378827315877, -53.529623003517315, 29.65763336846623], [200.0, 0.0, -43.100355738056685, -63.68142524849618, -45.26567633336425, -73.87095426837178, -55.83720442346043, 65.30173320276305, 19.269492776110674, -17.79618645350778, 97.69503747742414], [200.0, 0.0, 44.90578913111929, 97.03680000934386, -73.0762302723776, 84.1411040760042, -46.019938482249124, 57.408725671470215, 91.19909722535205, -49.48660067673485], [200.0, 0.0, 82.00812257793966, 90.15361257353591, -49.66252509981332, 2.976154829375921, -93.03711267995483], [200.0, 0.0, 25.615092289908702, -88.32876295880881, -80.0049505488201, -21.56836490056755, -61.50523999888846, -98.21747339883238, 88.39955198128841, 22.589400117296865, 31.337152842528337], [200.0, 0.0, 32.99951012493783, 69.48521289308218, -13.818787397207899, -84.22557781483017, 59.32446987128435, 87.92178323236372, 4.367678386081186, -0.8172097053397387, -51.34087376132683], [200.0, 0.0, 28.312312809939, 11.397020776333466, -83.42775477484467, 42.92547649606311, 19.92184395083305, 38.39558269734038, 46.1548020962002, 90.66335148734773, 86.3827160505902, -13.005186310150062], [200.0, 0.0, -46.30286677477245, 58.14973916729076, 78.81035241435414, -66.41464874377718, 62.56863895489253, -56.897872759230324, -70.25290688164998, 46.867043705778435, 29.51707443996203, 58.26253879733984], [200.0, 0.0, 74.70741453373245, 22.450639975571775, -75.70328471268564, 85.55700280416868, -39.167476356824025], [200.0, 0.0, 1.1103022081212943, -61.64889941717331, 76.33932958253835, 43.24420640547557, -17.77588697138761, 70.1083871133036, 24.910743864244722, 58.48741529812589], [200.0, 0.0, 32.68641586047796, -51.768195380530855, 53.820708052882814, -51.2612493710411, 13.146190748263532, -85.11782478231069, 56.466469621352154], [200.0, 0.0, 7.3689126485182666, 89.44064329496884, -73.2507724449836, -39.96862383749313, 51.47048350333841, 34.492994030075685, -29.6345526800055], [200.0, 0.0, -85.26083706960652, 25.26280641459353, -79.29372563332812, -77.1910362598422, 30.21396199049955, -98.35239754977754, -96.79401513040659, 24.59831584986358], [200.0, 0.0, 92.08806336561999, -55.96318547793653, 93.47114037164106, 84.94716898551005, -69.37440728339126, 19.081616042870998, 21.01386088305921, 7.801852999156833]], "c": [4.605526031020037, 5.074981860111557, 4.823029002195556, 5.418756143369895, 4.607355465347088, 5.014535201752597, 5.075225003994342, 5.1883469531997255, 4.973618043400874, 4.691407790010734, 5.421811968185172, 4.762000285727599, 4.921601362143336, 4.634402823668051, 4.5422784914866945, 5.427859448547665, 4.607474423666749, 5.1088070712741, 5.184971974064381, 4.985054674528456, 4.8840601507607175, 5.031658206410759, 4.863094413120667, 5.112624372015614, 4.829511791597716, 4.935730863525965], "caves": [[1, 2, 3, 4, 5, 6, 7, 8, 9, 10, 11, 12, 13], [14, 15, 16, 17, 18, 19, 20, 21, 22, 23, 24, 25, 26]]}, "inst2": {"S": [[1, 2, 6, 8, 9, 7, 13, 10, 11], [2, 1, 3, 5, 12, 8, 7, 4], [3, 2, 4, 8, 7, 6, 13, 5, 11, 10], [4, 3, 11, 7, 9, 5, 12, 6, 2, 8], [5, 2, 4, 9, 6, 3, 12, 8], [6, 1, 7, 3, 9, 11, 5, 13, 4], [7, 6, 9, 13, 3, 4, 11, 1, 2], [8, 3, 10, 11, 2, 13, 1, 5, 12, 4], [9, 7, 4, 1, 6, 5, 12, 11], [10, 8, 13, 1, 12, 11, 3], [11, 8, 4, 6, 7, 1, 9, 12, 10, 3], [12, 2, 13, 4, 5, 8, 9, 10, 11, 14], [13, 7, 12, 10, 8, 3, 1, 6], [14, 12, 15, 16, 18, 23, 26, 17, 20, 22, 25], [15, 14, 17, 19, 18, 21, 24, 25, 23, 20, 22], [16, 14, 24, 18, 19, 26, 21], [17, 15, 20, 25, 24, 14], [18, 14, 19, 25, 16, 15, 23, 24, 22, 21], [19, 18, 15, 25, 21, 16, 24, 23, 20], [20, 17, 21, 24, 25, 23, 15, 22, 14, 19], [21, 20, 22, 15, 19, 23, 18, 16, 25], [22, 21, 24, 18, 26, 20, 23, 14, 15], [23, 14, 26, 24, 18, 21, 20, 15, 22, 19], [24, 20, 16, 22, 23, 15, 18, 25, 19, 17], [25, 18, 19, 20, 15, 17, 24, 21, 14], [26, 23, 14, 22, 16]],