{"inst1": {"S": [[1, 2, 4, 8, 10, 12], [2, 1, 3, 6, 4, 12, 8, 5, 7], [3, 2, 5, 7, 6, 12, 11, 8], [4, 1, 2, 6, 5, 8, 13, 12, 10, 14], [5, 3, 10, 11, 4, 2, 12, 13, 7, 9], [6, 2, 9, 13, 4, 3, 10, 12, 11], [7, 3, 12, 5, 2, 13, 11, 10], [8, 1, 13, 9, 2, 10, 12, 4, 11, 3], [9, 6, 8, 13, 11, 5], [10, 5, 8, 12, 11, 6, 1, 7, 13, 4], [11, 5, 12, 9, 8, 10, 7, 3, 6], [12, 11, 13, 2, 8, 10, 5, 7, 4, 3, 6, 1], [13, 12, 8, 6, 9, 5, 4, 7, 10], [14, 4, 15, 17, 21, 26, 20, 23, 19], [15, 14, 16, 22, 19, 20, 26, 23, 17, 21], [16, 15, 22, 18, 26, 24, 25, 19, 21, 20], [17, 14, 18, 19, 24, 25, 20, 15, 26], [18, 17, 20, 25, 21, 16, 19, 24], [19, 17, 24, 15, 21, 18, 23, 16, 26, 20, 14], [20, 18, 22, 17, 26, 24, 25, 15, 14, 21, 19, 16], [21, 14, 18, 19, 20, 16, 26, 15], [22, 15, 23, 25, 20, 16], [23, 22, 25, 24, 19, 14, 15], [24, 17, 19, 25, 20, 16, 23, 18], [25, 17, 26, 22, 18, 23, 24, 20, 16], [26, 25, 14, 20, 16, 15, 19, 21, 17]], "f": [[200.0, 0.0, -50.33066717461938, -15.40649088367536, -81.81225747494061, 6.503523280174295, -5.5362128174345715], [200.0, 0.0, -18.889457745496617, -48.59696272219842, 92.52768713965924, 1.811195591651682, 87.20994637340287, 67.6670688848231, -48.21002320471182, -19.66924134022694], [200.0, 0.0, -10.406515978955655, -53.108435005340326, 15.477742385225145, 97.29577290636153, -26.966724034866573, 34.20165736190661, -72.47748170370352], [200.0, 0.0, 24.01852052940574, 41.43745338277658, -99.83007586642042, -17.242490143455047, 86.21000581640268, 51.39159314297335, -78.14623254206347, 37.384907023114856, -14.952326049049013], [200.0, 0.0, 45.1943848902943, 3.5731785783183145, -5.318985199045123, 73.31422769575902, 23.111973143245535, 47.45844678661373, 70.58060452983462, -41.30470022729009, -12.506744350151], [200.0, 0.0, 61.240181041518206, 32.44280187444111, -62.68469282170728, -86.2704280639508, 22.728504208682644, -54.983692818329914, -40.26481703633993, 14.244063176485167], [200.0, 0.0, -62.00149335095062, -29.65747692411711, -7.030964006867069, -82.08967668633069, -13.864667039268719, -54.15030162056888, 33.37412220029285], [200.0, 0.0, 80.79723858143413, -74.13207465820429, 84.59913020694432, -8.654898787666276, 99.85455690759595, -6.8562689433925295, 40.03148387896667, 15.831539726297162, -83.12554213112968], [200.0, 0.0, 19.963922356049004, 48.53305855728147, -82.05272179039764, -98.55302621059576, 63.71799017518751], [200.0, 0.0, 26.988232336318553, 79.85903033934383, -54.03437527393833, 7.0834886492041615, 29.432933181019894, -68.30992953265435, -29.05906437515222, -92.57054126542772, -47.413198011670076], [200.0, 0.0, 51.15979915622009, -25.00762643288079, -18.354297374350324, -53.96569790886243, 93.33251193130741, 69.62298310672755, -56.7865545255414, 3.2264962393810714], [200.0, 0.0, 88.25007276801952, 55.055069763363626, 87.38804558724995, -88.62285207532408, -7.736270874364504, -34.65551665567234, -20.013301485402813, 6.075194600082456, 33.874475397344696, -55.89527715480398, -49.31317188364761], [200.0, 0.0, 35.307079746418445, -1.0939915194920324, -26.34235557469149, -45.17460897648873, -7.043704111515692, 55.72310194706007, -29.439714533824812, -75.42242526511447], [200.0, 0.0, -44.05436095481514, -32.47474038487883, 57.965516106386936, 72.01508540673902, 58.96913178948271, -18.1941649303907, 26.06899476872706, 85.7449505901618], [200.0, 0.0, 39.90897904228945, 12.897565774277098, 19.69943163187764, -77.3092730770437, 11.645809309703314, 42.40915648860379, -36.76029536720024, -45.92375123226813, -75.93282018482905], [200.0, 0.0, -99.72145603560183, -82.7511004564865, 65.18806441773633, -94.28546945757662, 86.92409817281319, 44.62549990862223, -18.044001286014666, 5.488816158428089, -99.5433344844893], [200.0, 0.0, 90.0389466956725, -52.70925239662609, 27.550790074575858, 87.3499007969449, 16.780679081041683, -4.694438558066638, 87.36038536628877, 96.48452123545484], [200.0, 0.0, 46.12338350942182, 0.2606233433859684, -48.34132621027636, -46.37068737187337, 77.69255359687497, 51.30645945041144, -30.983234605733777], [200.0, 0.0, 53.15465936225188, -55.27427919457957, -47.21513561674093, -20.737278343606256, -37.9630575842967, 90.81098507547571, 60.709253275691964, 62.87482858319515, -44.65214342460773, 24.991196670436942], [200.0, 0.0, -10.740088089601985, -80.11665309957267, 0.4371417193040461, -43.35536682975272, 37.42724585532875, -31.530242633258364, -4.967800296736757, -53.14422690082936, 94.91590730689133, 25.571690760227405, 48.17889724160689], [200.0, 0.0, 62.627227562492216, 8.975706898957236, -99.93561765417584, -52.49271100875803, -97.01077747627124, 6.4599226873375715, -23.109007459993425], [200.0, 0.0, 24.120475510550655, -97.69153848794463, -47.550163765515975, -0.533346789409328, -7.912124157211253], [200.0, 0.0, -58.49900131643431, -83.74023633158943, 73.0028411286567, 4.686394270120564, -93.545118544033, 66.67090142947403], [200.0, 0.0, 89.17393113856483, 63.968467029714596, 54.54677544757634, -97.833936968409, 17.884136213200442, 68.48184834500954, -34.52840184604193], [200.0, 0.0, 21.65833047713688, -83.78912600046309, 63.97991120128916, -86.69927380543172, -19.059278251985123, 96.92513050242191, 88.37186047446646, -39.52153301836032], [200.0, 0.0, 43.5499124037793, -44.481134250805376, -36.28627374689746, 99.85545191521396, 76.09544810072633, 61.26413729935067, -65.53558663490875, 85.58105941616077]], "c": [5.29690754456304, 4.753029176102226, 4.568458305571985, 4.502998825483613, 5.388829595173573, 5.497582440559043, 4.5530348597019294, 5.4842626091001225, 5.486830563447699, 5.33559317348286, 5.017878365147587, 5.194038609063904, 5.000649720452302, 4.551057622116102, 4.529678467636857, 5.18932943895321, 4.906065629265854, 4.879923249122321, 4.990250984894851, 4.610936764469699, 5.032834664153869, 4.9337580115844695, 5.109562332901223, 5.022998889217585, 4.791525400297696, 5.185397514352926], "caves": [[1, 2, 3, 4, 5, 6, 7, 8, 9, 10, 11, 12, 13], [14, 15, 16, 17, 18, 19, 20, 21, 22, 23, 24, 25, 26]]}, "inst2": {"S": [[1, 2, 3, 4, 9, 11, 12, 6, 5, 13, 14], [2, 1, 8, 10, 13, 6, 11, 3, 4, 12], [3, 1, 6, 11, 4, 9, 2, 8, 10], [4, 1, 5, 6, 8, 3, 13, 9, 2, 11], [5, 4, 7, 13, 6, 9, 11, 1], [6, 4, 3, 11, 5, 8, 10, 1, 2, 12, 9], [7, 5, 8, 12, 13], [8, 2, 7, 11, 10, 6, 4, 9, 3], [9, 1, 5, 3, 4, 8, 6, 13, 12], [10, 2, 8, 6, 11, 12, 3], [11, 1, 12, 6, 3, 8, 10, 5, 2, 13, 4], [12, 11, 1, 10, 7, 6, 9, 2], [13, 5, 2, 4, 11, 7, 9, 1], [14, 1, 15, 16, 20, 21, 24, 18, 22, 19], [15, 14, 18, 25, 16, 23, 26, 24], [16, 14, 17, 22, 15, 24, 18, 23, 26, 25], [17, 16, 24, 23, 26, 18, 21, 19, 22], [18, 15, 19, 22, 23, 14, 25, 16, 17, 26], [19, 18, 24, 26, 21, 17, 25, 23, 14], [20, 14, 26, 22, 21, 23], [21, 14, 23, 24, 26, 20, 19, 17, 25, 22], [22, 16, 24, 18, 20, 17, 21, 14], [23, 21, 18, 17, 15, 20, 16, 19], [24, 14, 22, 21, 26, 17, 19, 16, 15, 25], [25, 15, 26, 18, 21, 16, 19, 24], [26, 20, 24, 25, 21, 19, 17, 16, 15, 18]],