{"inst1": {"S": [[1, 2, 3, 7, 8, 14], [2, 1, 6, 10, 7, 11, 12, 8, 3, 5], [3, 1, 4, 8, 13, 7, 6, 12, 5, 9, 2], [4, 3, 5, 12, 8, 9, 10], [5, 4, 11, 7, 3, 6, 9, 12, 10, 2], [6, 2, 8, 3, 9, 5, 10, 12, 7, 11], [7, 1, 8, 12, 3, 2, 5, 10, 13, 6], [8, 7, 9, 13, 3, 6, 10, 4, 12, 1, 2], [9, 8, 12, 6, 5, 10, 3, 4], [10, 2, 13, 8, 6, 9, 7, 11, 5, 4], [11, 5, 12, 2, 10, 6], [12, 7, 4, 9, 3, 11, 8, 2, 13, 5, 6], [13, 8, 3, 10, 12, 7], [14, 1, 15, 20, 22, 25, 21, 16, 24, 18], [15, 14, 16, 22, 21, 23, 17, 26, 18, 25], [16, 15, 17, 19, 23, 14, 22, 20, 18, 26], [17, 16, 18, 23, 25, 24, 15], [18, 17, 24, 25, 26, 21, 20, 16, 14, 23, 15], [19, 16, 21, 23, 26, 20, 25], [20, 14, 21, 18, 22, 16, 19, 23], [21, 20, 19, 18, 15, 14, 24, 23, 26], [22, 14, 23, 15, 16, 25, 20, 24], [23, 17, 22, 16, 24, 21, 19, 15, 20, 18], [24, 18, 26, 23, 25, 17, 21, 14, 22], [25, 18, 17, 14, 24, 22, 26, 19, 15], [26, 18, 24, 19, 25, 16, 15, 21]], "f": [[200.0, 0.0, -25.430127638014532, 52.31220943260133, -32.053761623968825, 80.97249346835503, -32.248892625897675], [200.0, 0.0, -91.16657306323832, 16.516820038175982, -1.4215949319496213, -75.3408556598364, -98.33723052505754, 22.149118933029442, -51.08778802362848, 41.72314176318621, -91.83885883755576], [200.0, 0.0, 60.47746763281911, 78.20764070583208, -47.45962918269262, 5.72798016059568, -10.155097928638913, 38.11798812130267, -45.995132278766235, -80.88919862009631, -64.4672415219736, -43.61575597781033], [200.0, 0.0, -2.4552798009413124, -70.89901650326433, -16.427531172123455, 14.520670021803861, 91.08857977449358, -91.88539700152019], [200.0, 0.0, -62.61312297327679, 16.519722519531932, -29.759308621808465, 7.638790245778826, -68.20031582550719, 19.970049204834183, 13.005537233221132, 92.88264024416686, -61.7288484665228], [200.0, 0.0, 92.08346479619527, 94.59239186599855, -58.12073054212903, -2.1200581755645542, 82.17675996165764, 2.5420930518913476, 49.541463060643466, -17.831364955427766, -39.33694736502489], [200.0, 0.0, 18.811379197041965, -61.00196502920292, -49.7494880918022, 7.449778398141316, 9.368836762302779, -77.42366545600858, 90.75559013123862, 38.055891059614225, -32.378248637359476], [200.0, 0.0, -60.472794906143456, 20.98160994410798, 5.817313792309009, -72.78598558474944, -61.900149334113095, 7.446009574890899, -87.36461594709633, -53.57215484092486, -44.5303578827861, -60.280090917018825], [200.0, 0.0, -84.36812635659292, 71.96318715759082, 67.38054935778821, 64.85602513835033, 27.451454450280078, -53.41967871902122, 19.617904739592706], [200.0, 0.0, 82.34609317136194, 80.57058723012538, -19.42954590487094, -57.2941689883351, -89.18313073865328, 76.52280683942404, -49.95078335510921, -84.10341388829494, 35.973263138129894], [200.0, 0.0, -40.85423908667509, -67.82793938828546, 60.92257561667014, 16.579802215416372, -85.50519887776274], [200.0, 0.0, -86.47809774425062, 44.2033913398115, 99.87300368391617, -79.90045943988974, 82.83042586482021, 6.572656511356922, -82.08266285845782, 96.98990328508827, -38.83863825263711, -53.58695921091321], [200.0, 0.0, -13.590945001222998, -6.285651686863969, -7.102083213699739, 26.687241019668683, -59.258298397411636], [200.0, 0.0, 63.338832855373454, -30.263427440877933, 90.30686118786313, -72.73691797395539, -31.77573363199746, -96.32513057257725, 74.54959537357573, -22.821294949043946, -72.24423868217231], [200.0, 0.0, -88.0044075072662, -28.08501718460179, 84.59461609937544, -35.68013945474435, -20.487450378278172, -75.56350052785245, -75.69315546152669, 69.6233125432866, -23.455679528973427], [200.0, 0.0, -63.80891736319663, -29.687028665407134, 70.29283604564314, -10.525288555828528, -52.8146605575516, -17.18663221340595, 53.005760054576555, -16.971972720362416, 74.2734038862924], [200.0, 0.0, 24.000568245156593, 78.91057748391978, 2.6903431289094337, 40.97634789208582, -40.214255246611486, 8.38850233992936], [200.0, 0.0, 71.98424201582525, -98.38913997623722, 41.434441967545375, -70.94525351194068, 21.375976779047722, -12.039529281508887, 43.387483601156184, 41.00544592737159, -49.24556632320598, 2.480183738902797], [200.0, 0.0, 26.615792261404494, 28.957307458728888, 26.938863712414896, -19.2726686674342, 16.034744501442, -44.13269418380992], [200.0, 0.0, -21.152774827345944, 54.00184111156301, -3.91363736004815, 1.4075133132468665, -79.6974818040151, 40.28857499168927, 74.99022836933113], [200.0, 0.0, -71.31474003803608, -90.3296846290234, -81.73114449613689, 0.5825257523364158, 37.51664713956517, 53.78731982349883, -99.12873770000756, -45.39376062049683], [200.0, 0.0, -86.278311499491, 24.092246866882604, 82.83798882331746, 50.85430303485674, -47.06294105650826, -35.803869717490635, 90.54384098078513], [200.0, 0.0, -87.36013164316607, 22.988395578260736, -68.4502844280739, 62.4988189821444, 15.311526477325765, -3.86541621836749, -79.9167481041049, 41.362528412996944, -38.99979590645009], [200.0, 0.0, 78.43659810554173, -61.693404969076404, -49.500828734419855, -3.850006313043175, 97.76201267175635, 75.89995435996508, 96.63893313749266, -37.02266355438433], [200.0, 0.0, -81.64422323540752, -84.92388626943759, 98.80369075961231, 68.55505970478247, 9.724119119215358, 25.975768698404277, 12.714168004340864, -51.56494701012344], [200.0, 0.0, 21.890170516700525, 95.05838804469964, -34.44623453938942, 39.193787529661336, 56.22539424380124, 20.450415863388784, -5.487429007091427]], "c": [4.632531958747874, 4.509311280739269, 4.770189771467665, 5.12901481110928, 5.009400557830782, 4.602571728787297, 4.905807715176239, 5.091140673320232, 4.885182959010496, 5.247399320901665, 5.363717659984672, 4.697957109706357, 5.009893876325778, 5.4073778801298085, 4.589078496716443, 5.482988841220081, 4.765763009848384, 4.762886622858542, 4.720932067934095, 4.908768619755234, 5.459552905028846, 5.1315593725768025, 4.658102536378393, 5.023428727542742, 5.295087806043401, 5.186434857575128], "caves": [[1, 2, 3, 4, 5, 6, 7, 8, 9, 10, 11, 12, 13], [14, 15, 16, 17, 18, 19, 20, 21, 22, 23, 24, 25, 26]]}, "inst2": {"S": [[1, 2, 3, 5, 13, 7, 10, 12, 8], [2, 1, 4, 12, 6, 5, 10, 11], [3, 1, 10, 13, 5, 9, 6, 8], [4, 2, 6, 7, 13, 9, 12, 11], [5, 1, 8, 12, 11, 2, 7, 3, 9, 13], [6, 4, 2, 8, 9, 11, 3, 12], [7, 4, 11, 5, 1, 13, 9], [8, 5, 9, 12, 6, 11, 10, 13, 1, 3, 14], [9, 8, 4, 6, 3, 5, 10, 7], [10, 3, 12, 13, 1, 2, 8, 11, 9], [11, 7, 12, 5, 8, 4, 6, 10, 2, 13], [12, 2, 5, 8, 11, 10, 4, 1, 6, 13], [13, 4, 1, 10, 7, 3, 8, 12, 11, 5], [14, 8, 15, 16, 17, 18, 23, 19, 25], [15, 14, 20, 22, 24, 21, 17, 18, 16, 26, 23], [16, 14, 25, 15, 22, 18, 21, 20, 19], [17, 14, 19, 24, 15, 22, 20, 23], [18, 14, 15, 26, 21, 22, 24, 25, 16], [19, 17, 21, 24, 23, 25, 14, 22, 16], [20, 15, 24, 25, 26, 21, 17, 22, 16], [21, 19, 22, 23, 26, 15, 20, 18, 24, 16], [22, 21, 15, 17, 25, 18, 19, 20, 16, 26, 23], [23, 21, 19, 24, 14, 17, 22, 15], [24, 17, 15, 19, 20, 23, 18, 21], [25, 16, 19, 22, 20, 18, 14, 26], [26, 21, 20, 18, 15, 22, 25]],