{"inst1": {"S": [[1, 2, 3, 13, 7, 9, 6, 4, 10], [2, 1, 3, 4, 10, 11, 6, 5, 8, 13, 7], [3, 2, 1, 10, 7, 5, 6], [4, 2, 5, 8, 9, 11, 13, 10, 7, 1], [5, 4, 6, 2, 9, 7, 3, 12], [6, 5, 7, 10, 2, 1, 12, 3], [7, 6, 9, 3, 1, 5, 11, 13, 4, 8, 2], [8, 4, 9, 2, 10, 12, 11, 7, 14], [9, 4, 13, 7, 8, 10, 5, 1, 11, 12], [10, 2, 12, 6, 3, 8, 9, 4, 1], [11, 2, 4, 12, 13, 8, 9, 7], [12, 10, 13, 11, 8, 9, 6, 5], [13, 9, 12, 1, 2, 4, 11, 7], [14, 8, 15, 23, 25, 20, 18, 17, 19, 21, 16], [15, 14, 16, 19, 24, 18, 22, 26, 23], [16, 15, 17, 20, 24, 22, 26, 21, 23, 25, 14, 18], [17, 16, 18, 25, 14, 21, 23, 24], [18, 17, 22, 23, 24, 15, 20, 14, 19, 26, 25, 21, 16], [19, 15, 21, 18, 14, 23, 20, 26], [20, 16, 14, 21, 18, 19, 26, 23], [21, 19, 26, 20, 25, 16, 17, 18, 14], [22, 18, 16, 26, 15], [23, 14, 18, 19, 16, 17, 25, 20, 15, 26], [24, 16, 18, 15, 17], [25, 14, 26, 17, 21, 16, 18, 23], [26, 21, 25, 22, 16, 18, 15, 19, 20, 23]], "f": [[200.0, 0.0, -63.21383162773484, -71.25946826998606, -40.566723034813236, 43.55846346519792, 41.191520214444296, -28.267017076310587, -41.963206427781465, 37.120877511834635], [200.0, 0.0, -89.52293132737823, 60.45207407192663, 29.703675610584625, -43.17816665618908, -97.09695666806266, -49.90851092932837, 34.19840492343005, -87.42513739225363, 9.570221511283638, 67.33796749485703], [200.0, 0.0, -78.46375597559516, -63.877652657038084, -34.44897894517433, 43.598239745582454, 26.334685855855632, -38.82399112844017], [200.0, 0.0, 60.87775916061038, -12.857024958888541, 39.971841034712256, 52.047901838217655, -49.12192502019097, 93.28565395637382, -76.71909162212545, 18.68742585224805, -65.65339599608076], [200.0, 0.0, -63.02099671510379, 67.72639334274906, -5.632448754487229, 66.54262601551073, 27.380996132207834, 95.00171070324328, 79.26380471630041], [200.0, 0.0, 9.948999249841295, -57.725796778382964, 7.286792714708401, 6.433576650882822, 90.84022132537122, -76.91354308278679, -74.96837658288781], [200.0, 0.0, 0.5198955436412689, -45.29376457657168, -95.10765431220236, 59.64037297174498, 22.3261537388731, -28.25978986527811, 79.68225640935603, -82.57324337496996, -74.54207879148828, -60.50011702452747], [200.0, 0.0, -27.74609486114843, -56.9682308806889, -6.592130527883522, -54.278366982144654, -43.3973874640684, -99.91524394378895, -78.57541085297149, -94.29383264446214], [200.0, 0.0, -35.409242920896425, -94.80844401333988, 26.02491116445338, 73.05610996791212, 18.48217160632146, -52.919948603739876, 8.190489353293785, 76.68203944045075, 24.92998578758998], [200.0, 0.0, -73.34599601216712, -28.68597844087464, 52.840050314394695, 8.92651796804056, -60.11005781837881, -76.55892867083027, -13.752325943290277, 57.89625896653008], [200.0, 0.0, -15.564481009886965, 20.951575081857143, -52.880311995334004, -70.3566656756089, 59.196022015577874, -31.97721958201982, 61.06652260206871], [200.0, 0.0, 39.971383676634616, -67.65108782039802, 49.88332354081608, -81.13045638428342, 3.5036634159073765, 93.64445517984537, 85.79670503905436], [200.0, 0.0, 27.83803832010614, -7.487994691153088, -47.819278569323885, -94.1599184760352, -45.98658224981265, -46.86637164324685, -94.85302251256694], [200.0, 0.0, -27.18830703416033, 72.59996162873723, 74.25859028442939, -63.78571540733833, 75.06630590093613, -32.539668417519806, 94.13458199424855, 44.61653779047818, -73.06208411971183, 99.72847489240264], [200.0, 0.0, -16.17571391230912, -7.8619171561692625, 90.77892858902756, -55.53550294032617, -10.08331379633869, 40.05933494914187, 53.05849665458054, 57.03014977459138], [200.0, 0.0, -34.52570348700365, 68.89497434968177, 25.536740930315503, -94.7115777712806, 26.51841766684504, 44.01667188657585, -62.49958441795065, -16.56763040559428, 88.22051830355929, 71.33665376074556, -46.449168730772804], [200.0, 0.0, 9.688689853608068, 12.501029204728486, 61.56807869789447, 52.95336735160798, 47.71351296877455, -36.66162954639249, -30.684712783945976], [200.0, 0.0, 57.84041861893496, -77.62902760433957, -4.263833645354165, -30.95897328593036, 59.2768743003953, 25.838528220343846, 87.23300240273582, -79.97063729999412, 71.20463029994684, -25.019433352376552, 68.43693974133562, -55.66404169181143], [200.0, 0.0, 38.51551470400696, 31.06992520364198, -83.70573038145888, -29.96793847385961, 16.464143662892482, 93.35806417459209, 92.19183481954207], [200.0, 0.0, 84.92316910027458, 17.07044871025465, -79.90320203395905, 18.438414240580727, 62.17656218529826, -96.83168840517634, -9.384533275532947], [200.0, 0.0, 57.51095869182335, -5.108002403239209, 70.78140905765939, 96.59865901509193, -20.915966244937746, 98.67846673761179, 53.74389492261717, 66.99640180581542], [200.0, 0.0, -58.34385806687745, -28.811146730605188, -17.687060299727754, -5.070464150626219], [200.0, 0.0, 23.75260431071147, 86.94918181364018, 50.01897069772077, -8.722673317112562, -10.982946306704422, -83.17063186019462, 65.77440885221846, -37.26228909955927, -56.5191944953467], [200.0, 0.0, -73.96100557920626, 41.583034892012115, -53.452559943124164, 10.444980521449176], [200.0, 0.0, -35.58635871098239, 85.59900312093298, 69.52729051597011, 6.539371298918661, 46.30958777834342, -44.15435124964318, -95.40750311608448], [200.0, 0.0, -74.52368703796333, 23.924214965593205, 30.23429869400074, -19.87855139029606, 80.46374543410259, 13.261559721281579, 21.880317025638885, 20.508266869279822, 61.51043049099596]], "c": [5.397825886825634, 5.292708570197657, 5.049108714389147, 5.3279627864856485, 4.7055052334606975, 4.988872255583303, 5.056853410831154, 5.069102236936935, 5.066557764544676, 4.864122616703513, 5.4276191429195855, 5.042763148346989, 4.50817714166834, 4.681193898238389, 4.519419793777342, 5.0235852618008545, 5.06889606787819, 4.920088571523487, 4.830280612446535, 4.5223283795059785, 4.806891519487058, 4.598469009121354, 4.781276095926312, 4.763680056429937, 4.620678939539923, 4.745209843544054], "caves": [[1, 2, 3, 4, 5, 6, 7, 8, 9, 10, 11, 12, 13], [14, 15, 16, 17, 18, 19, 20, 21, 22, 23, 24, 25, 26]]}, "inst2": {"S": [[1, 2, 3, 4, 10, 6, 7, 9, 5, 13], [2, 1, 7, 5, 11, 12, 4], [3, 1, 4, 6, 13, 12, 9, 7, 10], [4, 3, 5, 8, 12, 9, 1, 2, 11, 14], [5, 4, 11, 2, 12, 13, 1, 6, 7], [6, 3, 11, 9, 12, 1, 7, 5], [7, 2, 8, 1, 13, 6, 3, 10, 5, 9, 11], [8, 4, 9, 7, 10, 12], [9, 8, 10, 12, 4, 6, 3, 1, 11, 7, 13], [10, 9, 13, 12, 8, 1, 3, 11, 7], [11, 6, 5, 2, 10, 12, 9, 7, 4], [12, 4, 3, 9, 10, 2, 6, 5, 11, 8], [13, 3, 10, 7, 5, 9, 1], [14, 4, 15, 16, 18, 17, 20, 24, 26], [15, 14, 17, 19, 24, 18, 25], [16, 14, 20, 21, 24, 23, 22, 19, 18, 17], [17, 15, 21, 18, 14, 26, 22, 24, 16, 25], [18, 14, 23, 26, 19, 17, 15, 22, 16], [19, 15, 22, 18, 20, 16, 21, 23, 26], [20, 16, 25, 26, 22, 21, 14, 19, 23], [21, 16, 17, 26, 20, 25, 24, 19, 23], [22, 19, 16, 20, 17, 23, 18, 26], [23, 18, 16, 24, 20, 19, 21, 22, 25], [24, 16, 15, 25, 23, 21, 14, 26, 17], [25, 20, 24, 21, 23, 26, 15, 17], [26, 18, 21, 20, 17, 14, 24, 19, 25, 22]],