{"inst1": {"S": [[1, 2, 3, 9, 12, 4, 5, 13, 8, 11], [2, 1, 4, 6, 3, 7, 10, 8], [3, 1, 6, 11, 5, 10, 2, 4, 9, 13], [4, 2, 5, 8, 1, 7, 11, 3, 13, 6], [5, 4, 7, 12, 3, 13, 9, 11, 1, 8], [6, 3, 10, 2, 9, 13, 8, 11, 4], [7, 5, 8, 11, 4, 2, 13, 10, 12], [8, 7, 4, 9, 6, 13, 2, 5, 1], [9, 1, 13, 8, 6, 10, 5, 3, 12], [10, 6, 3, 9, 2, 7], [11, 3, 7, 5, 13, 4, 6, 1], [12, 1, 5, 13, 7, 9], [13, 9, 12, 5, 11, 1, 6, 4, 8, 7, 3, 14], [14, 13, 15, 19, 16, 18, 21, 17], [15, 14, 16, 17, 18, 21, 19, 20, 26], [16, 15, 26, 24, 14, 23, 25, 19, 18, 22], [17, 15, 25, 21, 20, 19, 26, 22, 18, 24, 14], [18, 15, 22, 24, 26, 14, 19, 21, 16, 17], [19, 14, 20, 23, 26, 25, 22, 15, 18, 16, 17], [20, 19, 25, 23, 22, 15, 17, 21], [21, 15, 22, 17, 25, 18, 24, 14, 20], [22, 18, 21, 19, 24, 20, 25, 17, 26, 16], [23, 19, 24, 16, 20, 26], [24, 18, 16, 23, 22, 21, 25, 17], [25, 20, 19, 17, 16, 21, 22, 24], [26, 16, 18, 19, 17, 23, 15, 22]], "f": [[200.0, 0.0, 9.793368942566815, -64.20167388889988, 80.61586305368967, 75.7176047828624, -47.44580024359588, -74.0397533890999, -95.41888164619898, 18.205873141414443, -25.32494177651912], [200.0, 0.0, -83.07217593523978, 10.761185191239164, 60.59315556730811, -15.89114524865094, 93.86621046211656, -72.57653899898948, 82.28194565796197], [200.0, 0.0, -51.205555937787196, 67.97013641634153, 49.40677550156125, 78.88757285257432, -83.8181713577204, 33.02975717511427, 63.51222398095151, 15.862609230289305, 64.04784268175018], [200.0, 0.0, -10.243945789548569, -69.32021434872344, -40.62609889840756, -22.521817507719977, -25.465116773650177, 60.70012951144754, -80.83874683635432, 90.16084586261005, -85.67218931125001], [200.0, 0.0, -38.895061877148216, 69.53884542499571, -12.10989253473227, 18.396385153912153, 89.2232430097835, -94.50579400245655, -30.85536995284781, -8.56975669933302, 26.55585206374176], [200.0, 0.0, -83.61935598851605, 65.62643094153225, 7.599543286043597, 15.652617208803443, 83.9693939334526, -13.80569911157281, 5.054818756182877, 56.08729932635998], [200.0, 0.0, -17.39964111528398, 4.360899744325009, 23.503856316605187, -97.61642817712546, 17.164894314941815, -73.28213966161353, 14.020765531033263, -28.725672953018112], [200.0, 0.0, 81.56630515699416, -11.908550285563791, -14.70145432971428, -8.07655975529158, -81.15710403527363, -77.96799736225685, 7.066778807373009, -44.31665516905683], [200.0, 0.0, -75.72594820994199, 17.046536207740214, -86.19159396403468, -36.35167987447004, 37.05459228752797, -94.31302222754876, -29.341064447150835, -35.8151370059165], [200.0, 0.0, -42.67006552205315, -57.727225064016885, 16.751935798088734, -69.27476718925175, 78.1728247016653], [200.0, 0.0, -11.297328506519456, -84.72352403902373, 10.797503712404088, -57.747454584896275, 47.02890828339375, -58.09179535575835, -78.29664036477703], [200.0, 0.0, -22.971194119056037, 27.425132243274653, 22.18160998745318, -6.4884198726971265, -89.89925805506415], [200.0, 0.0, 61.83730062248991, 26.537780030565237, -28.948708474913886, -99.93770698344, 62.125886917235995, 78.44685448746812, -59.37962970905695, -45.7228536550879, 0.6828448042872637, -33.76420978422534, 17.770201339767322], [200.0, 0.0, 75.86590471872663, 51.40211312324481, 89.06757511658176, -59.95316182170893, -86.51732994584269, -2.51685063299949, -30.286483894038362], [200.0, 0.0, -5.442336779218659, 36.718941527161554, 55.54846374671216, 97.92336830621258, -48.544977322398, -10.053026454189817, 71.97253320387387, -16.336549228914187], [200.0, 0.0, 70.47505989173311, -8.109534456215473, -32.99630463903473, -5.711941002691123, -55.577668678860626, 60.10732792262103, -4.965176834366325, -17.516836437434446, -37.215931784553625], [200.0, 0.0, -65.0906276998389, -35.9378073218892, -0.8113566004880779, -96.15461111394121, -51.78476012698876, -55.022369839887354, 80.94835360587726, 19.391649224356765, -12.040108408580675, -31.40908786281362], [200.0, 0.0, -43.713111865725175, -92.8084008376732, -79.26867210367314, 40.769665717439054, 82.3244629540517, 74.23177700192024, 3.469289776057183, -0.15647233522624315, 25.52368791333015], [200.0, 0.0, -27.860779266160797, 39.26897042102331, 94.65616858369668, 14.149506637434396, 80.92086999127264, 99.49453219736614, -35.602559542322275, -40.823293730205364, -35.21547806905476, -63.06548466582904], [200.0, 0.0, -43.7714388465041, -46.893112775539606, -3.3432296271355133, -32.8882719336199, -46.04269240692549, -49.11952731107965, 32.37420680890699], [200.0, 0.0, 15.913585761210381, 11.948723173839149, -14.595107538327824, 26.650458334774598, 59.94562803797447, 30.853580135972656, -43.30905337787048, -91.29225115785175], [200.0, 0.0, 3.507935603833756, 19.72666100562288, 49.79641415001841, 95.44910217150306, 64.13448149869232, -33.93754618196658, 8.885288686991455, 33.35509202297564, -72.45224277423989], [200.0, 0.0, 14.920693072956915, 38.171056366679835, -91.30118853435052, -66.1369933123756, 60.48027118280721], [200.0, 0.0, -79.17065067158835, -62.443416878256365, -69.25459190354447, 37.64409728295577, 87.64095749458414, 34.807357253274375, -70.57608510862956], [200.0, 0.0, 46.311755741388374, -62.175559358335676, 16.82021337748192, -25.09050397446735, -22.161589628994747, 16.61150157432023, -87.12152005654355], [200.0, 0.0, 79.21622120485526, -48.838359903036, -36.08555892030423, 4.701428824356069, 62.57361610445553, 34.12556819769652, 94.95532131477844]], "c": [5.121785854073304, 4.871346757578288, 4.688257294046599, 5.32161110170182, 5.276839351776325, 4.766198127566994, 4.8055212692537435, 4.662275625949548, 4.929646391702423, 4.57962498623021, 5.091182810171863, 5.294239313548873, 5.063643678918527, 4.843062493964155, 4.758002993567517, 4.663855619913398, 5.139658484584759, 4.641656359687415, 5.151219407333929, 4.771448100047168, 5.008452328067296, 5.122649763044809, 5.400763110357673, 5.335847287181286, 5.042668795245953, 5.459833850697497], "caves": [[1, 2, 3, 4, 5, 6, 7, 8, 9, 10, 11, 12, 13], [14, 15, 16, 17, 18, 19, 20, 21, 22, 23, 24, 25, 26]]}, "inst2": {"S": [[1, 2, 3, 4, 9, 11, 10, 6, 5, 7], [2, 1, 5, 12, 3, 4, 6, 13, 10, 7], [3, 1, 2, 7, 5, 9], [4, 1, 10, 7, 8, 13, 6, 2, 11, 5], [5, 2, 6, 7, 8, 10, 3, 12, 1, 4, 13], [6, 5, 12, 9, 4, 2, 7, 1, 13, 10, 14], [7, 5, 11, 3, 9, 4, 13, 8, 6, 1, 2], [8, 5, 13, 4, 12, 7, 10, 9], [9, 1, 6, 7, 11, 8, 12, 3], [10, 4, 5, 13, 1, 2, 8, 6], [11, 1, 7, 12, 4, 9], [12, 2, 13, 6, 8, 11, 5, 9], [13, 8, 12, 10, 7, 4, 2, 6, 5], [14, 6, 15, 16, 19, 20, 23, 22, 21, 24, 18], [15, 14, 17, 18, 25, 16, 24, 20, 21], [16, 14, 23, 25, 19, 21, 15, 22, 26, 18, 20], [17, 15, 18, 21, 20, 24, 23, 19, 22], [18, 17, 22, 15, 21, 24, 14, 16], [19, 14, 24, 25, 26, 16, 23, 17], [20, 14, 17, 23, 15, 16, 25], [21, 17, 23, 26, 24, 25, 18, 14, 16, 15], [22, 18, 25, 26, 23, 14, 16, 17], [23, 16, 24, 14, 21, 20, 17, 22, 19], [24, 23, 19, 17, 21, 18, 25, 15, 14, 26], [25, 22, 16, 26, 19, 21, 24, 15, 20], [26, 22, 25, 19, 21, 24, 16]],