{"inst1": {"S": [[1, 2, 3, 8, 12, 5, 7, 6, 13], [2, 1, 4, 7, 10, 3, 13, 11], [3, 1, 8, 7, 6, 13, 2, 9, 5, 11, 4, 14], [4, 2, 5, 8, 9, 10, 7, 12, 6, 3, 13], [5, 4, 6, 13, 7, 10, 11, 1, 3, 9, 8], [6, 5, 10, 3, 11, 1, 7, 4], [7, 2, 3, 5, 12, 13, 4, 1, 6, 10], [8, 3, 9, 11, 13, 4, 1, 5], [9, 8, 10, 4, 3, 13, 5], [10, 2, 6, 9, 5, 4, 13, 7], [11, 8, 12, 5, 6, 3, 2], [12, 11, 7, 1, 4, 13], [13, 8, 5, 3, 7, 10, 9, 12, 2, 1, 4], [14, 3, 15, 22, 20, 17, 16, 18, 24, 19, 26, 23, 25], [15, 14, 16, 24, 18, 23, 17, 20, 25], [16, 15, 17, 18, 23, 14, 21, 19, 25], [17, 16, 25, 26, 21, 14, 19, 24, 22, 15], [18, 16, 19, 20, 21, 15, 23, 14, 25], [19, 18, 22, 20, 17, 16, 21, 26, 24, 14], [20, 18, 14, 24, 19, 26, 25, 23, 15, 21], [21, 18, 23, 17, 16, 19, 20, 22], [22, 14, 19, 23, 17, 21], [23, 21, 16, 22, 15, 18, 20, 25, 14], [24, 15, 20, 26, 14, 17, 19], [25, 17, 26, 18, 20, 23, 16, 15, 14], [26, 17, 25, 20, 24, 19, 14]], "f": [[200.0, 0.0, 82.19320055104879, -51.83093500057154, -74.29101154717306, -39.033985538875186, 85.20293243705565, 97.72918897512393, -11.353495775208433, -79.06496228077182], [200.0, 0.0, -17.997242492056344, -49.24884737691833, -14.382385358394178, -91.33728553533838, 98.58862616032866, -44.98609906271576, 85.43049855931703], [200.0, 0.0, -53.9990850308441, -86.30017133066869, 44.511690489685265, -62.88537195793711, -67.42691847851714, -0.30256958092538255, -7.537585157061466, 8.046577455046023, -43.171946578357456, 52.082510703542596, 18.281899216110787], [200.0, 0.0, 14.588073376335121, -41.80138320440998, 41.241688719245204, -14.182515700201126, 99.55833609008444, 72.99425959845067, 99.85131157079361, 12.07783741061823, 24.713290514787122, -81.44505636559987], [200.0, 0.0, -67.22443223665724, 36.25738155095277, 26.70342080434356, -75.17056152742143, -12.333151796255892, -85.86485608345787, 78.63787235299675, -63.70770774090278, -7.336274334123161, -69.36276705370614], [200.0, 0.0, -75.30896865201235, -55.0693466907348, 25.416802662769243, 3.075805042579005, -25.787297741165705, 18.514964473972718, -35.17123237118591], [200.0, 0.0, -5.886077535176959, 4.9655233413107736, -48.73386049087702, 97.18626584693733, 4.599716006821919, -85.34493622487649, 61.69967124640942, 49.69857849099195, -86.68758546174426], [200.0, 0.0, 82.40769421507146, 92.80524654136073, -46.17989508959906, -59.02993591469124, 60.62580546831342, 9.465413756186368, -27.455448347915844], [200.0, 0.0, 86.63201600802401, -47.74050558286993, 46.0993203596191, 63.15188777398064, -35.789037640776364, 73.39928804597464], [200.0, 0.0, 82.8074057843244, -55.78947585675744, 10.27843695121231, -12.650183339027521, 22.257938221870255, -75.84147899496176, 64.2737821199809], [200.0, 0.0, 23.071122540817825, -36.69332649268671, 47.525483458226624, -59.97314747663231, 14.393018649427347, 21.162269857713724], [200.0, 0.0, -54.60373466847705, 37.338240030748324, -36.689083523780596, -12.323706563529612, -29.28728003426171], [200.0, 0.0, -90.23535846015743, 71.33839051385083, -29.980516980090698, 55.32156113247972, -17.720570011115043, -89.51100464686736, -51.99254001634412, 14.756537822298842, -27.676815289975988, 39.79818581452055], [200.0, 0.0, -4.971560489857407, 13.172135554763553, 78.61871064599033, -51.388823419158534, -0.5279772230685431, 94.25319098090907, -69.89851183332105, 99.38879911511658, -81.151878873954, 80.62158932473986, 32.7502041834151, 12.280004867255933], [200.0, 0.0, 48.323080324177155, 84.85028097126785, 86.94306435629726, -54.411612385804965, -50.19137969357086, -20.875113355507313, 38.76194652562035, 60.5150826768154], [200.0, 0.0, 86.87547410849088, -61.07070358151334, -34.96034704037223, 1.565104901375003, -30.9756116805292, -33.40318433016141, -56.7534447880107, -73.74531337414399], [200.0, 0.0, 12.944798069445017, -99.54357491561818, -92.19936498401498, 9.183365943054177, -82.34754490827481, 18.92819656303486, 20.577673225937332, 39.95544143846039, 6.331646392256429], [200.0, 0.0, -15.494046132099237, -1.9131526232341045, -13.634112884518967, -13.884681893428418, -57.401177489213495, -26.502329135780855, -14.661604227599723, -33.581525895695805], [200.0, 0.0, -38.57726534157353, 90.11581953334378, 90.03820938058954, 73.757319164262, -13.457975846848402, -23.24033047285754, 74.18424907359507, 58.876847606306136, -14.739381963722952], [200.0, 0.0, 53.207107803613304, -25.829124494211797, -25.372243055463972, -80.20809521202987, 1.0194946991148868, -6.025337314813384, -12.513190847618038, 84.55675181501118, -55.37528760319515], [200.0, 0.0, -46.64317976430878, -73.46955449208012, -65.47004013845539, 93.03542743536444, 89.39590183305852, -7.323488117351062, 84.48528480684145], [200.0, 0.0, -50.524889908141986, -79.45446223919983, 14.007669015897273, -1.7758465638324283, -95.76614600012907], [200.0, 0.0, -23.229150264524566, -20.56903437651374, 11.173506028164804, -96.72925147475688, -39.834188813043525, -61.79845950356015, -50.42711225688665, 54.50320273393563], [200.0, 0.0, 50.156196385930585, -5.346367158323129, -91.34985412303709, 67.83864715317239, -39.80350344878345, -32.523979812884505], [200.0, 0.0, 89.41891760838199, 40.82860808369904, -30.994644793887826, -58.21694583520143, -89.5064982272419, -83.19840400966486, 98.42144854479157, 6.635243363539245], [200.0, 0.0, 24.681934827406216, 28.39949316664918, 85.52582518634631, 77.85858178012997, 45.83358273155484, -44.88700035510105]], "c": [4.931470086538727, 4.585183334697784, 5.062980278027176, 4.710781974182273, 4.9142275621741085, 5.319125512277302, 4.601502728214909, 5.491724986657071, 5.332195318301207, 5.258770274809923, 4.943647557772953, 4.662272422093151, 5.280487276046678, 5.460347991410036, 4.615775619757631, 4.6043966577746005, 4.972767220953439, 5.06636670924419, 4.815781114753519, 4.801946168751945, 4.866168741359426, 5.464309752166413, 4.645087798193025, 4.8273789532326665, 4.959698935589628, 5.481310301851842], "caves": [[1, 2, 3, 4, 5, 6, 7, 8, 9, 10, 11, 12, 13], [14, 15, 16, 17, 18, 19, 20, 21, 22, 23, 24, 25, 26]]}, "inst2": {"S": [[1, 2, 3, 5, 11, 8, 12, 9, 13], [2, 1, 4, 10, 11, 8, 7, 3, 12, 9], [3, 1, 9, 7, 2, 12, 10, 8], [4, 2, 7, 8, 10, 12, 6, 11], [5, 1, 6, 9, 13, 10, 12], [6, 5, 10, 8, 4, 7, 11], [7, 4, 11, 3, 9, 2, 6, 13, 10], [8, 4, 6, 2, 1, 10, 12, 3, 9], [9, 3, 12, 13, 5, 11, 7, 10, 1, 2, 8, 14], [10, 4, 6, 2, 13, 5, 9, 11, 7, 8, 3, 12], [11, 7, 13, 1, 2, 9, 4, 10, 6], [12, 9, 4, 2, 1, 3, 5, 8, 10], [13, 11, 9, 10, 5, 7, 1], [14, 9, 15, 17, 18, 19, 22, 25, 21, 24, 23], [15, 14, 16, 20, 22, 23, 24], [16, 15, 23, 19, 20, 25, 24, 18], [17, 14, 21, 25, 20, 26, 24], [18, 14, 24, 22, 25, 19, 21, 20, 16], [19, 14, 24, 16, 21, 22, 23, 18, 20, 26], [20, 15, 26, 16, 17, 25, 22, 18, 19, 24], [21, 17, 19, 14, 26, 23, 24, 18, 22], [22, 14, 15, 19, 18, 23, 21, 20, 25], [23, 16, 15, 19, 24, 22, 21, 26, 14], [24, 19, 25, 18, 23, 21, 15, 17, 14, 16, 20], [25, 14, 24, 17, 26, 18, 20, 16, 22], [26, 20, 17, 25, 21, 23, 19]],