{"inst1": {"S": [[1, 2, 5, 8, 7, 6, 13, 11, 12, 4], [2, 1, 3, 4, 10, 9, 13, 12], [3, 2, 6, 12, 13, 9, 7, 8, 11, 10], [4, 2, 7, 13, 5, 11, 9, 1, 6, 8, 10], [5, 1, 4, 12, 9], [6, 3, 11, 12, 1, 9, 4, 8], [7, 4, 12, 1, 3, 11, 9, 8], [8, 1, 9, 13, 12, 3, 10, 11, 4, 6, 7], [9, 8, 2, 3, 6, 4, 10, 5, 7, 14], [10, 2, 8, 9, 11, 3, 4], [11, 6, 4, 13, 1, 3, 8, 12, 7, 10], [12, 3, 7, 6, 5, 8, 1, 11, 2, 13], [13, 4, 8, 3, 1, 11, 2, 12], [14, 9, 15, 21, 25, 18, 26, 20, 19], [15, 14, 16, 18, 19, 24, 21, 20], [16, 15, 17, 19, 26, 25, 21, 23, 22, 18], [17, 16, 22, 24, 26, 25, 21, 20, 23], [18, 15, 20, 19, 14, 24, 16], [19, 16, 23, 18, 21, 15, 20, 22, 26, 14], [20, 18, 19, 17, 22, 23, 14, 21, 25, 26, 15], [21, 14, 26, 19, 25, 16, 23, 17, 22, 20, 15], [22, 17, 23, 26, 20, 16, 19, 21], [23, 19, 22, 25, 21, 16, 24, 20, 26, 17], [24, 17, 25, 18, 23, 15], [25, 24, 16, 23, 21, 14, 17, 20], [26, 16, 21, 17, 22, 14, 19, 23, 20]], "f": [[200.0, 0.0, -99.91473722104922, 55.64339457162701, 74.54598433261901, -89.96010138026224, 29.289920898563725, 76.67597854108772, -98.31311556777325, -0.9615911141096278, 87.9605647493448], [200.0, 0.0, -28.168435011623917, -24.41990493216595, -33.36882635480405, -57.68654316808475, 31.76237200313352, 42.9251761161124, 51.264773120560506], [200.0, 0.0, -47.71037961420521, 13.438314270874297, 73.43634681646722, -96.8535300388078, -57.657679940787986, -22.86338123711782, 30.132755457800098, 19.277584920408188, 77.48265935087247], [200.0, 0.0, 8.839504866679416, 37.555948286584375, -17.207497544521686, -65.25536156473324, -39.30750006563248, 17.732374152855446, 99.4029360932229, 0.4938064715699131, -67.93332378160457, 5.110343115805471], [200.0, 0.0, -41.08210633278855, -96.53389893736237, -79.14588932521936, -33.268543804090235], [200.0, 0.0, -6.253900899827447, -37.33328722254319, -18.44919909979272, -97.28351224346012, -54.94076317152901, 36.71799852564579, -11.09931024593398], [200.0, 0.0, -31.572144772005405, 28.80431633711926, -63.59979704854282, -48.14721200435734, -7.477679377672297, -54.54660056574705, -76.89488030177843], [200.0, 0.0, 1.6322176528888566, 50.93632566385682, -88.72864905192624, 29.118482114252252, 8.596013314371964, 73.93448114278259, 20.96080456700744, 6.35936555806933, 8.603294284915265, 5.296307277816137], [200.0, 0.0, 71.52653542723088, -38.41694854780984, -82.1820511208394, -38.53774884296182, 73.24712478838042, 71.9135619192848, -77.2931135093508, 97.01286109074792, 3.945582508873846], [200.0, 0.0, -35.73085155365132, 75.43608725867867, 77.04827488643662, 62.637854372068034, -33.83794907924498, -65.86035776603502], [200.0, 0.0, 62.283762519109565, -53.425086529335154, -45.91080947337141, 85.64040439001576, 39.602894639805484, -40.07929313792411, 76.21950534642437, -53.56154522665746, 77.52113762441981], [200.0, 0.0, -28.272395445371078, -43.77554244511146, -36.59091344979739, 47.102152604633375, 38.007744330376234, 24.448378626166356, 1.3838379102726783, 38.609883448030004, 85.58595440548942], [200.0, 0.0, -88.46017540189877, 74.37976503680363, -31.25670005132557, -38.7192979768499, 17.155358312475766, 71.86321905738954, -70.93921203873033], [200.0, 0.0, 16.580480047350243, 76.08921219911299, 75.34578645100052, -70.52285618250491, -98.95802694948598, 79.01361466032976, -14.075753319140238, -88.79863199116922], [200.0, 0.0, -51.045242074947964, -60.72245498988495, -92.39843755086221, 88.39929332508491, 91.90667573676272, -30.475769049587463, -57.37563457959283], [200.0, 0.0, 51.51623506845966, 42.56913893301486, 56.636871464403946, -93.33337643217942, -30.065881594938926, -40.10307429782911, 76.24050788568209, -4.690921220269861, -39.17432741976823], [200.0, 0.0, 47.19817152613961, -29.26691642681487, 98.48103533820749, -59.23229951532629, 45.91429744385547, 43.55510844302633, 99.98934123669628, 82.88632913191381], [200.0, 0.0, -75.40752437881078, -94.89773889270847, 19.91116715683241, -8.293599523403717, -59.47013137929693, -12.245945102498833], [200.0, 0.0, -45.061547879890696, -23.84222143549244, 49.93179185069674, 32.07252580354443, 71.7259118423762, -5.409172119351147, -41.739769387022065, -96.36363913468242, 14.12117226716818], [200.0, 0.0, 15.937258838871738, 84.03590110900483, 10.764269389985092, 2.3658653752461234, 38.43182075543219, -63.44278162641752, 6.624424811677265, 78.02196810521349, 70.47134489129283, -73.61404485735186], [200.0, 0.0, -28.791926262147307, -88.59377327494673, 53.89091618468343, 83.65843725747824, 53.122358238379476, 76.18927984689734, -65.85680891433381, -32.510026022403004, -0.29117954314419325, 42.50506076478517], [200.0, 0.0, -48.40871380563407, 67.77825751888588, 47.1656947978198, -9.762475178921704, 33.70674195649084, 89.68979716740286, 48.92972865484842], [200.0, 0.0, 72.80313228377418, 3.028055198387025, 3.4519723300250327, 43.11461505462344, -67.8147792563944, -67.74327428430212, 26.43654656794987, -45.93773499942533, 4.983438145763741], [200.0, 0.0, -72.41071962824266, 70.88101245834363, -58.518563685279815, 13.08894123842288, 87.28934967255113], [200.0, 0.0, -20.039554793121404, 35.819503262466036, -65.92063278512335, -62.939775349382664, 93.60270759982359, 79.41740868899994, -44.946201185207244], [200.0, 0.0, -5.045667846856916, -80.55578272991177, 60.28381836322823, 58.22535504735291, 47.145731888993495, 83.39785685651813, -4.994098718249851, -86.3957514960785]], "c": [4.706968203647055, 5.3279737364471575, 5.0077541428726615, 4.956683843167167, 5.208735195002135, 5.193478284530576, 5.332651295881643, 4.991966294405314, 5.000399650761647, 4.818695462018896, 4.973180102728766, 4.565875119335931, 4.972984244453705, 5.112452271623985, 5.0772111526512225, 4.798193107535971, 4.560847966587449, 5.029466572043313, 4.619605119960807, 4.852084730562604, 4.555394713006449, 4.905531458503389, 5.412018890107424, 5.294717306404279, 5.467620455663517, 5.168414783714928], "caves": [[1, 2, 3, 4, 5, 6, 7, 8, 9, 10, 11, 12, 13], [14, 15, 16, 17, 18, 19, 20, 21, 22, 23, 24, 25, 26]]}, "inst2": {"S": [[1, 2, 4, 5, 10, 3, 13, 8], [2, 1, 3, 12, 5, 4, 9, 13, 7, 11, 10], [3, 2, 6, 11, 12, 5, 9, 7, 1, 13], [4, 1, 11, 8, 2, 10, 5, 7], [5, 1, 7, 8, 10, 3, 2, 6, 11, 4], [6, 3, 9, 12, 13, 10, 5, 8, 7], [7, 5, 8, 9, 3, 11, 2, 4, 6], [8, 5, 9, 7, 4, 6, 10, 1], [9, 8, 7, 6, 12, 3, 2, 10], [10, 1, 5, 12, 6, 11, 4, 9, 2, 8], [11, 3, 4, 12, 10, 5, 7, 13, 2], [12, 2, 13, 3, 9, 6, 10, 11, 14], [13, 12, 6, 11, 1, 2, 3], [14, 12, 15, 25, 26, 21, 20, 23, 22], [15, 14, 16, 17, 19, 20, 23, 26, 25, 18], [16, 15, 18, 20, 26, 22, 24, 23], [17, 15, 21, 22, 19, 26, 24], [18, 16, 24, 20, 26, 15, 22], [19, 15, 23, 17, 24, 20], [20, 16, 24, 21, 22, 15, 26, 14, 18, 25, 19], [21, 17, 20, 23, 14, 24, 22, 26], [22, 17, 25, 20, 16, 26, 14, 21, 18, 24], [23, 19, 21, 15, 25, 24, 26, 14, 16], [24, 20, 18, 23, 26, 25, 21, 19, 16, 22, 17], [25, 14, 26, 22, 23, 24, 15, 20], [26, 25, 16, 14, 20, 22, 15, 24, 23, 17, 18, 21]],