{"inst1": {"S": [[1, 2, 3, 4, 9, 7, 8, 13, 5], [2, 1, 7, 9, 6, 5, 12, 3, 10, 4], [3, 1, 13, 11, 6, 10, 4, 8, 2, 9, 5], [4, 1, 5, 13, 9, 3, 6, 2, 12, 8], [5, 4, 6, 8, 2, 3, 9, 11, 10, 1], [6, 5, 10, 2, 7, 3, 11, 4, 8, 14], [7, 2, 6, 13, 11, 1, 8, 12], [8, 5, 11, 3, 7, 1, 12, 10, 4, 6], [9, 2, 11, 1, 4, 3, 5], [10, 6, 11, 3, 2, 8, 5], [11, 9, 12, 13, 10, 3, 8, 7, 6, 5], [12, 11, 2, 8, 4, 13, 7], [13, 4, 11, 3, 7, 12, 1], [14, 6, 15, 16, 26, 24, 18, 25, 19, 23, 17], [15, 14, 18, 16, 24, 20, 23], [16, 14, 17, 20, 15, 22, 18, 25, 21], [17, 16, 25, 18, 22, 21, 19, 24, 14], [18, 15, 19, 14, 16, 17, 25, 22], [19, 18, 23, 24, 14, 17, 21, 20], [20, 16, 21, 24, 15, 23, 22, 19], [21, 20, 22, 25, 24, 17, 26, 23, 19, 16], [22, 21, 23, 24, 16, 17, 25, 26, 18, 20], [23, 22, 19, 25, 15, 14, 24, 21, 20], [24, 22, 14, 26, 20, 19, 15, 21, 25, 23, 17], [25, 17, 21, 14, 23, 22, 16, 24, 18, 26], [26, 14, 24, 21, 22, 25]], "f": [[200.0, 0.0, -37.94668867738898, -39.43832767555602, 2.210494760688797, 20.750748464911805, 87.22570779892035, -86.017727389069, -78.74033233649367, 50.709874522806], [200.0, 0.0, -6.599132246647477, 89.95229635672979, -9.050714960281514, 48.641769305726726, -37.258409041679805, -66.49160081348468, -5.207570314554566, 60.069267900352386, -18.032460967716446], [200.0, 0.0, 6.99779517045489, 59.29042977054231, -98.83105972036694, 19.04062146337808, -29.119809601207656, 84.81735819178195, 56.00687284187724, 97.47793248683207, 98.28509561954355, 85.09018248879485], [200.0, 0.0, -58.21337758780602, 37.37306586887203, -48.326809224434975, 1.7511315840664343, -72.78442060535193, 81.9836012530156, -99.56233800447684, 1.5472735025012785, -75.4083173040863], [200.0, 0.0, -9.688192790901983, -99.54150543167731, -47.30399762647623, -12.633386021399495, -91.45472414047393, 8.720625432316798, 86.6123879051744, -43.7448735931613, 91.70655602031219], [200.0, 0.0, -16.800896112358043, 82.29840590502424, 77.63208736469005, 25.021026592544125, -4.6332267210014155, 89.73910782639496, 7.836634578318247, 2.1437502985658385, -53.16923233818933], [200.0, 0.0, -4.338550727656365, 21.623199381986158, 25.918695444378216, -41.446869103155606, -16.900675586003032, 18.207140302319537, 25.788646640800295], [200.0, 0.0, -26.858412280679687, -3.2916895090892684, -11.640744644620305, -92.21742764382333, 68.41324571616556, 96.48631855267172, 52.00591224952935, 43.876794874466206, 75.17121868138955], [200.0, 0.0, -33.736046127356346, 78.77401352602647, -19.997642621992085, -89.15900853642533, 11.202051929718282, -74.72838963580055], [200.0, 0.0, -64.45254292244194, 60.790214337187635, -93.48308385551462, -6.699313664360229, 21.041187213240974, -63.72201081348736], [200.0, 0.0, -5.241808909558299, -36.570215174947116, 51.79298214784281, 17.64549274663343, 17.47652187267523, 57.92877329111921, 44.58501773056609, 74.83009094263795, -65.51204327399938], [200.0, 0.0, 50.095939899737864, -88.00656524423995, -26.22382700214818, 77.80693060883397, 61.307882561806196, -59.52932386369132], [200.0, 0.0, 62.42658076330074, 9.733984686181852, -40.70267281832925, -45.757380145841545, -82.92126210402213, 1.8595651511931655], [200.0, 0.0, 96.97939946977118, 57.932753005866644, -20.28151874860815, 60.00160717756293, 17.966453513080573, 34.37286034156899, 80.11734337412098, 45.407945361888856, -93.8272152509661, 76.67569796693653], [200.0, 0.0, -30.992867693229353, 61.603513012383914, 29.708634679857514, -51.73112679723506, -34.051481496057676, -58.05377655207855], [200.0, 0.0, 45.80349529762358, -56.36926493474748, 30.965905539912807, 48.556616393828754, 41.779518026193706, -72.01985819274141, -21.13623986399631, 16.49838175222669], [200.0, 0.0, -51.14007221179231, 93.5062043584118, -80.39442634875593, -99.2623883079857, -38.30701472756557, -76.42110647745159, 49.424713968629284, 58.152514980227195], [200.0, 0.0, -86.80560376468607, 3.612982403506737, 96.68442020387423, -99.13601918284243, -96.7803364614429, -41.03212239001779, -53.24224616048354], [200.0, 0.0, -12.535596379988023, -38.63070126214849, -50.224401875367654, -67.48405347216729, -63.153618188767815, 69.03487213054706, 38.43490932534406], [200.0, 0.0, -19.87868339829224, 31.811660909905413, -79.94446382822767, 33.23582290338918, -74.19986040802287, -84.48763863786206, -23.992691711387092], [200.0, 0.0, 39.81130595046116, 87.0137658473285, -51.45658132303028, 65.15540318013657, 76.4377738557213, 48.04512958575331, 88.52457968769475, 19.58119318292293, -37.46868962881707], [200.0, 0.0, -62.764471827199664, -58.465105436240705, -75.98996485514158, 37.077107018004796, -64.86715709320899, 68.39476933538229, -54.94455127947053, -31.869790236414207, -41.43626390846939], [200.0, 0.0, 44.93573504100825, -40.78087907008437, 87.88481899028933, -40.89131371295043, -27.941092171330585, 53.443508055770096, -72.86405516012533, 15.55110473341237], [200.0, 0.0, -75.60257893552205, 80.92496049768154, -89.22651915127705, -97.92141824525147, -15.14445207028794, 62.01321733549578, -3.8849773321322445, 37.17880723610847, -15.899114860885021, -22.8778714403874], [200.0, 0.0, 2.113673124204385, 82.59712528764184, -28.903549466411825, -90.50121675340972, 48.504677675458474, 31.733365729706797, -18.817676666278913, -52.140869505643984, -8.377112500797445], [200.0, 0.0, 65.18139269638637, -48.923578732576686, -98.37654453272906, -51.80462304288407, -16.31669666838027]], "c": [4.525563106330085, 5.386496396738219, 4.769027376461662, 4.620323393130723, 4.565875081354876, 4.530952353054287, 4.749557747132139, 5.0519431616997, 4.76224873233887, 5.227620391494154, 4.5561997007268875, 4.573350101584401, 4.702740533649946, 5.373067365216202, 5.439372329487867, 5.352401270748301, 5.284386535365154, 5.266064912079792, 5.2933055488665115, 4.825198920093069, 5.281537062514308, 5.290323861765246, 5.021918080373911, 4.823717095498724, 4.843500711276932, 5.363294580023718], "caves": [[1, 2, 3, 4, 5, 6, 7, 8, 9, 10, 11, 12, 13], [14, 15, 16, 17, 18, 19, 20, 21, 22, 23, 24, 25, 26]]}, "inst2": {"S": [[1, 2, 3, 8, 11, 10, 7, 6], [2, 1, 13, 3, 10, 9, 11, 12, 5, 4, 14], [3, 1, 4, 2, 11, 6, 5, 10, 8, 13], [4, 3, 5, 6, 12, 8, 9, 10, 7, 2], [5, 4, 7, 11, 6, 3, 2, 9], [6, 4, 7, 11, 3, 8, 5, 10, 9, 1], [7, 5, 8, 6, 12, 11, 9, 1, 4, 13], [8, 7, 9, 12, 1, 4, 6, 3], [9, 8, 10, 13, 2, 7, 12, 4, 11, 5, 6], [10, 9, 13, 2, 1, 3, 4, 6, 11], [11, 5, 6, 7, 3, 1, 2, 10, 9], [12, 8, 7, 9, 4, 2], [13, 2, 10, 9, 3, 7], [14, 2, 15, 16, 17, 18, 21, 26, 23, 24], [15, 14, 20, 24, 22, 18, 26, 23, 16], [16, 14, 18, 19, 17, 15, 22], [17, 14, 24, 25, 20, 23, 21, 16, 22], [18, 14, 19, 23, 25, 26, 16, 15, 24, 20], [19, 18, 20, 21, 26, 16, 25, 23, 22], [20, 19, 21, 15, 17, 23, 18, 24], [21, 20, 22, 26, 14, 19, 23, 17], [22, 21, 23, 15, 26, 25, 16, 17, 19], [23, 22, 26, 18, 25, 21, 17, 24, 20, 15, 19, 14], [24, 17, 15, 23, 26, 18, 14, 20], [25, 17, 18, 23, 26, 22, 19], [26, 21, 23, 19, 18, 24, 25, 22, 15, 14]],