{"inst1": {"S": [[1, 2, 3, 5, 7, 8, 12, 9, 13, 15], [2, 1, 9, 14, 6, 12, 15, 8, 11, 10], [3, 1, 4, 10, 8, 13, 5, 12, 15], [4, 3, 13, 6, 11, 8, 9, 10, 7, 12], [5, 1, 6, 8, 7, 12, 3, 13, 10, 15, 11], [6, 5, 10, 11, 12, 15, 13, 9, 4, 8, 2, 7], [7, 1, 9, 13, 5, 12, 8, 4, 15, 6], [8, 5, 14, 3, 12, 1, 13, 11, 6, 4, 7, 10, 2], [9, 7, 2, 6, 1, 14, 11, 4, 13, 16], [10, 6, 3, 5, 8, 4, 12, 2], [11, 6, 8, 15, 4, 13, 5, 9, 12, 14, 2], [12, 6, 5, 8, 1, 7, 2, 3, 11, 13, 10, 4], [13, 7, 6, 3, 8, 4, 15, 1, 11, 5, 12, 9], [14, 8, 2, 9, 15, 11], [15, 6, 13, 11, 5, 3, 14, 2, 1, 7], [16, 9, 17, 18, 20, 22, 25, 21, 19, 29, 24, 23, 27, 28, 26], [17, 16, 19, 26, 30, 27, 29, 21, 20, 28, 23, 24], [18, 16, 27, 29, 26, 21, 24, 28, 22, 30, 23], [19, 17, 23, 28, 30, 16, 27, 25, 20, 22, 21], [20, 16, 21, 27, 30, 19, 28, 25, 17], [21, 20, 16, 18, 25, 27, 26, 22, 19, 17], [22, 16, 24, 29, 21, 19, 30, 25, 18, 27, 28], [23, 19, 30, 26, 16, 29, 27, 28, 18, 17], [24, 22, 26, 16, 18, 28, 29, 30, 17], [25, 16, 28, 29, 21, 19, 22, 20], [26, 17, 30, 24, 18, 23, 21, 27, 16], [27, 18, 20, 21, 19, 17, 26, 16, 22, 23], [28, 19, 30, 25, 24, 18, 16, 20, 22, 23, 17], [29, 18, 25, 16, 22, 23, 24, 17], [30, 19, 26, 28, 23, 17, 20, 22, 18, 24]], "f": [[200.0, 0.0, 58.92437065467686, 6.360936531333183, -88.12543181246353, -80.52047981887729, 65.91879284126586, 23.235096919854435, -33.15200722099894, 22.562262678675204, -74.56488905974048], [200.0, 0.0, -32.003593289533924, 77.41254491888283, -44.35091878581963, 7.3563499819435885, 71.59171212889983, -4.618050690584807, 17.877090543324737, 90.74491844641715, 38.979176985312705], [200.0, 0.0, 92.74746444741457, 30.988034398134268, -62.32076570512988, -3.8215316069083904, -26.656213372093273, 27.67852645552309, 54.0695350579933, 76.67042984835273], [200.0, 0.0, -25.379024779810667, 23.942528051143587, 11.290921185394144, -83.64881700563873, -92.05807287474661, -68.64735346474393, -37.61934369298419, -9.3416872768044, -63.40432576778943], [200.0, 0.0, 79.76803502751555, -30.139866741348833, -40.789539648695474, -65.4156755503199, 92.76062726490383, 96.71827128300656, 86.41254949851897, 58.355659710936195, -13.23281648411978, 1.641252359978318], [200.0, 0.0, 45.55518622574688, -4.8744156706132635, -18.321337046120554, 21.702597580120187, -29.21460274601506, -74.72890701650898, 7.175071400180011, -8.005872449397122, 42.03408046036046, 89.53843341239767, -1.1803014953298607], [200.0, 0.0, 28.675134894862154, -89.10983113892263, 59.79186203793259, -68.33309842562656, -65.44836820530521, 98.0918249877091, -15.98498961792394, 29.241994829094132, 28.886511481693876], [200.0, 0.0, -53.10203902990753, -45.56071694884351, -94.27539583390734, -76.84058714201089, 39.23616696281309, 73.99846054790535, -89.96022885754584, 18.311484410837963, -87.98573037457582, -48.4895390702601, -53.70200921516777, -70.72255813400841], [200.0, 0.0, 4.179013452463454, -64.39084611157577, -40.187336435091694, 63.00153746506181, 35.11205843610527, -54.7989436861712, 5.756231083130592, 54.77117364529571, 42.30812278689682], [200.0, 0.0, -33.41034378399905, -12.814813972500927, -6.859938784725705, 60.18601672373735, 21.891935209752013, -42.42399076813022, -2.6687553942273956], [200.0, 0.0, -27.07250225078488, -54.4554602694723, 60.96449195492626, 76.44038977202126, 26.874745529649392, -27.630009386277756, 96.51512238298471, 58.849047299919576, 32.80611763547236, 7.168925395334891], [200.0, 0.0, 60.9870836677264, -80.78977895749158, -17.092083052026407, 63.70167620793428, 41.49882942757679, -3.7857100461179405, -97.80986481687492, 57.52874875827245, -57.38574696235557, -83.77174597197859, 25.13383139880725], [200.0, 0.0, -33.59681672039947, -47.58616245757501, 75.42521852450801, 87.50200415751492, 2.0049805945183685, 15.473475844289041, -26.119697027533295, -45.6480997427706, -47.61057304862941, 85.83011724924896, -60.75464022863135], [200.0, 0.0, -41.929447426113484, -79.4153938040629, 52.326653629679655, 75.03218120218516, -41.26540419551334], [200.0, 0.0, -26.122362157402847, -41.13685434732406, -23.813868556098285, 34.608665423139406, 87.81369430971438, -46.58744271312341, 9.803022697849606, -40.99244069937591, -1.810391317752913], [200.0, 0.0, 32.26338850905639, 74.91720140392712, -42.29377654261981, -54.36705658452616, 93.90337296544138, -18.928719879396304, 38.374643359914806, -10.869359955623459, -58.77375751513054, 5.863928436741017, -81.06295304646882, -9.091262331502502, 91.93691706252478, 99.56284220962561], [200.0, 0.0, -83.72247726135096, -11.432705057952774, -46.79096897111093, -68.44410142917583, -77.56620391084962, 78.81587969295536, -60.58674697551805, -98.31893570831083, -64.32486304197747, 40.35845780851199, -56.02848221642689], [200.0, 0.0, -41.73722066101347, 83.70725041963463, 2.862636327288337, -46.59728209664922, 9.034153967548608, -20.415319215170523, -35.33293518563892, -93.73220002937774, 21.238331849045224, -81.83830856106799], [200.0, 0.0, -1.0409247839917368, 53.0762411106187, -23.03660306209352, 62.73773322385501, -28.039482636704903, -74.54831624726663, -49.012823797699134, 91.91011854578394, 5.1160412751438455, -13.535578105839562], [200.0, 0.0, 40.724759553844, -70.2236119318419, -44.996020207225015, 24.99362872618891, 51.13504808960592, -98.46671091872092, 81.07129638427986, 66.8015859030005], [200.0, 0.0, 9.27057689486599, -85.0625968926954, 28.694644486375974, -53.051447569830756, 6.031597998893612, -96.31469269149409, -59.50791500684096, 98.229254297971, 58.26922950232725], [200.0, 0.0, 22.28648896161114, 82.27083389480335, -97.30390280959014, 15.769912490049997, 49.53466890529512, 91.54616405951049, 8.603476212456428, 55.238875141697655, 45.13341328916756, 70.99176070467075], [200.0, 0.0, -81.51445762903222, 62.87163316834852, 90.52776143715953, -86.03846348900235, 77.90257789940979, 6.39107225783806, -31.33582451905246, -6.899046881322524, -21.567809784983627], [200.0, 0.0, 48.380000554969605, -7.350705024352044, 65.51700835474163, 71.38670683421986, 26.06063932165337, 4.452516697517295, 11.85595821520491, 68.07939796414774], [200.0, 0.0, -23.342968454261005, 91.141527399437, 69.8508978426095, 39.588054075796485, 5.032673181181413, -31.52030989929888, 0.6671203414849058], [200.0, 0.0, 90.33058442527357, -61.33985401881017, 48.522070822788876, 13.91376671463922, 85.57113176035918, -23.82908802023751, -76.34219019271096, -7.413692804971728], [200.0, 0.0, 15.26102711892452, -11.217686818964868, 16.225119483028273, -20.544809169705513, -87.65739180875647, -95.90198009146557, -4.494673528965687, 29.360468904807924, 56.237929995459915], [200.0, 0.0, -96.86822848703629, -83.04811397741993, -49.4953075593382, -84.6835834481076, -41.39716010145171, 40.159377110812564, 53.70507378004683, -19.412735153083215, -60.93089590328577, 38.7034733557668], [200.0, 0.0, -15.140926456846838, -71.23042333287144, -57.4440292524304, -41.00841640934698, 63.046675765104744, 16.200519184933214, -71.06397556145183], [200.0, 0.0, -47.09116775756812, 72.16046194186055, -8.272476109655402, -71.71188958242864, 13.700864644031885, 31.579546215785605, 93.17200857526467, 69.30131782795041, -0.4764820815436943]], "c": [4.951453434887721, 4.571098503164384, 5.467395112000862, 4.747987301692747, 5.409160641782303, 4.976231972614427, 4.912461947563177, 5.152091616990283, 4.68112264685264, 5.115417502911637, 5.370862795896314, 4.7423734464992435, 4.626506253972131, 5.234350067165891, 5.466996509205038, 5.100113775639864, 4.961486637869809, 5.021511097604532, 5.20255921043307, 5.106215041253744, 5.449423982487312, 4.9724038075280825, 4.665159569247271, 4.6768645413396746, 5.360210656312459, 5.282039757813308, 4.777555301296758, 5.043062398105158, 5.140318985789145, 5.317268332437099], "caves": [[1, 2, 3, 4, 5, 6, 7, 8, 9, 10, 11, 12, 13, 14, 15], [16, 17, 18, 19, 20, 21, 22, 23, 24, 25, 26, 27, 28, 29, 30]]},