{"inst1": {"S": [[1, 2, 6, 10, 3, 5, 9], [2, 1, 3, 5, 10, 9, 8, 4], [3, 2, 4, 5, 9, 1, 6, 7], [4, 3, 6, 7, 9, 10, 8, 5, 2], [5, 3, 8, 2, 7, 1, 9, 4], [6, 4, 10, 1, 3], [7, 4, 8, 3, 5, 11], [8, 5, 7, 10, 4, 2], [9, 3, 10, 4, 1, 5, 2], [10, 9, 6, 1, 8, 4, 2], [11, 7, 12, 13, 17, 18, 20, 15, 14, 19], [12, 11, 15, 20, 18], [13, 11, 14, 18, 20], [14, 13, 18, 17, 19, 11, 15, 20], [15, 12, 16, 19, 17, 11, 14, 20, 18], [16, 15, 19, 18], [17, 11, 15, 14, 18, 19], [18, 14, 11, 20, 17, 13, 16, 15, 12], [19, 15, 20, 14, 16, 11, 17], [20, 19, 11, 18, 12, 14, 13, 15]], "f": [[200.0, 0.0, -27.109670492713068, 61.385185158327715, 3.1969510152178637, 19.729227887420176, -2.4211661484355718, 64.31035155770893], [200.0, 0.0, -58.416004584998625, -77.92021400884784, -29.63156808630558, -89.10964996335748, -12.692042835491213, 53.39123215840487, 96.59874607906285], [200.0, 0.0, -69.58713739000856, 76.42325434602817, 22.47842042220927, 81.51056639331607, -15.363884373528624, -52.335035756404565, -51.23101054799908], [200.0, 0.0, -31.11094821681133, -54.68335823622361, 66.38458836489367, -39.196670838509085, -35.796324669058286, 89.84806912164724, 70.61822260665389, -50.973136109298586], [200.0, 0.0, 1.730101910366444, 78.30611300855708, 60.7160348729739, 35.860952914975286, -82.1062906776652, 95.6277453193439, 53.65233494416577], [200.0, 0.0, 4.374146658172284, -32.34727429868691, 28.578874080558613, -79.87955375150382], [200.0, 0.0, -19.19679905866478, -86.31870295556728, -31.576593359114025, -59.87723578391635, -14.619542115475559], [200.0, 0.0, 6.269531129940997, 20.80987083361141, 39.95580841871875, -8.503560432882363, 92.65535836730108], [200.0, 0.0, -76.72954693653536, -52.33918278973617, -12.06779540952121, 92.70667544142167, 87.83199233030223, -98.49129146839377], [200.0, 0.0, -61.475743613096576, 66.73361479785093, 37.96383883695442, -25.447312521233776, -19.201746420435505, 34.55349072997495], [200.0, 0.0, -83.75978053704851, -80.64508763855369, -73.38599491200017, -26.645931374464293, -78.18983916571011, -30.75775540882921, -61.152148613162474, 11.74209064195766, 1.1655057455013607], [200.0, 0.0, 2.087266753407069, 71.73103351570505, 74.38046767174986, 73.95305575032253], [200.0, 0.0, 97.56665019244149, -41.38872239477729, -64.36491043860619, -63.60646362187905], [200.0, 0.0, 53.802924806060325, -5.958679798243871, -20.190894238686674, 89.25118658986881, -96.20867220759364, 19.432680832876482, 63.022407869395344], [200.0, 0.0, -38.24034874849354, 92.93712922094505, 30.17314253959109, 0.08536830489964675, 58.506644621595385, 44.96633402180854, -44.381839433125016, 88.89125991441932], [200.0, 0.0, 26.72571985227514, 84.5435461417699, 73.88252099968207], [200.0, 0.0, 69.04713110286255, 9.38010521630639, 59.84698618365536, 95.64130719374342, 76.4628932789476], [200.0, 0.0, 82.4560385243655, -23.25990981020041, 31.59169418762835, 65.38193951656149, -33.35906411990839, 92.60744204444424, 26.42161583874987, 90.8546696603154], [200.0, 0.0, 87.71735628080354, -9.711569699304402, 12.947129983263416, 28.19713317364867, -25.616671577801963, -41.849968357583165], [200.0, 0.0, -4.962300107746009, 79.81620937206604, 50.44649053459731, -99.66585758777889, -86.4313900760881, -9.698093078108583, -61.945190999368485]], "c": [5.4226339850965735, 5.149019831667066, 5.211377343878587, 5.474453913378277, 4.699688082651973, 5.2992793974454475, 5.485591790759166, 5.283414231558664, 5.394439248824199, 4.845247335541816, 4.82762845442185, 4.641615889974569, 4.610633598565926, 5.2960124282195, 5.302148300341978, 4.659341490211015, 4.8116132153131135, 5.034002725415066, 4.576235527902704, 5.102937208357939], "caves": [[1, 2, 3, 4, 5, 6, 7, 8, 9, 10], [11, 12, 13, 14, 15, 16, 17, 18, 19, 20]]}, "inst2": {"S": [[1, 2, 4, 5, 7, 3, 10, 8], [2, 1, 3, 10, 9, 5, 8, 6, 4], [3, 2, 5, 1, 10, 9], [4, 1, 6, 7, 5, 2], [5, 3, 1, 9, 2, 8, 4], [6, 4, 8, 9, 7, 2], [7, 4, 1, 9, 10, 6, 8, 11], [8, 6, 5, 7, 2, 10, 1], [9, 6, 2, 5, 7, 10, 3], [10, 2, 3, 1, 9, 7, 8], [11, 7, 12, 13, 20, 19, 14, 15, 17], [12, 11, 15, 16, 18, 20, 14, 13], [13, 11, 14, 15, 17, 18, 12], [14, 13, 17, 20, 19, 11, 12, 18, 16], [15, 12, 19, 13, 17, 11], [16, 12, 20, 17, 19, 18, 14], [17, 14, 13, 16, 15, 11], [18, 12, 20, 19, 13, 16, 14], [19, 15, 14, 11, 18, 16], [20, 11, 18, 14, 16, 12]], "f": [[200.0, 0.0, -38.858602284791765, 90.57354106056432, 53.319729733867135, 14.54926407387227, -16.00108414687995, -42.19396148334971, -76.12091615920211], [200.0, 0.0, -77.84668820875791, -33.87891685307092, 33.958356174488145, -92.30189461896813, -62.341246529599225, 9.279687491072707, -12.054147000130989, 45.94024234512739], [200.0, 0.0, -31.45629157833485, -54.54476442843372, -40.85779443924087, -95.80505983779469, -59.5064905960359], [200.0, 0.0, 13.286860118688493, -59.466679222327734, 35.52031571785135, -85.00904188577874, -65.42706705686176], [200.0, 0.0, -13.45428461850866, -60.91942672541302, -88.30677713064352, -5.364475036142258, -6.556295168328163, 33.08104900502473], [200.0, 0.0, -27.74284937546212, 9.326916989679802, 20.55124648354456, 21.447527382598874, 78.703932167947], [200.0, 0.0, -92.30102984924244, 8.374540502395345, 23.905221000337896, -34.45478625528848, -92.12850149203769, -54.01224638523641, 78.34443855243236], [200.0, 0.0, -75.08830702490108, 2.1628512481050244, -41.05594924375933, 57.830116256221785, -64.4669443225709, 4.469920910105052], [200.0, 0.0, 64.76872515535707, 7.89078026595651, -23.09825486746748, -27.51832067195781, -3.493619146748861, -21.96392916710184], [200.0, 0.0, -38.006819786362975, -93.85619383601238, -90.63924315701067, 68.58324777364624, 67.33736914356099, 25.98119045795], [200.0, 0.0, -8.534116985139995, 96.81586178811853, -51.56960778661539, 23.916604722402134, 80.1232692745301, -19.172175594330643, 30.523511339893282, 93.37212814537521], [200.0, 0.0, -66.62195652074787, -24.732435981622448, -42.516464498731835, -78.85862612811565, -43.26270660089602, -3.602322612623987, 31.001331273368884], [200.0, 0.0, 88.00518937499744, 17.664611678443578, -64.76132273649885, 85.20067114496817, -8.517390908410194, -69.52642451508694], [200.0, 0.0, 48.75374675055368, -71.33164903297026, 70.88880380054046, -1.6207183365329891, -1.3953992261127812, -0.541380357786192, -34.744257205455334, 93.7241611097917], [200.0, 0.0, 57.91927307164855, 64.4130331648549, 77.89836517414619, 82.54191479838238, 27.704465198936123], [200.0, 0.0, 72.05912650145645, 20.42434745741406, -56.382083014380015, 5.585853407638552, 0.3612025977078881, 37.42639927455657], [200.0, 0.0, -90.5288324233646, -60.479623804170714, 76.41819219730233, -62.226754236884105, 18.272894094778703], [200.0, 0.0, 22.63552972399856, -79.263616140018, -11.254909516580547, 93.84032313318689, 10.082061700263424, 5.980514159292039], [200.0, 0.0, -63.98853838509253, 77.78457799867992, 95.73941244101756, 73.00141094440997, 50.94812860942739], [200.0, 0.0, 87.67873140155204, 4.14270219656947, -91.9102101843246, 33.20448553594242, -81.29361740623786]], "c": [4.922585663006195, 5.1866566857544925, 5.215871103528375, 4.527368901145558, 4.904712235408635, 4.550521387427929, 5.313914384755247, 4.574934181980736, 5.485107103186535, 4.568457497586018, 4.639993372240836, 5.21805387106471, 4.578463069279429, 5.0043188457944145, 4.564656515360869, 4.695826777223145, 4.655452661191253, 4.767713239048324, 5.294554864167946, 4.662126932525632], "caves": [[1, 2, 3, 4, 5, 6, 7, 8, 9, 10], [11, 12, 13, 14, 15, 16, 17, 18, 19, 20]]}, "jmap": {"1": 10, "2": 9, "3": 8, "4": 7, "5": 6, "6": 5, "7": 4, "8": 3, "9": 2, "10": 1, "11": 20, "12": 19, "13": 18, "14": 17, "15": 16, "16": 15, "17": 14, "18": 13, "19": 12, "20": 11}}