{"inst1": {"S": [[1, 2, 4, 6, 8], [2, 1, 3, 5, 8, 9, 10, 7, 6], [3, 2, 10, 5, 9, 4], [4, 1, 10, 9, 5, 6, 3, 8, 11], [5, 2, 3, 8, 4], [6, 1, 7, 9, 8, 4, 2, 10], [7, 6, 8, 2, 10, 9], [8, 2, 6, 1, 5, 7, 4, 10], [9, 6, 2, 3, 10, 4, 7], [10, 3, 2, 4, 9, 8, 7, 6], [11, 4, 12, 16, 13, 15, 17], [12, 11, 13, 14, 15, 16, 18, 17], [13, 12, 17, 11, 18, 19, 20, 16], [14, 12, 20, 18, 17, 19], [15, 12, 19, 20, 11], [16, 11, 18, 20, 19, 12, 13], [17, 13, 18, 14, 12, 20, 19, 11], [18, 16, 19, 14, 13, 20, 17, 12], [19, 18, 15, 16, 13, 14, 17], [20, 16, 14, 15, 18, 17, 13]], "f": [[200.0, 0.0, -73.68020799404502, -6.54541667585169, -24.913620358869217, 88.45555702799813], [200.0, 0.0, 74.61218214712524, 74.31198954413351, 26.30421149488138, 25.688418676014813, 36.60906024082755, 38.83874961558536, 48.983589685015616, 49.17699675460805], [200.0, 0.0, -25.18218953009448, 28.448634342912804, 44.49675172263034, 1.2914433776176848, 21.129751309223987], [200.0, 0.0, -37.83005009592733, -5.83231610949102, -22.250813604356303, 7.398016673744734, 25.577526609436553, 76.48947913972263, -32.69187440817476, 46.41586964189739], [200.0, 0.0, 97.7260230502353, -24.65974826495374, -96.1547097210003, 3.436342098377132], [200.0, 0.0, 67.05650885052205, 16.733179248598606, -75.09037276640495, 19.33214045343199, -34.27046988746299, -93.74633897655009, 97.41183381878366], [200.0, 0.0, -49.635035703948006, -79.12745006250125, -54.74067852151337, -70.30923634754969, 24.77559790287942], [200.0, 0.0, -46.74618969711586, -33.45274419542719, 47.988942495159435, -11.06974569816408, -58.55259561631079, -92.56425480900381, 69.95335562342844], [200.0, 0.0, 90.01932732786378, -69.29818354071182, -58.975431128344, -85.66365936034038, -81.41451148885804, -40.48948930450822], [200.0, 0.0, 1.393036104310319, 90.51186120385677, 37.794751723668504, -62.535655627048016, 85.12738157820785, -67.76221071250322, 37.53843475573368], [200.0, 0.0, 67.43960231064834, -17.454588044309773, 88.27596664819578, 92.16463930288053, 65.96302117768134, 55.340071283479595], [200.0, 0.0, -66.90669653086061, 17.09243562003362, 28.058412846166945, 13.23234806143343, -73.34334123944983, -24.225528656875728, -98.62273012452003], [200.0, 0.0, 59.08503669184499, -22.068717745317134, 92.09796147582769, 89.34645664532113, -3.1971762842298634, -19.738261920588872, 65.32880733294435], [200.0, 0.0, 26.66940547013452, -47.38823089196536, -14.385803765027294, 91.36398996749764, 2.337194860012781], [200.0, 0.0, 72.68993327762907, 44.18753015766465, 65.29437737815098, 81.64858444012013], [200.0, 0.0, 59.41840725849643, 30.322677709915414, -96.27109809136425, 57.8211637946914, -6.741258636822978, -11.34663521563477], [200.0, 0.0, 24.336005996250766, 91.60107755281919, -68.35557957491325, -46.77103270557774, 28.16598744219021, 77.42021231399929, -66.65394941381662], [200.0, 0.0, 41.784966576906136, 34.36786067456688, 75.55683139954847, 24.996286424491608, 36.570627708311946, -80.47555275568948, -31.86760015165422], [200.0, 0.0, -1.100572408168743, 78.39513407679834, 81.59180798026291, 35.66886978666979, 33.070949030361604, 50.473223079604644], [200.0, 0.0, 0.19382997617227726, -85.54786795605895, -0.925879523703621, 34.856693325562205, 60.21826155775925, 21.454971509561084]], "c": [5.168861457563953, 5.47314056844521, 5.014476186526841, 4.68949645848125, 5.175518687959283, 4.977897698482617, 5.139321101862491, 5.326860510392275, 5.449375215554646, 4.812526579575248, 5.280101988088409, 5.040776334782206, 4.616122067623845, 5.001506563407782, 5.440553651909774, 4.893045060552019, 5.142090146878341, 5.232281345445055, 4.967234080983829, 4.877218869795141], "caves": [[1, 2, 3, 4, 5, 6, 7, 8, 9, 10], [11, 12, 13, 14, 15, 16, 17, 18, 19, 20]]}, "inst2": {"S": [[1, 2, 4, 6, 7, 10, 9, 5, 11], [2, 1, 3, 5, 8, 4, 10, 6], [3, 2, 10, 7, 5], [4, 1, 2, 5, 8, 6, 9, 7], [5, 2, 10, 4, 3, 1, 8], [6, 1, 9, 8, 4, 2, 7], [7, 1, 3, 6, 8, 9, 4], [8, 2, 9, 6, 4, 10, 7, 5], [9, 6, 8, 1, 4, 7], [10, 5, 1, 3, 8, 2], [11, 1, 12, 15, 16, 17, 20, 18, 19, 14], [12, 11, 13, 20, 17], [13, 12, 14, 18, 19, 16, 20], [14, 13, 19, 17, 16, 15, 11, 20], [15, 11, 20, 19, 16, 14], [16, 11, 19, 15, 14, 13, 18], [17, 11, 18, 14, 12], [18, 13, 19, 11, 17, 20, 16], [19, 18, 20, 15, 11, 16, 13, 14], [20, 11, 19, 15, 12, 18, 14, 13]], "f": [[200.0, 0.0, 50.13305142710382, -17.898129097970106, -66.1319631673472, 73.43334482881576, -41.01122878721135, -48.6145385897585, -53.57642115329882, 41.03577322461784], [200.0, 0.0, 61.693727359553364, 48.18012457672039, -98.88411153728897, 64.81037354116737, -33.45913699532635, -17.45703593910104, -19.784155086665535], [200.0, 0.0, 17.05746795392862, -21.760151472875467, 0.7125275562934519, 18.035205993109372], [200.0, 0.0, 94.31600523705994, -4.686197875938247, 83.88747808869705, -5.1358932034274, 21.93138444481695, -61.830284767273504, 5.914435967475118], [200.0, 0.0, 8.77110682306752, 51.65530562906206, -23.98851530447368, -96.10101512354561, 29.906590616664918, 90.35375730042445], [200.0, 0.0, 12.131406284518519, -46.25285412162876, -46.55110122709289, -79.66687406047237, -65.66571473228396, 38.22752253066311], [200.0, 0.0, 70.1040699142917, -38.33823329866137, 1.071312637082178, 8.558932618370019, 41.53988100620596, 98.97288091732347], [200.0, 0.0, 44.15894389097084, -7.29692702695155, 50.926109785287174, -22.34066179379819, 52.763277769804404, 18.46929857063735, 5.819237256247267], [200.0, 0.0, -21.30843524175885, 72.61449411911187, -31.642060929248483, 65.14701340642513, -2.3016246868913237], [200.0, 0.0, 28.672147409185843, 43.50011173371051, -51.15991211296907, 40.67458650219922, 87.36456744452595], [200.0, 0.0, 36.52207889923531, -68.3131232629997, 80.94677422135955, 58.64096963924783, 90.22757808209477, 21.075861243351213, 24.519624297975497, 13.50670690762541, 63.22281462577155], [200.0, 0.0, -86.12132770300578, 94.64231264600633, 1.9554178076793383, -10.946013030048363], [200.0, 0.0, -60.43234719637582, -29.706396526691805, -69.53889672710558, 21.806802855714746, -10.210346137575987, -64.30559526605867], [200.0, 0.0, -51.690933511104696, -70.67171079855696, -28.086528838094083, -57.6243736643888, 69.67183325066262, -63.61744377802372, -82.5457883643305], [200.0, 0.0, 71.96334842034445, -25.83672136693633, -61.77453294763631, 97.18220986995505, -66.43021592532288], [200.0, 0.0, 1.1331224599269607, 66.60745131629761, -28.7109026642683, 22.678579301199587, -5.726659872542128, 80.61517669418848], [200.0, 0.0, -20.02266729368676, -87.99170209969714, 23.094757298975075, 77.36406552662744], [200.0, 0.0, -13.77572747764697, -50.08809905229972, 70.63985230076536, 84.02647631241405, 25.42188562730456, 15.983195459763365], [200.0, 0.0, -62.7266775179186, -95.62683192918573, -57.689952236894925, 86.61516351684718, 18.783393976214757, 10.597861068179458, -24.00186839693501], [200.0, 0.0, 47.608061903223216, -94.7706510302438, 81.63724273447872, -75.57539990750448, -71.80229013855768, -40.85445428733938, 19.188621922151718]], "c": [4.880758561213542, 4.692451113473043, 5.233095044593162, 4.646793645591411, 4.87365915008156, 4.8446490329103815, 4.91969209784782, 4.928920574892589, 5.099140384973531, 4.780131071650599, 5.1376700599361405, 4.6442131290232895, 5.170203753892587, 5.498902978924842, 5.3852428949347555, 5.021132042457136, 4.93240110936639, 4.851642395019093, 4.925849867605708, 5.2887585603708995], "caves": [[1, 2, 3, 4, 5, 6, 7, 8, 9, 10], [11, 12, 13, 14, 15, 16, 17, 18, 19, 20]]}, "jmap": {"1": 10, "2": 9, "3": 8, "4": 7, "5": 6, "6": 5, "7": 4, "8": 3, "9": 2, "10": 1, "11": 20, "12": 19, "13": 18, "14": 17, "15": 16, "16": 15, "17": 14, "18": 13, "19": 12, "20": 11}}