{"inst1": {"S": [[1, 2, 3, 4, 9, 11, 10, 12, 5, 7, 6, 8], [2, 1, 5, 11, 8, 3, 4, 9, 7], [3, 1, 7, 10, 12, 2, 9], [4, 1, 6, 8, 7, 9, 5, 10, 11, 12, 2], [5, 2, 10, 6, 12, 4, 1, 8], [6, 4, 5, 9, 1, 8, 10], [7, 3, 4, 1, 10, 12, 2], [8, 4, 11, 10, 2, 6, 5, 1], [9, 1, 4, 10, 6, 2, 3], [10, 5, 12, 9, 4, 1, 3, 8, 7, 6, 13], [11, 8, 1, 2, 4], [12, 10, 5, 4, 1, 3, 7], [13, 10, 14, 20, 23, 24, 18, 21, 19, 22, 15], [14, 13, 15, 16, 18, 24, 17, 19, 21, 23], [15, 14, 18, 22, 24, 21, 13, 20, 16], [16, 14, 17, 19, 20, 21, 24, 15], [17, 16, 20, 14, 18], [18, 15, 21, 14, 13, 22, 23, 24, 17], [19, 16, 23, 21, 13, 24, 22, 14], [20, 13, 24, 22, 16, 17, 15], [21, 18, 19, 13, 16, 22, 15, 14], [22, 15, 20, 18, 13, 21, 19, 24, 23], [23, 13, 19, 18, 22, 14], [24, 13, 20, 15, 14, 19, 18, 22, 16]], "f": [[200.0, 0.0, -2.144607587095493, 96.656602602648, 28.969759790267968, -92.01859379836685, -50.752400509738884, -34.38079601476582, 72.70828893278507, -94.87083031668165, 25.811915932025077, -55.012343700624335, 27.5431731874634], [200.0, 0.0, -71.23894720697557, 18.90829173229127, 87.33732871743118, -73.7507312860497, 20.80980769085823, -96.3695429538535, 65.10053712196297, 69.67565196458582], [200.0, 0.0, -52.30792497077339, 49.40101194353641, -91.88074422517751, 43.37197641055042, -46.381622631495965, 45.58018832781574], [200.0, 0.0, -50.288943844702835, -70.20268373148201, -40.98880759719628, -99.86673420342305, -41.083691310282646, 16.88787362387456, -39.62133802687302, 0.9767656836695338, 13.699767545866282, -17.035233147906027], [200.0, 0.0, 88.78679737983913, -84.80733264355673, 61.542494362974985, -92.62501059959676, 97.62127877065454, 13.253688108231376, 79.40477618679493], [200.0, 0.0, -77.69581444265938, 58.82871996596117, -87.55146781471848, 80.97817421856392, -61.64648751727775, 53.8463401530701], [200.0, 0.0, -3.2052008349050087, -69.36991407497885, 37.15523376506782, -89.88803580926898, -79.02729292423267, 40.93462159529142], [200.0, 0.0, -88.27901992553299, 89.18325019449136, -59.47738994179481, -22.02305860780802, 45.93230691466756, -31.2552140328213, 97.0208534531969], [200.0, 0.0, -20.225993152439024, 0.7165953935236669, -91.88158549212547, -84.7654941568592, 34.16182607281433, 28.90356449422633], [200.0, 0.0, 76.93958893045023, 58.58470647476848, 97.98645512829714, -46.60225735101244, 50.12371081009992, 29.29420509648113, -31.04769047135687, 59.77885470727229, 45.035137204360275, 88.5833235664019], [200.0, 0.0, 18.155073304280723, -33.672312267530955, 55.96556502363204, 59.49842664243141], [200.0, 0.0, -22.42630768837055, 27.201836615289142, -3.7554990054595727, -7.499145614006486, 38.35985549379976, -50.1077546585716], [200.0, 0.0, 44.49868837765547, 67.31419256528386, 0.8618960191559832, 49.16104528295116, -33.890945731948975, -19.694700272906516, 59.69250593601934, -13.40791805026873, 75.37113350568443, -97.95586720939666], [200.0, 0.0, -40.992655464972174, 15.461305686929139, 57.59142693611934, 66.40743652511357, 1.1279738514311077, 19.323976554545986, 59.626000617109455, 81.06448261809093, -96.90778058505374], [200.0, 0.0, 12.851214978986626, 36.41363584786568, 28.01814782688947, -21.060693853839616, 17.714376902218177, 80.7245890204086, -23.913039553941285, -18.561875136709705], [200.0, 0.0, 40.333128946343955, -26.50441355151152, 40.44962070722025, -25.273705712876993, 53.07546585512426, -66.41417018784009, -49.15644022438119], [200.0, 0.0, -98.34610957498083, 66.12153388490833, -98.93268973853412, 83.94437539529073], [200.0, 0.0, 81.11063286383207, 94.5491892953541, -3.6711738199231236, -25.877409742911528, 68.64521566343211, 17.00108087732577, -49.48444183065297, -2.0082144199396357], [200.0, 0.0, 99.9121071923936, 31.71583797273625, -0.31858698157305465, -45.58393854638791, -95.93627773090394, -97.81486705929959, 74.11296932631164], [200.0, 0.0, 93.07497216974767, -21.953558410606643, -5.204816586033978, -65.73992208178, 22.131029601406517, 86.5906994070747], [200.0, 0.0, -60.273098663159885, -12.716746269825997, -93.41485618345106, -69.67115693978565, 71.21488017839854, -18.642360671245207, 35.69005432580838], [200.0, 0.0, 27.045824231921213, 28.656685734672948, -62.762051728549785, -29.064549250008366, -91.27987105431149, 97.79493650323865, -2.2912312909243226, 63.81851355926524], [200.0, 0.0, -84.69798375554296, -73.9220147056124, -91.21486270741146, 2.915039855775836, 0.96341515942302], [200.0, 0.0, -50.7337139518407, 7.793594513147184, 53.78319246383483, 70.8602487057143, -74.0350690883037, -48.662957729022295, -27.192676991538956, -52.98142729155191]], "c": [5.2838123050251, 5.423507649486144, 4.619572327890118, 5.000574789076868, 4.636404050837344, 4.758591696063612, 4.689833354581086, 4.523297590671348, 5.074709530586074, 5.0740325443971726, 4.604883629383611, 5.442895507155861, 5.423749891568645, 4.732797693979886, 5.237395580269409, 4.772786042022438, 4.669034164695024, 5.187938438050692, 5.290004458278913, 5.194715858061386, 4.577431818261541, 5.240760876270999, 5.125746912632023, 4.927742952989229], "caves": [[1, 2, 3, 4, 5, 6, 7, 8, 9, 10, 11, 12], [13, 14, 15, 16, 17, 18, 19, 20, 21, 22, 23, 24]]}, "inst2": {"S": [[1, 2, 3, 5, 8, 6, 4], [2, 1, 7, 11, 5, 12, 4, 3, 6, 9, 10], [3, 1, 4, 12, 10, 2], [4, 3, 6, 12, 9, 2, 5, 8, 1], [5, 1, 2, 8, 7, 4, 9, 12, 13], [6, 4, 9, 12, 2, 8, 7, 10, 1], [7, 2, 10, 5, 11, 9, 6], [8, 1, 12, 5, 4, 11, 9, 6, 10], [9, 6, 4, 7, 8, 2, 10, 11, 5], [10, 7, 11, 3, 6, 9, 8, 2], [11, 10, 2, 12, 7, 8, 9], [12, 3, 8, 4, 6, 11, 2, 5], [13, 5, 14, 16, 21, 22, 23, 24, 20], [14, 13, 15, 20, 17, 24, 16, 19, 21, 22], [15, 14, 20, 18, 22, 21, 17, 23, 16, 24], [16, 13, 17, 24, 20, 14, 21, 15, 19], [17, 16, 18, 19, 14, 15, 20, 24], [18, 17, 20, 15, 19, 22], [19, 17, 21, 20, 18, 22, 14, 16], [20, 14, 23, 18, 15, 19, 16, 13, 22, 17], [21, 13, 22, 19, 15, 24, 16, 14], [22, 21, 15, 13, 18, 19, 20, 14], [23, 20, 13, 15, 24], [24, 16, 13, 21, 14, 23, 15, 17]],