{"inst1": {"S": [[1, 2, 4, 9, 5, 8, 3, 10], [2, 1, 3, 5, 6, 8, 9, 10, 4], [3, 2, 7, 1, 5, 10, 9], [4, 1, 10, 6, 2, 5, 8], [5, 2, 7, 1, 10, 3, 4], [6, 2, 10, 7, 4, 9], [7, 5, 3, 6, 8], [8, 2, 1, 9, 7, 4], [9, 2, 1, 10, 6, 8, 3, 11], [10, 6, 4, 9, 5, 1, 2, 3], [11, 9, 12, 13, 16, 15, 17, 18, 14, 20], [12, 11, 14, 20, 18, 19], [13, 11, 14, 15, 18, 17, 19], [14, 13, 18, 12, 17, 11, 20, 19], [15, 13, 11], [16, 11, 17, 20, 19, 18], [17, 16, 19, 20, 11, 13, 14, 18], [18, 13, 14, 11, 20, 16, 12, 17], [19, 17, 13, 20, 16, 12, 14], [20, 17, 12, 16, 18, 19, 14, 11]], "f": [[200.0, 0.0, 1.6789989275526773, 88.39696385540572, -68.05232466493081, 65.75092426355482, -86.82591111920857, 64.7126758707826, -27.758633269918718], [200.0, 0.0, -82.3876413956623, -98.14447453218753, 15.805554740156458, 46.73264002725168, -73.19541993924612, 4.782627985164822, 14.40856738168188, -54.72406114514088], [200.0, 0.0, 73.14272242781725, 20.772846735968507, 46.28552556840659, 37.51497778575066, 20.591630926328698, -4.811920954412674], [200.0, 0.0, 4.069058437139983, -29.52157819021204, 21.59273743991932, -0.018641048928724757, -81.82471991192293, -39.77294850621191], [200.0, 0.0, -60.665978635062515, 69.8844353560926, -39.08913489559544, 6.146703275220311, 17.435211968789275, 6.376248404203744], [200.0, 0.0, -52.016038873064204, 18.548452531227323, 58.280374899072676, 34.32186827833355, 16.747800598459882], [200.0, 0.0, -45.88419648977773, 26.222359585625554, -81.2267474908803, 74.15880020659091], [200.0, 0.0, -54.76070029053346, -73.57462427269637, -11.875507060849767, -90.07535183951458, -34.687027866785684], [200.0, 0.0, -40.35030002088686, 3.8229956799672005, 93.70780818937712, 67.10282238035829, -57.99057988057994, 98.99985557905215, -83.0858106784148], [200.0, 0.0, -64.90201267681263, -51.024523316293035, -40.51765156154086, 43.965549228799894, -54.88049709577194, -76.19494643334986, -41.31342321622738], [200.0, 0.0, 33.1264808412086, -98.88415336698766, -88.45274470271167, -64.05313525467595, -45.13066092040739, 58.69660154464336, -95.21332284505179, 77.33184030404625, 30.479095048306306], [200.0, 0.0, 16.723714856892503, -37.964572809178264, -97.23197324572857, -20.765476794716943, 39.72315466357372], [200.0, 0.0, 43.34155613413571, 5.901918810156248, 13.360231073966112, 92.41141231831244, -26.192849645980388, -45.454286735726846], [200.0, 0.0, -29.87203887066663, 15.633139121088613, 76.81011849439416, -74.70451388441847, -51.25036303229405, 24.721528945426474, 44.62444426377028], [200.0, 0.0, 42.96183209445608, 38.054844354571], [200.0, 0.0, 43.56784416204036, 84.25810879106, -21.069322796802116, 83.22645275222871, -65.31932381479344], [200.0, 0.0, -28.56705344559538, -74.82254457583042, -94.15624129065876, 3.9519396700674614, 71.53330223975341, 97.26230973422003, 57.85976402041943], [200.0, 0.0, -54.40975542074893, -27.266911534033422, 11.258979003684066, -85.50992879615988, -61.33350719041131, 7.010695003155343, -95.56555812716564], [200.0, 0.0, -71.07396981866849, 22.20515750110772, 73.58510203748784, 97.85735256909713, -68.06135343261839, -12.822665335510486], [200.0, 0.0, -24.95183969548156, -33.808863756861584, -47.11848799317122, -86.91517378686481, -69.69303078232679, -32.89071934698102, -25.319708110977256]], "c": [5.0666647016040685, 4.828255090989527, 5.1299287280752885, 4.989252519659211, 4.876407693089222, 5.146017419185791, 4.684137247094914, 5.152853356694376, 4.581406744280146, 5.423851255084271, 4.7726287529824205, 5.31567959045904, 4.9493844478053335, 4.787721662391952, 4.706369032419497, 4.599069614410377, 4.628197884737888, 4.7981635794064, 4.514651990753299, 4.762485996798124], "caves": [[1, 2, 3, 4, 5, 6, 7, 8, 9, 10], [11, 12, 13, 14, 15, 16, 17, 18, 19, 20]]}, "inst2": {"S": [[1, 2, 5, 10, 3, 7, 9, 8, 6], [2, 1, 3, 4, 7, 10, 5], [3, 2, 1, 8, 10, 9], [4, 2, 8, 6, 5, 9], [5, 1, 6, 7, 9, 4, 10, 2], [6, 5, 4, 9, 10, 1, 7], [7, 5, 1, 2, 10, 6, 11], [8, 4, 3, 9, 1], [9, 5, 1, 6, 8, 3, 4, 10], [10, 1, 6, 3, 2, 7, 9, 5], [11, 7, 12, 17, 16, 19], [12, 11, 13, 14, 16, 19, 17], [13, 12, 20, 17, 14, 19, 15], [14, 12, 15, 18, 16, 19, 13, 20], [15, 14, 16, 17, 13, 18], [16, 15, 12, 14, 20, 11, 17], [17, 11, 19, 18, 20, 15, 16, 13, 12], [18, 14, 20, 17, 19, 15], [19, 17, 12, 14, 20, 13, 11, 18], [20, 18, 17, 16, 13, 19, 14]], "f": [[200.0, 0.0, 90.69177199968983, -99.53649351083843, 37.09557328731514, 12.680420783072677, 29.388876333027227, 26.906383754744013, 60.07534114832913, 86.21379819368309], [200.0, 0.0, 87.23855567282249, 9.450961155463421, 0.8927779408602454, 6.310946378073168, -97.96670429566055, -62.520323526893826], [200.0, 0.0, 9.335454982419433, -87.88560293572311, 22.95746489804138, -4.875209653535872, 39.79531534906868], [200.0, 0.0, 20.15768492722625, -10.572138072387505, 18.4107270133935, -40.52274961396751, 95.9482204537327], [200.0, 0.0, 3.4208580421626777, -60.36743700991896, -96.57877081883461, 3.007850606153606, 56.30322597859874, 63.09674442995736, 54.71765859361037], [200.0, 0.0, -8.506336608220932, -13.852783978432836, 61.60057455578263, 27.424767823224162, -56.902413617577686, -55.52630315696463], [200.0, 0.0, -55.576588078785626, -79.88626820427451, 53.5264495077898, -31.313727666228687, -20.258251790457393, 12.763794716524647], [200.0, 0.0, -66.14294511183796, 8.956266239852418, -18.566759245574648, -63.997619927286834], [200.0, 0.0, 73.35372659017219, 15.26144037729047, 22.07133158022856, 48.38503317024659, 54.732665793628186, -19.266921652208314, 5.641403976940551], [200.0, 0.0, -21.825200428076386, -83.8256440613853, -19.174822320878704, -6.036563331681122, 87.09240339304303, 53.08447367193698, 92.66040456641713], [200.0, 0.0, -89.968579589632, -15.444555914617064, 25.22720079994407, -32.785974052581835, -96.82367993488432], [200.0, 0.0, 5.0351324059857205, 21.00415129099438, -28.71193563029304, 99.32580430500222, 96.58639639777147, -17.957248182677144], [200.0, 0.0, 74.73298896014, 41.639177094457544, -96.97030109663956, -39.63270604321816, -10.859774847059755, 54.17575331572968], [200.0, 0.0, 67.28567027967507, -76.55494846324642, 21.62274071753596, -89.2732388276629, 22.70439854595945, 47.11729174457493, -21.588187171004947], [200.0, 0.0, -26.547918778597257, -57.83070466756133, 31.201589239234572, -28.96546997734708, -27.899392373012443], [200.0, 0.0, 75.04978772294892, -60.010263290126574, -14.741656186984242, 66.30184994085259, -90.73853436145463, -66.26723364961606], [200.0, 0.0, -14.940744064681954, 46.99485090400943, 66.85611029311922, -9.311113879948163, 74.16196818971015, 30.9975981689534, -95.26740905875151, 29.985426174504724], [200.0, 0.0, 58.993392991640924, 19.523991588477863, -10.480527603079782, -38.584776036593674, -96.11511255787745], [200.0, 0.0, 52.131449834558175, 14.851188096388391, 74.72561795188884, 89.72535812984539, -53.884886977794785, 80.99335167664626, -43.02484570185756], [200.0, 0.0, -63.97583836049774, 7.286672128940297, 52.37903002550619, -63.48953081328907, -2.886988132111079, 67.59875297713418]], "c": [5.339424585736755, 4.549065191059428, 5.032269526514715, 4.585124454182512, 4.627140158378705, 4.914688108266023, 5.0561053420941064, 5.484374981675367, 4.946398005057653, 4.713899408879383, 4.882686252475987, 5.031082022016413, 5.487712570965498, 4.990084054812997, 4.803434617900663, 4.989768270732483, 4.720298941114244, 5.440265289218967, 5.192751540462153, 5.244204716836536], "caves": [[1, 2, 3, 4, 5, 6, 7, 8, 9, 10], [11, 12, 13, 14, 15, 16, 17, 18, 19, 20]]}, "jmap": {"1": 10, "2": 9, "3": 8, "4": 7, "5": 6, "6": 5, "7": 4, "8": 3, "9": 2, "10": 1, "11": 20, "12": 19, "13": 18, "14": 17, "15": 16, "16": 15, "17": 14, "18": 13, "19": 12, "20": 11}}