{"inst1": {"S": [[1, 2, 8, 4, 7, 11, 12, 3], [2, 1, 3, 7, 6, 12, 9, 5, 8, 4, 11], [3, 2, 4, 5, 8, 6, 9, 11, 10, 1], [4, 3, 7, 9, 12, 1, 5, 11, 8, 2, 10], [5, 3, 6, 4, 11, 10, 2, 8, 13], [6, 5, 11, 12, 3, 2, 7], [7, 4, 12, 1, 2, 6], [8, 3, 10, 1, 12, 4, 2, 9, 5], [9, 4, 3, 2, 8], [10, 8, 5, 12, 3, 4], [11, 6, 5, 1, 12, 3, 4, 2], [12, 6, 4, 7, 11, 1, 8, 2, 10], [13, 5, 14, 17, 22, 20, 18, 23, 15, 21], [14, 13, 15, 16, 22, 23, 20, 21, 17, 24], [15, 14, 23, 21, 13, 17, 22, 16, 20], [16, 14, 18, 17, 23, 19, 22, 15], [17, 13, 19, 20, 21, 18, 22, 16, 15, 14, 23, 24], [18, 16, 17, 21, 13, 20, 24], [19, 17, 22, 16], [20, 17, 13, 18, 14, 22, 15], [21, 17, 15, 18, 14, 13, 24], [22, 13, 17, 14, 19, 16, 20, 15, 23, 24], [23, 15, 24, 14, 13, 16, 17, 22], [24, 23, 18, 14, 17, 21, 22]], "f": [[200.0, 0.0, -62.46414750541014, -72.61343331197709, 12.209415010019043, -16.679195642084508, 17.161016926001828, -31.394198469965563, -27.461226931996684], [200.0, 0.0, 26.579252710854952, 7.722680696309636, -94.68277340737185, -50.99636214641994, 56.65460013892334, 36.96684797850529, -30.7190032068835, 55.57172978636149, -16.822450670456778, -91.69637140559432], [200.0, 0.0, 61.05881734205971, -2.219595191784629, 1.9428156127526242, 5.196382712471004, -48.41032350174406, -76.91181739546997, -49.34689765293716, -77.44733388025335, -31.946860275753373], [200.0, 0.0, -96.24956384629712, -6.592926608973149, 48.329353459773984, 69.28698816805976, -18.322134430030946, -24.23257984373417, 77.3024387094525, -33.656461750724276, 68.17067641639238, -15.714989708022431], [200.0, 0.0, -91.7030777193462, -91.02562611597953, 45.39479685115793, 79.10924888297049, 25.66322529758449, 20.362107558521082, -0.473093919970613, 69.87861351529159], [200.0, 0.0, -54.200437517554235, -70.53639773516724, 33.51119567863448, 12.49075008733984, 16.054607181802737, 84.79649973855747], [200.0, 0.0, -41.6911238558088, 47.08426271602417, -55.754449421643585, -22.557756483089598, 27.860555395157284], [200.0, 0.0, -71.05708505704023, -42.23377436131148, -34.3449424369378, 33.30813893326714, 0.04192805720533155, 57.623615332918085, 68.50661937387858, 59.25467887064186], [200.0, 0.0, 77.75632354617512, 29.3966365763499, 52.01480402099812, -45.440546137170436], [200.0, 0.0, 33.48504807271284, 14.393962263880367, -5.569908506230714, 77.99196685244465, 96.12166794108488], [200.0, 0.0, -61.5654757215023, 93.29625050071758, 76.44589473976275, 42.360170415068055, 43.86709494219472, 86.00205981956981, 53.07338053594932], [200.0, 0.0, 30.450226033212346, -23.777942580704824, -50.51434886630153, 63.465532649697145, -37.68259297937229, 96.36511134994643, -58.49628079042881, -77.50578420771772], [200.0, 0.0, -7.209408957028085, 42.31733086184379, -69.74373951718628, 49.82331482360085, -28.436142558365663, 33.38032447645385, 97.89341730567338, 2.86993595607139, 47.7940670776058], [200.0, 0.0, 54.95022526383912, -96.55420262643877, 94.83872543010933, 68.04262469147093, -16.306634773922134, 12.26155659281214, 0.17170372981116788, 4.656069853942957, -38.12616365307944], [200.0, 0.0, 18.454463899567752, 26.515965072444803, -72.81965756364035, 1.3291486136561836, -35.76300255022282, 15.114468693728057, -36.47654699711125, -8.103852146868928], [200.0, 0.0, -55.260693227521365, 10.921009986939477, 72.4441544701091, -95.28540234214782, 58.423600429458666, -34.83469475066778, -90.90020035643253], [200.0, 0.0, -19.44678285520709, -96.08377244606783, -7.527314842059507, 66.15076781450497, 98.13686325699113, -99.6031623396088, -81.40099068084015, -55.26642276723184, 90.744233146332, 19.666353796629267, 98.6457890090326], [200.0, 0.0, 71.9882163876282, 98.51082236385287, 37.27953349664719, -73.02593786193681, 30.713868459216886, 19.63643067407237], [200.0, 0.0, 3.1820624973898815, -14.363390434949718, -94.47281713093538], [200.0, 0.0, -40.271274131814664, 49.06588726647705, -41.10821318823233, -92.79601148535468, 89.46493192300768, 94.75824734821599], [200.0, 0.0, -89.5692458447298, -40.48825131836631, 76.83387127651038, -47.147709284303694, -50.30179762587519, -1.7477322914089877], [200.0, 0.0, 89.85855173004009, 37.291033342989756, 74.69196932673434, -55.48543649891749, 19.369342983336214, 87.98521036674927, 33.79812605093142, -30.00195553401923, -45.889130830788936], [200.0, 0.0, -37.68389914865475, 12.49882818304111, -90.20464374908374, -95.76063609214074, -6.965339424628003, 48.44027988369266, 23.006114671045008], [200.0, 0.0, 28.561420416817175, -35.9008333540429, -21.042238089438882, 92.46259683216407, 27.481413292969513, -26.39028057679664]], "c": [4.837139928961627, 4.843974713248674, 4.560835895956025, 4.71073687857366, 4.701109904492284, 5.1102406943141006, 4.879808478126438, 5.095274358986217, 5.144335057705478, 5.474025326101443, 4.56798125637675, 5.193250965003131, 5.277103092036989, 4.672502342694767, 5.0949762965329, 4.55537320903977, 4.6244769919078745, 4.922539684078048, 5.117124264356796, 5.333181837105736, 4.860264231080865, 4.653741896732368, 5.0267002856291825, 4.969357803478237], "caves": [[1, 2, 3, 4, 5, 6, 7, 8, 9, 10, 11, 12], [13, 14, 15, 16, 17, 18, 19, 20, 21, 22, 23, 24]]}, "inst2": {"S": [[1, 2, 11, 10, 6, 5, 3, 8, 7, 9], [2, 1, 3, 9, 8, 10, 12, 4, 5], [3, 2, 4, 5, 10, 7, 11, 1, 8], [4, 3, 6, 5, 9, 2, 12, 11, 7], [5, 3, 4, 6, 9, 1, 11, 2, 10], [6, 4, 7, 10, 5, 1], [7, 6, 8, 3, 11, 1, 4, 10], [8, 7, 12, 2, 9, 1, 3], [9, 2, 4, 8, 11, 5, 12, 10, 1, 13], [10, 3, 2, 6, 1, 11, 9, 5, 7], [11, 1, 9, 7, 3, 5, 4, 10], [12, 8, 2, 4, 9], [13, 9, 14, 15, 16, 18, 19, 21, 23, 20, 17, 24], [14, 13, 24, 16, 15], [15, 13, 19, 17, 22, 20, 14, 16, 23], [16, 13, 17, 14, 15, 20, 24, 18], [17, 16, 21, 15, 18, 13, 24, 22, 19], [18, 13, 20, 17, 24, 23, 22, 19, 16], [19, 15, 21, 22, 24, 13, 23, 17, 18], [20, 18, 24, 21, 13, 15, 23, 16], [21, 19, 13, 20, 17, 24], [22, 19, 23, 15, 24, 18, 17], [23, 22, 13, 20, 19, 18, 15], [24, 19, 20, 14, 22, 18, 21, 17, 13, 16]],