{"inst1": {"S": [[1, 2, 6, 10, 5, 12, 7, 3, 9], [2, 1, 3, 5, 7, 12, 11, 6, 8], [3, 2, 4, 8, 7, 9, 1, 10], [4, 3, 8, 7, 12, 11, 10, 5], [5, 2, 8, 10, 6, 1, 7, 11, 4], [6, 1, 11, 8, 5, 7, 2], [7, 2, 3, 12, 4, 6, 11, 1, 5], [8, 5, 9, 3, 6, 4, 10, 2, 11], [9, 8, 10, 12, 3, 1, 13], [10, 9, 5, 11, 1, 8, 4, 3], [11, 6, 10, 2, 4, 7, 12, 5, 8], [12, 2, 7, 4, 9, 1, 11], [13, 9, 14, 15, 23, 24, 19, 22, 21, 20], [14, 13, 16, 19, 20, 23, 17], [15, 13, 17, 18, 16, 24, 20], [16, 14, 21, 17, 20, 23, 15, 24, 18, 22, 19], [17, 15, 19, 20, 16, 18, 21, 22, 14, 23], [18, 15, 21, 23, 17, 16, 19], [19, 17, 22, 13, 14, 20, 23, 18, 16], [20, 17, 16, 21, 24, 19, 14, 15, 13], [21, 16, 22, 20, 18, 23, 13, 17], [22, 21, 19, 13, 16, 17], [23, 13, 24, 16, 18, 21, 19, 14, 17], [24, 23, 13, 15, 20, 16]], "f": [[200.0, 0.0, 58.485058861038006, -76.00387092652659, -45.70737182741378, 53.06744121727225, -82.70178770071523, 10.022145125942172, 27.728819931063686, -40.29836809387612], [200.0, 0.0, 35.70576782326009, -75.12762011885299, 36.39963967200144, 54.33998396211537, -26.285284267822682, 39.182434871710385, -43.481806688740335, 24.95654120457209], [200.0, 0.0, 73.7376883597159, 54.62356078581541, -12.991679005148349, -94.86562044690656, -94.69128145489701, -65.61556643895905, -67.50601195902364], [200.0, 0.0, 45.174507948035036, 18.782134207263113, -24.729307047900704, -41.59687711054782, 6.295833463873124, 19.74319790233374, -77.68416744384898], [200.0, 0.0, -44.84096094242438, -88.88117717073196, 30.39286680572888, -10.121672093044332, 91.35691149589458, -34.149456834398116, -42.49254743330479, 85.68021111492747], [200.0, 0.0, -54.114934304477536, 45.097759940329055, -76.4746008819112, 13.51757054004592, -78.37683829933665, 40.17111422284005], [200.0, 0.0, 22.922208077932527, -86.83137725316656, -88.04280506789392, -72.53225090765545, 50.43803992216838, -70.66043996593798, 5.867780932574584, 94.34809158634894], [200.0, 0.0, 86.31742000223039, 15.230062363956542, -49.64779754404749, -65.67139209958745, -5.614329034031962, 96.27272103899823, -60.71799349001308, 4.176277438000597], [200.0, 0.0, 12.688561027310442, -18.401581481696283, -49.666272757378024, -28.2441671928515, -29.78410414947563, -72.86238567112497], [200.0, 0.0, 74.25200705487134, -69.61110232074313, 81.06992359979633, 40.49006631598764, 14.232408277651821, -4.500211533605514, 37.15269124285143], [200.0, 0.0, 11.28362636070901, 50.244018824671, -0.3601274281654021, 87.94369891369023, 6.932612526524484, -28.82585282509782, 39.06202591153401, -22.363881649723517], [200.0, 0.0, 42.34219589497681, 4.809272645501839, -89.11669917875378, 7.781216971207816, 94.07780598083559, 36.11878151484555], [200.0, 0.0, -93.3257789049834, 57.816470484684324, 39.42758144015335, -60.46193450842195, -18.432337110197206, 79.71413621042238, 49.133136768145704, -25.82771490178155, 61.855116665024035], [200.0, 0.0, -39.4181327215452, -36.70295138372162, -43.79014782531847, 94.386743113381, 95.84853104570014, -57.76069843839164], [200.0, 0.0, -17.80830126867743, 60.84218995376367, 85.71997914813561, 59.38894138829518, -52.004553432614856, 66.96868843000001], [200.0, 0.0, -30.350204902873436, -61.59578922423419, 96.27937739864947, -62.376801105496725, -15.433745552415633, -17.940535412161008, 13.622885725205514, -79.693031159452, 63.436588887474635, 40.42778986247166], [200.0, 0.0, -84.79359942591238, 9.770600414643017, -13.877112080931964, -8.583705239419936, -9.004315401219, -30.29963107553588, 31.23771357655358, 59.843516754812434, 2.838051314422918], [200.0, 0.0, -18.573083653825506, -90.04290891395648, 90.52527213460921, 40.503002803737196, 81.82000665253999, -70.2227658178783], [200.0, 0.0, -15.514254293417329, -93.58509415750409, -10.387953696835783, 46.033084692608426, 3.738678969022513, -31.0751850321358, -86.77278517369244, -52.23571066977679], [200.0, 0.0, -12.259298904259431, 93.31611130048707, -58.44771716220767, -67.0016663547675, 75.314031129386, -36.58285495317421, 93.91085668523502, 49.17962218496781], [200.0, 0.0, -80.47743243129129, 94.82442168581433, -29.55550486441707, -42.9418747305335, 92.79669257586643, 54.0154373050628, 66.227988730105], [200.0, 0.0, 14.421891295572564, 54.169992647144305, 94.04907627506394, 39.521500521298194, 84.02461324069404], [200.0, 0.0, 44.08788460129585, -29.741186398755982, 15.393701325196819, -21.539788314662502, 55.13007901707263, -68.24173681987111, 37.82382282986801, -22.266772196350782], [200.0, 0.0, 5.669827601521482, -71.93040779308704, -10.949706749041855, 64.44523007627537, -35.13459122562735]], "c": [4.64867262505741, 4.7549218713003585, 4.831788755483544, 5.331092091683464, 5.483200361459328, 4.550764173771482, 5.360586978304632, 4.993547236127174, 5.355773254725817, 5.158936487946805, 4.547164655807398, 5.2756778740064, 4.905152408948387, 4.7899214501597225, 5.072750350763306, 5.203390711750075, 5.183554273485228, 4.6277887459681954, 5.439370563092929, 4.886647433819894, 4.814078229164108, 5.047119154645505, 5.006456738925164, 4.511109221463638], "caves": [[1, 2, 3, 4, 5, 6, 7, 8, 9, 10, 11, 12], [13, 14, 15, 16, 17, 18, 19, 20, 21, 22, 23, 24]]}, "inst2": {"S": [[1, 2, 10, 6, 8, 7, 5, 11, 13], [2, 1, 3, 4, 10, 9, 7, 8, 11, 5], [3, 2, 6, 12, 8, 9, 4, 11], [4, 2, 5, 7, 9, 11, 12, 6, 3, 8], [5, 4, 8, 11, 6, 9, 2, 1, 7], [6, 3, 10, 5, 8, 1, 4, 12], [7, 4, 2, 9, 10, 1, 12, 5], [8, 5, 10, 6, 2, 12, 3, 1, 4], [9, 4, 2, 7, 3, 5], [10, 6, 2, 1, 11, 8, 7], [11, 5, 12, 10, 4, 2, 1, 3], [12, 11, 3, 4, 8, 6, 7], [13, 1, 14, 15, 16, 23, 17, 20, 19, 24, 21], [14, 13, 18, 16, 22, 17, 24, 15], [15, 13, 17, 19, 16, 24, 18, 21, 20, 14, 22], [16, 13, 24, 15, 14, 18, 20], [17, 15, 18, 21, 13, 24, 22, 14, 20], [18, 14, 20, 21, 17, 23, 15, 16], [19, 15, 21, 20, 13, 23, 22], [20, 18, 22, 19, 13, 23, 15, 17, 16], [21, 19, 18, 17, 24, 15, 13], [22, 20, 17, 14, 23, 15, 24, 19], [23, 13, 18, 19, 20, 22], [24, 16, 15, 21, 17, 13, 14, 22]],