{"inst1": {"S": [[1, 2, 3, 4, 12, 8, 11, 10, 5], [2, 1, 5, 7, 8, 9, 6, 11, 12, 4], [3, 1, 4, 5, 9, 12, 10], [4, 3, 11, 1, 10, 8, 2], [5, 2, 6, 8, 3, 1, 9, 12], [6, 5, 9, 11, 10, 7, 2, 13], [7, 2, 12, 6, 8, 10, 9], [8, 5, 9, 10, 2, 1, 7, 11, 4], [9, 8, 6, 2, 11, 10, 3, 7, 5], [10, 8, 12, 4, 6, 9, 1, 7, 3], [11, 4, 6, 9, 1, 12, 2, 8], [12, 7, 10, 1, 11, 2, 5, 3], [13, 6, 14, 16, 19, 20, 24, 18], [14, 13, 15, 21, 18, 19, 22], [15, 14, 17, 19, 18, 16, 23, 21], [16, 13, 18, 23, 21, 17, 15, 22, 20], [17, 15, 19, 16, 18, 24], [18, 16, 22, 17, 14, 15, 23, 21, 13, 24], [19, 13, 17, 15, 22, 14, 23, 20, 21, 24], [20, 13, 24, 21, 19, 16, 23, 22], [21, 14, 24, 16, 20, 18, 19, 15], [22, 18, 23, 19, 14, 24, 16, 20], [23, 16, 22, 19, 18, 15, 24, 20], [24, 21, 17, 20, 13, 22, 23, 19, 18]], "f": [[200.0, 0.0, 58.09653293357992, 91.88346443906184, 4.34389286599004, 95.04419615831749, 41.619645537920235, 74.49983406712629, -41.72574301367587, -64.87674922906955], [200.0, 0.0, -96.04237636729556, 9.08831264352068, -92.43971448309343, 27.37502478027136, -71.47417098236058, 53.7964967943763, -52.80655495694653, 18.308906953251647, 85.53360147112122], [200.0, 0.0, -94.40793863038293, -36.13455552923816, -80.75205862534658, -34.803595729469784, -84.76179506481462, 8.529159888448845], [200.0, 0.0, 16.898761633964, -42.950897074125, -71.99846675608323, -12.646088446926296, 68.39212754456814, -17.08020257319727], [200.0, 0.0, -40.88190002996808, -29.327062074345168, -93.4131018008021, 72.27430921658184, 21.86532362706526, 17.528078392555212, -48.585573338186535], [200.0, 0.0, 79.77109504702983, -52.0202649053584, -97.09031728023045, 49.394045107010356, 6.731193714480277, 60.17929034306624, 2.8333831609291815], [200.0, 0.0, 40.285483819557655, -99.95543915963464, -95.61661561715388, 4.979365351576703, 92.59322004955659, -96.29630238036427], [200.0, 0.0, -7.212690730936644, -22.497449617402744, -49.43141729633194, 35.428361856595124, 1.9051594094654734, -77.5063776118824, 50.91668144179404, -42.91165239912387], [200.0, 0.0, -79.92159634625658, 20.678625117792127, -65.57842658345234, 18.911861444495813, 90.26494372146199, -69.96939748257599, -3.5105442381122343, -31.65099207769526], [200.0, 0.0, -2.249022834926806, -59.6149884272849, -11.459751080690083, 54.5433192763483, -93.02826270038524, 66.38202199027037, -99.25022952726057, 83.18073287069669], [200.0, 0.0, -96.8329166827023, -15.213856056097974, -29.890163115422453, 45.67917974581006, 19.896846854222638, -5.745425769960466, 60.55472492439866], [200.0, 0.0, -1.9606037628997042, -90.69482710910637, 47.905394751472215, 39.16223459661916, 39.467811770335224, -43.20086244169581, 64.44325412283392], [200.0, 0.0, 41.09241184415771, 4.380273513367916, 78.9024926866855, -31.986058094943704, 26.86665978866605, 0.6021076856181251, -31.246728620442997], [200.0, 0.0, -97.9998837741638, 4.93511734483798, 83.25285565680869, 62.601035969782345, -90.58387844618652, 52.59680794111301], [200.0, 0.0, -75.14404650136338, -59.23471189295775, -71.01022057855093, -37.67499359672804, -77.46320761751433, 21.87952498312189, 53.4626998381257], [200.0, 0.0, -46.08961717256932, -16.005489781345105, 20.637521728291254, 13.843762904986923, -70.21619877339576, -33.0490448598191, 9.238401163038489, 68.08275105820589], [200.0, 0.0, 24.678642031506648, 42.031468393555585, 95.59967193998655, -89.21538370214795, -7.380749577858636], [200.0, 0.0, -24.76552019028999, 35.862330339670834, -78.89752573268684, 25.713967627289215, -34.83672010895029, -26.673756113626723, -29.532874663396314, 67.06278009931206, 8.023031563071182], [200.0, 0.0, 61.434073751062755, 87.72759853324158, -76.38457285660347, 84.08379043742077, 47.86417940435974, -72.91886994353247, -38.922234290593536, -43.75869342046344, 79.97538182846313], [200.0, 0.0, 81.96938771037901, 74.1063882373734, 89.98874714811953, 83.68183944131124, 61.66799516324035, -21.662457426098626, -83.6973755237079], [200.0, 0.0, 62.96092637818962, 8.381243174372766, -98.8694424125941, 51.21972713773593, 79.63343719128511, -72.60805884399137, 95.26916556993086], [200.0, 0.0, -38.782065141431545, -83.89943194453349, -1.2400200621397683, -80.65180982927083, 24.275988216789802, -51.237972990855106, 62.68402309728902], [200.0, 0.0, -19.37247611630193, -9.025109199993576, -43.461862390173955, -87.35673405254943, -95.78065827134137, 66.32219847257213, 7.148782654674668], [200.0, 0.0, 15.035095867842706, 17.86847566175154, -30.288070112441524, 34.17198423206877, -77.65051708442931, -36.82844444440718, -30.812059495074173, -35.367599974802054]], "c": [4.507608479478018, 4.645004987568633, 4.71866915907708, 4.685957406421857, 5.154392924241584, 4.923929130999467, 5.036847975225804, 4.735785957595012, 4.99286402837499, 5.334593692227202, 5.362441357375281, 4.5528795659380865, 5.344383322672163, 4.795346744706001, 5.078127011856313, 4.961664170533528, 5.3307410336333785, 4.807600057481875, 5.009284202613909, 5.0490730845370795, 5.345112106487723, 4.603156167994816, 4.548120235912406, 5.349916001914885], "caves": [[1, 2, 3, 4, 5, 6, 7, 8, 9, 10, 11, 12], [13, 14, 15, 16, 17, 18, 19, 20, 21, 22, 23, 24]]}, "inst2": {"S": [[1, 2, 3, 4, 10, 12, 5, 9, 11], [2, 1, 8, 12, 4, 6, 10, 3, 11], [3, 1, 5, 7, 9, 8, 12, 11, 2], [4, 1, 9, 7, 5, 2, 6, 8, 12], [5, 3, 6, 12, 1, 10, 4, 7, 13], [6, 5, 10, 12, 8, 4, 2, 11], [7, 3, 4, 8, 9, 5, 10], [8, 2, 9, 11, 7, 6, 3, 10, 4], [9, 8, 11, 4, 3, 7, 1], [10, 6, 1, 5, 12, 8, 2, 7], [11, 9, 8, 3, 6, 1, 2], [12, 6, 1, 5, 2, 10, 3, 4], [13, 5, 14, 15, 16, 21, 17, 19, 18, 23], [14, 13, 23, 16, 21, 24], [15, 13, 18, 20, 21, 19, 23], [16, 13, 17, 21, 23, 14, 22, 18], [17, 16, 19, 24, 13, 22, 18, 20, 21, 23], [18, 15, 22, 17, 23, 24, 13, 16, 20], [19, 17, 23, 21, 15, 13, 24, 22], [20, 15, 17, 24, 18, 21], [21, 16, 13, 19, 15, 14, 17, 24, 23, 20], [22, 18, 17, 16, 23, 19, 24], [23, 16, 14, 19, 22, 18, 17, 15, 13, 21], [24, 17, 20, 18, 19, 22, 21, 14]],