{"inst1": {"S": [[1, 2, 5, 14, 15, 8, 3, 11, 13, 9], [2, 1, 3, 4, 7, 13, 11, 5, 15, 9, 14], [3, 2, 6, 10, 15, 13, 1, 7, 11, 12, 4, 5, 14], [4, 2, 8, 13, 12, 11, 7, 3], [5, 1, 9, 12, 2, 7, 15, 14, 11, 8, 10, 3], [6, 3, 10, 14, 13], [7, 2, 13, 5, 8, 3, 15, 4], [8, 4, 12, 11, 7, 10, 1, 5, 14], [9, 5, 11, 12, 10, 15, 2, 1], [10, 6, 15, 3, 13, 11, 12, 9, 14, 8, 5], [11, 9, 12, 2, 15, 8, 10, 3, 13, 5, 4, 14, 1, 16], [12, 8, 13, 5, 11, 4, 14, 10, 9, 3], [13, 2, 12, 15, 7, 4, 6, 10, 3, 14, 11, 1], [14, 1, 15, 6, 12, 13, 10, 5, 11, 8, 2, 3], [15, 14, 10, 13, 3, 1, 11, 2, 5, 7, 9], [16, 11, 17, 18, 23, 24, 28, 29, 25, 20, 19, 21, 26, 22, 27, 30], [17, 16, 30, 22, 20, 24, 29, 23, 26], [18, 16, 19, 28, 25, 24, 29, 21, 22, 23], [19, 18, 20, 22, 25, 16, 21, 23, 24, 30, 28, 29], [20, 19, 21, 30, 16, 24, 17, 23, 28], [21, 20, 25, 16, 19, 30, 18, 28, 26, 23], [22, 19, 27, 25, 17, 30, 16, 29, 23, 18, 24], [23, 16, 27, 19, 17, 25, 20, 30, 22, 18, 28, 21], [24, 16, 25, 20, 29, 17, 28, 19, 18, 22], [25, 24, 26, 19, 22, 16, 21, 18, 23, 27], [26, 25, 30, 17, 16, 21], [27, 22, 23, 28, 16, 30, 25], [28, 16, 27, 18, 29, 24, 20, 21, 19, 30, 23], [29, 16, 24, 17, 28, 22, 18, 30, 19], [30, 17, 20, 26, 22, 19, 21, 23, 29, 28, 16, 27]], "f": [[200.0, 0.0, 40.177870807149496, 7.233124935259316, 19.00165945863792, 49.89545672254807, 8.442714278014861, -3.7802502210853683, -9.404834341524882, 70.03955343754194, -0.37426138010789867], [200.0, 0.0, -49.625109605661535, -34.73040269694736, 22.185765320838758, -53.97871333850826, 26.49077748250399, -37.48551572207208, -43.080890433865825, -89.05039909111116, -70.2244007261841, 49.56223477009416], [200.0, 0.0, -12.233784146072235, 9.707956748427659, -8.567280084821437, -4.040720704260226, -69.0384486399226, 62.35484291296414, 48.36576816542721, -79.73443783772196, -79.36222344563484, -87.15030259423746, 65.48448871651044, 7.089425853051878], [200.0, 0.0, -78.58898491955443, 72.05770883208906, 14.486168487997997, -41.513134410381355, 77.94135684498322, -92.37041199004474, -6.452376540333171], [200.0, 0.0, 85.18199679454233, 22.85794294362273, 19.913887246506867, 71.66528123810183, -76.74929921532718, 86.14124235453251, -90.72605914172375, 53.48238833520358, 4.510178369113382, 20.629064951610808, 7.112185416679195], [200.0, 0.0, -19.003465448408896, 64.1131019487789, 35.150344347292204, -64.48152992428224], [200.0, 0.0, -44.03543667491498, -55.76098582179605, -65.89726021176345, -77.98321068759341, -38.40740017282567, -77.31688624459613, 33.25229468358823], [200.0, 0.0, -72.05752993614229, -71.77055041553085, 56.199782670246435, -62.544097717090686, -71.82649052063692, 94.09159877376186, 28.79168904738809, 42.22915975093511], [200.0, 0.0, -59.29178807952198, -0.7725154046905436, 76.66131178597217, -59.74217899215037, 63.90284545406833, 25.56730510573162, 49.3036087482573], [200.0, 0.0, -32.69925339239834, 50.071683534220554, 2.1939737477289833, -5.202524622210247, -0.3514719920351794, 63.279894454657295, -51.688713438733316, 4.850232937111643, -46.6348482298588, -97.31275608266512], [200.0, 0.0, -53.32684875396909, 20.058216786432602, 55.01544429353551, -94.85577657235584, -19.596308086074355, -79.19232995899044, 40.42505849182907, -8.564911179136692, -47.448689224843335, -65.83575398295125, -69.06695853581297, 1.7327573355643056, 50.69794659281606], [200.0, 0.0, 60.51004715702499, -46.00248767447721, 34.94379489897028, 81.98918490199634, -15.069203931012765, -16.596197982004156, 6.359942599810964, 45.405417037589245, -14.662430799781113], [200.0, 0.0, 5.044738817006511, -1.5236699413820443, 14.117431652298418, -44.5552911932136, 81.85554832831896, -71.45246452563289, -84.80723942093624, -79.93875580404794, 52.770283697569376, 70.47385213689476, 69.95399639374804], [200.0, 0.0, -31.314886687377207, -52.784041408935536, -15.915955355555989, -39.21184388467982, -99.93738707238116, 24.190036517270496, 36.79353663163734, 73.18388309596419, 91.95852062187878, 87.04435959317256, -7.451631285418969], [200.0, 0.0, 48.88236550241054, 46.44238723193907, -52.550085794996406, 28.921704952568604, -15.805129798501195, -20.51446975966509, -64.49018505904141, 65.58449502858804, 47.339525153722796, -64.88738885944927], [200.0, 0.0, 6.668838512747111, 37.98166852446565, 99.31904203620343, -22.875189464910918, -70.3106935139781, 95.21839584379961, 0.46835504841071796, 91.71434516175485, -33.05720086824972, 2.9234821754710483, 10.821882784584535, -8.722034386220345, -30.10045145943483, 82.13564599495069, 97.43624228746144], [200.0, 0.0, -7.883298838536956, 31.85433470951238, 25.091004176385834, 61.583878120176294, 42.46691585774913, -30.811296156482882, 44.05842806440907, 49.951033514223276], [200.0, 0.0, -59.256528219568, 19.914971971091532, 94.69859530483342, 12.70566548276979, -3.67702901897462, -3.786311803708542, 99.99587943053349, 58.11172443512582, 4.7844120995287565], [200.0, 0.0, 14.126894748167196, 69.0620566898395, -12.25979944957436, -78.99929236000192, -4.274764951947674, 19.482724451663636, 35.64728870222977, -54.366608158434595, 48.472352230195085, -18.423692678771463, -27.114744824123193], [200.0, 0.0, 42.96032259636142, 54.50783553405829, -50.29488475767432, -47.17362394665543, 2.414874173464554, 88.35856405161837, 17.50323926155788, -14.28766057997015], [200.0, 0.0, -69.41693364309252, 76.9697515445412, -77.68961250401833, 49.353286266367476, -57.11223781146537, 71.3579305942036, -9.484187951741374, 83.66960401469537, -94.3794257392327], [200.0, 0.0, 73.02093841346937, -58.15019412135343, 71.79163979414321, -80.69132373509822, -31.063620942924718, -52.08466653022808, -83.62899359340727, -44.79121129101553, -0.940155902483375, 69.28477402463461], [200.0, 0.0, -74.62301669580953, 0.07831539242451058, -71.66170649376016, 25.229420551682292, -35.812901692932364, 37.23346266679797, -12.941818526151128, 31.59120049278721, 71.95047191993447, -9.104700858142634, -85.07701255702769], [200.0, 0.0, -91.51284174959993, -85.72787631056849, -21.444651184913255, -0.8868473902227558, 7.410015593249519, -54.92078748145835, 89.03566333009361, -86.66030805971603, -89.33217875978481], [200.0, 0.0, -26.715617680147986, -80.13823236128927, 93.57879237254775, 16.24461871746492, -73.06467191968693, -40.88612586241749, 81.56320806680608, 18.428474688751862, 64.84919641932065], [200.0, 0.0, -76.05782386106003, 49.47277053667036, 52.63582948395524, 52.38631562318572, -0.7884458531746796], [200.0, 0.0, 98.77433202328731, 97.74469277982271, -30.813863188236247, -89.65178482698394, -16.22474211408185, -64.35773940973436], [200.0, 0.0, 12.127688804272573, 23.667805608216508, -97.22451740666713, -33.75771200378017, -85.20856717670794, 26.91460549310072, -83.53069859453386, 72.3829485341597, -20.658791526160947, 7.2342225940716265], [200.0, 0.0, -86.6235815454542, 52.70739472068578, -81.29615487795962, 76.27435546143897, 37.322825920184435, -40.07651549339324, 76.84167187717992, 57.69737123438261], [200.0, 0.0, 28.649574777715124, 42.06032528685657, 41.53761816609216, 64.84560194081115, -83.07647248720083, -84.09451929869508, -51.037819878214606, -77.7239088726904, 21.89200465852641, -18.840478664174665, 81.14294330223224]], "c": [4.91615494734488, 5.426430944577789, 5.356820058933024, 5.496863277343774, 5.461775205288273, 5.252374887969122, 4.981641200852682, 5.46965614846787, 4.636748054876492, 4.728430288332169, 4.561850837425654, 5.093637684668455, 5.145250877659506, 4.658279631525177, 5.4204657129273155, 5.436297118766558, 5.162923883660284, 4.591952406086915, 5.048076263897722, 4.719176944813861, 4.530857724756119, 5.2414947951320645, 5.28955819503633, 4.837516084411294, 4.734289983405313, 4.557533498211558, 4.628507647233858, 4.652068552512562, 5.043142206333831, 5.48543417322896], "caves": [[1, 2, 3, 4, 5, 6, 7, 8, 9, 10, 11, 12, 13, 14, 15], [16, 17, 18, 19, 20, 21, 22, 23, 24, 25, 26, 27, 28, 29, 30]]},