{"inst1": {"S": [[1, 2, 3, 14, 15, 11, 13, 7, 4, 6, 12, 8], [2, 1, 6, 8, 9, 10, 11, 12, 13, 15, 4, 7], [3, 1, 4, 5, 11, 8, 15, 12, 14], [4, 3, 12, 10, 15, 7, 8, 11, 2, 1, 5, 9], [5, 3, 7, 10, 9, 14, 13, 11, 12, 4], [6, 2, 10, 1, 11, 9, 7], [7, 5, 9, 15, 4, 10, 1, 6, 2], [8, 2, 11, 9, 3, 4, 13, 15, 12, 1], [9, 7, 13, 2, 10, 8, 5, 15, 4, 6, 12, 16], [10, 5, 2, 4, 9, 12, 6, 13, 7, 11, 15], [11, 8, 15, 13, 2, 3, 12, 4, 1, 5, 10, 14, 6], [12, 4, 15, 10, 2, 11, 8, 5, 1, 3, 9], [13, 9, 11, 10, 5, 2, 1, 8], [14, 1, 5, 15, 11, 3], [15, 11, 12, 7, 4, 3, 1, 9, 2, 14, 8, 10], [16, 9, 17, 18, 20, 22, 25, 27, 21, 23, 19, 28], [17, 16, 18, 20, 30, 19, 29, 26, 27], [18, 17, 19, 23, 16, 24, 26, 21, 20, 22, 30], [19, 18, 20, 21, 22, 24, 25, 26, 29, 17, 28, 27, 16], [20, 19, 27, 29, 17, 28, 16, 24, 23, 30, 18, 25], [21, 19, 30, 24, 22, 18, 16, 27], [22, 19, 28, 26, 30, 16, 21, 24, 18, 25, 27, 29], [23, 18, 28, 24, 25, 26, 27, 20, 29, 16], [24, 19, 23, 25, 29, 18, 21, 30, 22, 20], [25, 19, 24, 23, 16, 22, 30, 20], [26, 19, 23, 22, 18, 27, 17, 30, 28], [27, 20, 28, 23, 16, 26, 29, 22, 17, 19, 21], [28, 23, 22, 20, 27, 19, 30, 26, 16], [29, 20, 30, 19, 24, 17, 27, 23, 22], [30, 21, 29, 17, 24, 22, 26, 20, 28, 25, 18]], "f": [[200.0, 0.0, 52.567686717090936, -23.89619031668948, -70.16420152377547, 31.892564730947015, 18.479537964098203, -38.29933232881564, 43.25426882974743, 78.36904811774545, 80.54285949834015, -58.07424468920286, -19.043634055600634], [200.0, 0.0, -25.089074419870784, 46.40363284821098, -88.39019859899349, 32.815490116382385, -84.72566385566415, -17.54960605836875, 63.678159111221454, 3.747473859768946, -34.40260491335236, -85.5738068550814, 62.85131196482876], [200.0, 0.0, 84.26599821376834, -7.034990146142994, 45.84530367053728, 18.664145984252677, 35.094641043716734, 59.82559015004338, -95.64851848696843, 73.41272204946878], [200.0, 0.0, -59.97959316027712, 8.235572939308211, -64.86165678208255, -56.005117304881644, 24.119021437934496, 44.0631697078637, 38.999311497971064, 73.26473483466347, -56.02173882118748, -89.78851443906007, -58.380631591986145], [200.0, 0.0, -27.262932012334986, 75.73731108541912, 1.4351289417129598, -4.310654223555788, -90.49458620183435, 44.43940320625212, -75.93321953421514, -68.62452487563961, -38.21353120170527], [200.0, 0.0, 53.207332918230456, -53.3312121825223, 98.87465355143623, 35.31983563201655, -97.14676085901657, 60.32866039967553], [200.0, 0.0, 5.991215429946495, -77.65813610297391, -77.02685690103446, 52.15234303908429, -80.87078611681169, 59.38727274037328, -82.20917319432743, -16.150150714840628], [200.0, 0.0, 2.0368793416679853, -44.724243731509986, 20.895691337240898, 17.411926780931775, -65.63049187697612, -21.221498088625058, -33.25790345717849, 67.43323597690569, 44.49492587190842], [200.0, 0.0, -47.263114976897455, 13.788555457967, -28.98320118370512, -76.86076172652854, 26.03129526803649, 88.93772291017534, -51.15687147040373, 72.1613672888942, 83.28370803398776, 74.65723931350917, 67.84630144451435], [200.0, 0.0, -86.33272342260783, 4.499300860737376, 35.77403856302128, 9.027412238463771, -6.19433454626892, 41.743748509703124, 1.8255893954066904, 22.032307400815743, -70.59866531015922, 93.82075770246755], [200.0, 0.0, -61.63455966865037, -54.465481339801244, -34.3247226564725, 3.806444210217119, -67.36709202064289, -31.934359534187905, -78.76213423333427, -47.57348730358055, 28.14175579122553, 52.99359797993246, 44.8012486326888, -39.831954175456666], [200.0, 0.0, 21.866386558305727, 68.77441030593158, 12.962495559930897, -43.115779089713804, 63.94731624690968, 13.429082235208423, -34.59658761778748, -9.904051839270567, 45.747303930018425, 68.13995740816503], [200.0, 0.0, -94.18197337542458, -28.167635179893978, 36.90546531304311, 47.14743481075383, 4.380778112478523, 18.055523104205975, 74.94453492449686], [200.0, 0.0, -9.656917156026745, -19.36388870081387, 58.172291793874756, -62.19820341045943, -5.282266181576145], [200.0, 0.0, -84.05404839397535, -49.426426154547684, -89.80480949761669, 82.50081933406086, -7.647176645808718, 21.72241473961458, 46.19417473700798, -57.57150010487588, -6.470779324835441, -77.80207436064967, 56.76951118941744], [200.0, 0.0, -20.64105508964613, -78.48899064930424, -35.17402128423688, -38.9823039724275, -82.76671829035686, -0.9312877503797612, -44.033191551690095, 58.88669369421331, 33.80643805591732, -38.3812957569998, -51.80185124738357], [200.0, 0.0, 15.543656015593378, -54.68078208574023, -88.40647899800973, 82.35080148457084, 63.312413637217155, -76.70393934355799, 36.72749071817405, -24.534710261020145], [200.0, 0.0, 78.91231999100906, 50.504505928716384, -23.976501263204298, 54.642688958542294, -99.7048670785927, -56.57490412697159, 89.80844618258605, -26.625343871478456, 79.62353433562899, -70.74741425093158], [200.0, 0.0, -96.23107806021413, 13.338373279196624, 23.147452804643788, -32.44900893786627, 50.58872462924273, 29.265058968153323, 74.0133806229901, 87.77722103279766, -61.60274166252577, -40.80642663188658, -81.18374976898797, 74.27672321508683], [200.0, 0.0, 47.51908984618749, 91.00860598440235, -4.580867368917962, -94.0765862826589, 82.51035685593406, 7.599482276223135, 9.303467517485409, -14.013741356657361, -83.43980610684709, -29.553110746264146, 81.04927244614896], [200.0, 0.0, -20.140566107046464, 78.76549064381703, 77.0656401020976, 49.211454486220575, -41.503437072563855, 26.05769615979674, -68.29962688857401], [200.0, 0.0, -13.408493203704719, 53.86084683646768, -14.056544691778328, 22.833325616496047, -12.018499555904283, -30.419021262228128, 57.28072608688153, -56.45489490214717, 85.93809478503411, -22.579765404269025, -85.3101781968975], [200.0, 0.0, -59.557809424407424, 72.75279654094895, 7.4609121221933306, 90.50702742962334, -32.02501571108192, -97.72475542863661, -69.5994960227416, -74.73768700452361, 4.151982105347973], [200.0, 0.0, 15.267831135307253, 56.29616513906899, -84.27253888903495, -32.46790935739065, 66.96346356170233, 18.464899178434102, 32.48073590328724, 12.130509314192395, 55.59206252829265], [200.0, 0.0, 61.6769599107879, 51.82378534500616, -8.942010943525446, 75.99444331598674, 76.932677040052, -82.54981902928475, -77.358536972644], [200.0, 0.0, 53.02536756439142, -25.841644090218452, -24.277781894232508, 86.26727528731489, -78.86918584258123, 33.74755870714126, 50.71895075357964, -61.90666187051226], [200.0, 0.0, -10.599210083322719, 67.2094029367288, 45.45394599002614, 69.35088279005106, -35.84255639728746, -85.24669163277825, -9.547821690042092, 18.982612582934944, -43.6690029850747, -25.95411946792787], [200.0, 0.0, 8.837934953932237, -32.252091491109944, -14.661188068399799, -94.53794029426979, 9.471521523090676, -11.933038534382788, -42.966628819545136, -15.77548116042069], [200.0, 0.0, 47.82825581553401, 73.07283861006061, -88.50915980528231, -53.176403807218286, 99.50413611284601, -79.92667576793642, -95.2030827512713, 54.83231643469046], [200.0, 0.0, -3.446333077331376, 32.64706882996171, 96.7787247063963, -68.58731001696148, 27.238832295138703, 90.0503313134172, 17.062308294844474, 15.917828281167479, -76.57540023462826, 88.50753345194708]], "c": [4.506055890399088, 5.121823609085137, 5.401175756859935, 4.805366187428591, 4.8795070391118385, 4.948202223718568, 5.347650458342038, 4.948767150703858, 5.269423354435521, 5.112620668501937, 4.9803383509107, 5.088551356328902, 5.27643017623092, 4.91523420895818, 4.793293774373822, 4.675362415596373, 4.684234728791862, 4.955170370786934, 4.775552420431373, 5.210311818053047, 4.559553669513741, 4.767932973509047, 5.109990072149765, 5.318608851153569, 4.768174581987446, 4.630704730692274, 5.1463211971311935, 5.4412671536904815, 4.731283808358856, 4.529305993985832], "caves": [[1, 2, 3, 4, 5, 6, 7, 8, 9, 10, 11, 12, 13, 14, 15], [16, 17, 18, 19, 20, 21, 22, 23, 24, 25, 26, 27, 28, 29, 30]]},