{"inst1": {"S": [[1, 2, 4, 5, 10, 12, 11], [2, 1, 3, 10, 9, 12, 7, 4], [3, 2, 6, 8, 12, 5, 11, 4, 10, 9], [4, 1, 7, 9, 6, 11, 8, 12, 5, 3, 2], [5, 1, 7, 9, 3, 10, 12, 11, 4, 13], [6, 3, 4, 12, 7, 8], [7, 4, 5, 10, 6, 2, 9], [8, 3, 12, 4, 6], [9, 4, 11, 5, 2, 10, 3, 7], [10, 1, 2, 12, 7, 5, 11, 3, 9], [11, 9, 4, 12, 1, 3, 5, 10], [12, 1, 6, 8, 3, 11, 10, 5, 2, 4], [13, 5, 14, 16, 18, 24, 15, 21, 20], [14, 13, 15, 20, 17, 24, 19], [15, 14, 13, 20, 19, 17], [16, 13, 17, 23, 24, 19, 20, 22], [17, 16, 23, 20, 18, 21, 14, 24, 22, 15], [18, 13, 19, 21, 17, 23, 20, 22], [19, 18, 21, 16, 15, 14, 22, 24], [20, 14, 23, 17, 21, 22, 15, 16, 18, 13], [21, 18, 22, 24, 19, 17, 20, 13, 23], [22, 21, 20, 17, 19, 24, 16, 18], [23, 17, 20, 16, 18, 24, 21], [24, 21, 13, 17, 14, 16, 23, 22, 19]], "f": [[200.0, 0.0, 61.65880653592153, -25.31915568945273, -69.12419338194388, 34.02065289894847, 93.28386479678083, -77.7801435640161], [200.0, 0.0, -75.95805106170826, -24.915810876911017, 73.96005851476428, 72.6416820527148, -9.642652059160838, 30.02766768253904, 8.243458883952282], [200.0, 0.0, -0.8332482130011698, -7.805384591008946, 0.5470240625766287, 0.651043527149775, -90.87778508527242, -66.92575763899346, 31.444813953666095, -69.87286540357796, 4.634976849253225], [200.0, 0.0, 22.375278277646405, -7.673169199584429, -12.019591699550759, 95.13619190162261, -86.22403427402487, 95.39398153949588, -7.122825928134802, 75.09760197704554, 97.14109109246665, -89.06166756890444], [200.0, 0.0, -73.60398631276261, -7.042302004252088, -67.81134683537971, 49.959155902545206, 85.12872164961627, 89.66041002305633, 43.683204366335616, -26.07716352563174, 78.96360247311813], [200.0, 0.0, -29.15127705614189, -24.467413816543115, 73.47241861903744, -65.7591228767864, -56.732616483763486], [200.0, 0.0, -12.288262848435473, -85.69835203007467, -38.302133311364564, 26.592713991755446, -77.12105125424237, -91.11324610029354], [200.0, 0.0, -38.617564068053035, -48.836460409920356, -42.506626550118476, -60.23668610746795], [200.0, 0.0, -40.70485038535219, 36.8653291457792, -9.516120984712062, 79.79203745338278, -95.30003247297556, 91.96597046253785, -30.17979498833172], [200.0, 0.0, -67.02971859075389, -57.4248324791911, -79.67445906702562, -38.99238256477597, -15.685589050284342, 58.884155424944936, -97.03273762578021, 22.248272238558854], [200.0, 0.0, 36.31643626452414, -7.066983425003248, 76.42675903322112, -43.20390637233877, 94.46528958845374, -89.87745315640423, 6.691756940578397], [200.0, 0.0, 81.35044334054615, 6.532025562442723, 91.51791818743462, 95.70904197242514, -3.2541972991335655, -89.61822982826865, 36.6640230532175, -86.76099930402503, 89.5683419408921], [200.0, 0.0, -67.3770614357726, 34.139610568364766, -87.61103623777127, 64.63854180842002, -73.70538635220296, -41.913863257248174, -97.42132411457251, 63.44451002693805], [200.0, 0.0, 37.2374660338352, 2.303936929975814, 9.108678081422461, 8.509090075510507, -37.89799152242319, 34.24014861155433], [200.0, 0.0, -87.91217221013574, 60.00308177845757, 75.82906169165508, -62.82623358685171, -32.73022566310675], [200.0, 0.0, 55.217457900301085, -48.37974417619711, 28.083751616517528, 90.59392146423168, -69.33549979048206, -53.414784876179034, -60.78033956181363], [200.0, 0.0, 55.326214879404766, -54.92181754761454, -42.206781896298004, -43.15147924699729, -83.26157114873189, -93.84110211682528, -45.03467327846966, 6.728998301365263, 95.64726435782535], [200.0, 0.0, -23.358043456339537, -44.57621795475095, 84.54820294886547, 22.04254195137556, 66.48918345113664, -68.55505335846217, -5.027845240950657], [200.0, 0.0, -16.84400351629978, 95.89468695511552, 99.76580376801867, 1.4093444249160925, -5.910588860418464, -9.567012313051038, -51.80260531584797], [200.0, 0.0, -57.18658479452514, 7.168962136254331, 50.2681543137999, 63.032602002856144, -93.39152848705972, 84.57079817904332, 28.437107338190938, 2.816919594647338, 81.20078639452535], [200.0, 0.0, -1.7197495371282345, -22.65998942414955, 26.461816786240043, 18.67221111201558, 98.71868521808958, 28.418076096617106, 5.035362076614813, -34.80362745174337], [200.0, 0.0, 47.18459319085993, -81.11733580512457, 94.21567867065994, 9.78734159120831, -33.39956272126747, 43.24301082803117, 72.61708359087832], [200.0, 0.0, 70.66556150852368, 42.08052106197795, -46.40472306068739, 40.38621427202782, -36.0189244090084, -35.734753978655775], [200.0, 0.0, -38.20327606772824, 5.469089663627713, -29.83637992284256, 19.905461931290237, 77.18736673379216, -87.29630322928577, 23.083604642808318, 68.63107652273132]], "c": [5.33755880721811, 5.445186692054477, 4.654515016199383, 5.1635548536328475, 5.3104180919169215, 4.899016432216119, 5.1715856936432285, 5.192954971950402, 5.137969594998896, 5.4105123327374836, 5.472285366645034, 5.305194498760447, 4.937409272473517, 5.312667117355985, 4.989117606399411, 5.184775095871967, 5.035497354296201, 5.282860297352604, 4.855964168288298, 4.866695770200836, 4.903791734866935, 5.231727656564914, 4.903156385119541, 4.874293808572334], "caves": [[1, 2, 3, 4, 5, 6, 7, 8, 9, 10, 11, 12], [13, 14, 15, 16, 17, 18, 19, 20, 21, 22, 23, 24]]}, "inst2": {"S": [[1, 2, 11, 3, 12, 9, 10, 7, 5, 8], [2, 1, 3, 4, 9, 11, 12, 6, 8], [3, 2, 5, 7, 9, 1, 12], [4, 2, 7, 5, 12], [5, 3, 6, 7, 4, 11, 1, 9, 13], [6, 5, 8, 10, 7, 2, 12, 9], [7, 5, 6, 3, 9, 4, 11, 10, 1, 12, 8], [8, 6, 12, 9, 2, 1, 7], [9, 2, 7, 8, 3, 1, 10, 6, 12, 5], [10, 6, 11, 7, 1, 9, 12], [11, 1, 2, 10, 7, 5], [12, 8, 1, 2, 3, 6, 4, 7, 10, 9], [13, 5, 14, 24, 17, 20, 19, 16, 21], [14, 13, 15, 16, 18, 17, 23, 19, 24], [15, 14, 19, 17, 23, 20, 22, 16], [16, 14, 17, 21, 20, 19, 13, 24, 22, 18, 15], [17, 16, 23, 19, 15, 20, 14, 13, 22, 24], [18, 14, 23, 22, 20, 19, 16], [19, 15, 20, 17, 24, 14, 13, 16, 18], [20, 19, 16, 17, 24, 13, 18, 21, 15], [21, 16, 22, 24, 20, 13], [22, 21, 24, 18, 17, 16, 15], [23, 18, 17, 14, 15], [24, 22, 13, 19, 20, 14, 21, 16, 17]],