{"inst1": {"S": [[1, 2, 3, 4, 6, 5, 8, 13], [2, 1, 8, 10, 11, 9, 5, 7, 3, 12], [3, 1, 5, 11, 4, 9, 12, 6, 8, 2], [4, 1, 7, 3, 10, 6, 5, 11], [5, 3, 9, 8, 1, 2, 7, 4, 6], [6, 1, 4, 8, 11, 3, 5], [7, 4, 2, 9, 5], [8, 2, 11, 5, 12, 10, 9, 6, 3, 1], [9, 5, 2, 10, 3, 11, 7, 12, 8], [10, 2, 12, 8, 9, 4, 11], [11, 8, 3, 2, 12, 10, 9, 6, 4], [12, 10, 8, 11, 9, 3, 2], [13, 1, 14, 24, 17, 15, 18, 21, 23], [14, 13, 15, 16, 17, 21, 24, 20, 18], [15, 14, 19, 13, 22, 21, 18, 16, 20], [16, 14, 18, 24, 17, 20, 15], [17, 14, 24, 13, 16, 23, 19, 21, 20], [18, 16, 19, 22, 20, 13, 14, 24, 15], [19, 18, 20, 21, 15, 24, 17, 22, 23], [20, 19, 14, 18, 23, 16, 21, 15, 17], [21, 14, 19, 24, 13, 15, 22, 20, 17], [22, 18, 23, 15, 21, 19], [23, 22, 20, 17, 19, 13], [24, 14, 13, 17, 16, 19, 21, 18]], "f": [[200.0, 0.0, -30.632837479316134, -58.22360134025794, -39.3303965569534, 93.56679195939857, 26.85772436244398, 83.19762140848862, -93.42670051833805], [200.0, 0.0, 55.490403277600976, 4.145068059472035, 34.37105934811744, 46.894467295315614, 4.241480344921644, -6.117796566279976, 22.27767465366608, -73.32786924184917, -56.611793511731044], [200.0, 0.0, -79.6272513484079, 76.8860658461781, -51.52976034858092, 9.924979660116318, -65.08056821699984, -50.8985831647061, 70.06842890862144, -72.76394163658459, -53.091448360629045], [200.0, 0.0, 5.3992812406451485, 55.42346342572404, -97.74802656905011, 13.768740987951954, -32.53802879096301, -98.97305907851297, 59.149269010304614], [200.0, 0.0, 17.761211262361144, 89.78340244119289, -51.33110735158952, 0.6353805869251383, 36.82114418283737, 94.04178718372134, -61.176064999170144, -51.98305384159762], [200.0, 0.0, -9.789609923262542, 26.954866098615305, -23.637810611241218, -92.30032320465824, -23.454958146859983, -31.585907748351303], [200.0, 0.0, 89.1042717618421, 59.03188095678531, -8.124909218196642, -85.7108336124517], [200.0, 0.0, 96.69899045662243, -44.112593917405604, -38.827650365444335, 87.67546515294973, 12.23183639423775, 42.930661951346515, 41.86650288983043, 5.7779924845179575, -69.3671628061127], [200.0, 0.0, 0.24059386476669165, -10.337979077883986, 43.27152140997108, 58.10020238581768, -35.39847969289654, -64.1203216561453, -93.64930641420246, 2.7292141694906347], [200.0, 0.0, 89.63164180559117, -71.15854274128883, 71.00777040807809, 95.69584242618289, -84.40793978452254, 1.686055434106315], [200.0, 0.0, -8.96916871987492, -7.928266149390106, 72.1842182433097, -91.99866237075302, 1.7716863676206396, -72.38182654712814, -66.95002315396623, 89.16620502688586], [200.0, 0.0, 24.546136221841785, -75.46279491011423, -78.90799281433016, 2.331113588418998, 49.35602643737289, 16.341109396573028], [200.0, 0.0, -18.676526785097835, -13.434572883923934, 83.29940236374583, -43.59677134187896, 15.51318843823779, -40.784670749548766, 24.514647202654793, -90.56001557221099], [200.0, 0.0, 55.36223236136954, -22.562528343130772, 66.15580282159902, -16.109439736764553, -91.72408513973483, 60.79965605205615, 4.7914555977413675, -81.98197449072468], [200.0, 0.0, -96.9457289575605, 10.582074585416578, 9.690329314448377, -19.824021235326295, -91.51957273032471, 67.45838710300485, -19.075544151206934, -93.20470303794963], [200.0, 0.0, -40.677568099400375, -82.06572411187669, 41.415497571640934, 95.38650744378604, -98.36679834467157, 9.05129995673455], [200.0, 0.0, -47.3518860616374, -26.89235236713481, 46.117991761132046, -93.19799601971637, 16.214799874004203, 94.4131002725157, -85.83309834003352, -18.519900034025284], [200.0, 0.0, 76.85181516304804, 78.31078182698403, -46.737648026770714, -45.09664379896374, 98.16842533745078, -23.37286672548622, 17.168479115907687, 88.38649065745545], [200.0, 0.0, -71.3258878099041, 11.865579129487624, 87.6401331966495, 4.0037743985674945, 99.31512778691915, -36.31846941063539, -49.621618649446255, 83.34983538584491], [200.0, 0.0, 81.92811543420153, -37.54627195480595, 13.667178539621428, 44.78862960320513, -13.130472888134449, 77.94904639317426, -95.79179836661595, 37.17645508096319], [200.0, 0.0, -4.55081387690639, 94.98266047703858, 85.13818363297338, -0.6486787027055962, -42.401051544583225, -84.99053461480959, 71.62624795052788, 38.64492751150328], [200.0, 0.0, 79.41701419844647, 76.06774662753304, -82.86292153898425, 93.5294601222527, -65.94610505512537], [200.0, 0.0, 21.723756942755124, -97.27485489566874, 56.2267725314433, 9.720261133036434, -44.35525640684441], [200.0, 0.0, 6.925416937219597, -8.32319301881732, -48.053810085179194, -89.82539486041196, 93.73951647777623, 89.43274988250212, 77.22738614089168]], "c": [4.626890777941572, 5.020542080194239, 5.484740465907367, 5.320674290951001, 4.701993543302628, 4.870455126862507, 5.12477018194705, 5.191873698772585, 4.841018401946624, 4.851349405361142, 5.0339098086068, 5.30315678290134, 5.232541231606557, 5.380423871209628, 5.024613639853714, 4.873238303341701, 5.404111302483597, 4.90517352038378, 5.004251483598641, 5.187090759019595, 5.499059713479959, 5.202976673783892, 5.281734448771862, 5.234360521923223], "caves": [[1, 2, 3, 4, 5, 6, 7, 8, 9, 10, 11, 12], [13, 14, 15, 16, 17, 18, 19, 20, 21, 22, 23, 24]]}, "inst2": {"S": [[1, 2, 4, 10, 9, 6], [2, 1, 3, 9, 6, 5, 12, 4, 8], [3, 2, 5, 8, 11, 12, 6, 9], [4, 1, 7, 10, 11, 12, 2, 6, 8, 9], [5, 3, 6, 8, 11, 2, 10], [6, 5, 9, 2, 7, 4, 1, 3], [7, 4, 11, 8, 6, 10], [8, 5, 11, 3, 9, 7, 4, 2, 12], [9, 2, 11, 6, 1, 8, 10, 12, 4, 3], [10, 4, 12, 1, 9, 5, 7, 11, 13], [11, 8, 9, 5, 4, 3, 7, 10, 12], [12, 10, 3, 2, 4, 9, 11, 8], [13, 10, 14, 15, 16, 21, 24, 17, 18, 19, 22], [14, 13, 15, 21, 18, 17], [15, 13, 19, 22, 18, 20, 24, 14, 23, 17], [16, 13, 17, 18, 20, 23, 21, 24, 19], [17, 16, 23, 13, 22, 21, 24, 15, 20, 14], [18, 16, 15, 19, 13, 23, 14, 21], [19, 15, 24, 18, 21, 13, 16, 23], [20, 16, 23, 15, 21, 17], [21, 13, 16, 19, 17, 14, 22, 20, 23, 18], [22, 15, 17, 23, 21, 13], [23, 20, 17, 16, 18, 15, 22, 21, 19], [24, 19, 15, 13, 17, 16]],