{"inst1": {"S": [[1, 2, 7, 10, 11, 8, 4, 6, 9, 5, 14, 12, 3, 16], [2, 1, 3, 4, 6, 11, 5, 9, 12, 8, 7], [3, 2, 8, 10, 7, 12, 4, 5, 14, 13, 11, 1], [4, 2, 5, 14, 1, 7, 10, 3, 13, 8], [5, 4, 6, 13, 2, 10, 3, 8, 7, 15, 1], [6, 5, 2, 1, 15, 13, 9, 12, 7, 8, 11], [7, 1, 15, 3, 4, 5, 2, 14, 10, 6], [8, 3, 9, 1, 15, 13, 5, 2, 12, 4, 6], [9, 8, 12, 1, 2, 6, 14, 15], [10, 1, 3, 4, 5, 13, 7, 15], [11, 1, 2, 14, 12, 13, 3, 15, 6], [12, 9, 3, 14, 6, 2, 8, 13, 11, 1], [13, 5, 8, 6, 14, 10, 12, 4, 11, 3], [14, 4, 15, 12, 3, 13, 11, 9, 7, 1], [15, 7, 8, 14, 6, 5, 9, 11, 10], [16, 1, 17, 22, 26, 23, 19, 27, 25, 21, 29], [17, 16, 18, 19, 23, 24, 29, 26, 28, 20, 27, 21], [18, 17, 20, 27, 29, 30, 24, 19, 25], [19, 17, 25, 16, 26, 24, 18, 28, 20, 22, 29, 23], [20, 18, 21, 28, 30, 24, 23, 17, 25, 29, 19, 26], [21, 20, 25, 22, 28, 27, 23, 16, 17], [22, 16, 23, 27, 21, 26, 25, 24, 19], [23, 17, 26, 22, 24, 16, 28, 21, 20, 30, 29, 27, 19], [24, 17, 30, 23, 20, 18, 19, 28, 29, 27, 26, 22], [25, 19, 21, 18, 22, 16, 20, 26], [26, 23, 16, 22, 19, 17, 30, 24, 29, 25, 20], [27, 18, 22, 30, 21, 16, 24, 17, 23], [28, 20, 21, 23, 24, 17, 19, 29], [29, 18, 17, 23, 24, 20, 30, 16, 26, 28, 19], [30, 24, 20, 18, 27, 23, 26, 29]], "f": [[200.0, 0.0, -20.019875915618222, 69.79083905560182, -12.578565370997863, 41.89596146982226, 34.069256128809315, -14.48493968828819, 44.34674089304207, -32.61176360754499, 22.73085126882515, -62.802561223660035, -31.047476440277144, -3.0527155428335284, 78.73030895904631], [200.0, 0.0, 54.49753279780851, -93.5164214792128, -88.5267576890196, 99.62362062418897, -16.28641206989252, -57.33076144760285, 79.98794269314482, 26.78063768446737, 41.070779538640735, -76.22404747398144], [200.0, 0.0, 26.041841080731643, 81.74053616310447, 82.58809368505908, -21.89213848204603, 28.467652130670462, 82.03387107238534, -24.110629168778573, 78.64641801863175, -44.41837963262611, 21.311663335096398, -34.822760727150694], [200.0, 0.0, 78.33971273766966, -3.832768615326443, 50.45008101812019, 71.11163804032911, 9.7642237203593, -22.718843886691744, -4.485461794662959, -30.377421642610948, 9.479662584838566], [200.0, 0.0, 12.767277462747352, -93.96393837428751, -66.54278513260981, 73.36241319594767, -14.182120734916515, -20.095855268664554, -13.544692792801705, -16.07041993324374, -9.298900280663158, 50.93817196145183], [200.0, 0.0, 47.80832463959843, 23.660819297032454, -93.1010885560167, 75.7618646604636, 68.21120743056446, 35.75634902127085, -69.71881575957741, -50.416476494055004, 11.938350106296248, -44.81325420280913], [200.0, 0.0, 35.00528356936208, 15.100622772545691, 54.83128599479239, -71.88531232487128, 52.48947093708352, -29.48243068328935, -26.259157223875462, -37.29478688709493, 10.728079238814958], [200.0, 0.0, -98.72962952620294, 96.48074997068821, 75.42777182332283, 15.820659668637148, 94.96724090889566, -16.056451504211754, 72.83180431444391, 93.94982101625008, -60.20822396346639, -98.72196829555703], [200.0, 0.0, -82.14503187019196, 93.70029729247133, -16.109294259631433, 26.612815146051627, -53.145269249077984, -85.32386259194647, -12.686672696826795], [200.0, 0.0, -76.32245577974155, -2.6251921761262453, -94.10974420943532, 8.832603663726335, 85.65173967854737, -63.91155910594701, 28.135953833944537], [200.0, 0.0, -92.76632019368695, 87.17738705922599, -54.512107286848455, -55.99053129644449, 18.1308414390698, 71.38276467242031, 20.663397407497897, -72.08144091957425], [200.0, 0.0, -66.67473209841998, -87.3973609518654, 19.124520851383874, -35.82910266870154, 99.16744455681493, 60.91598225044572, -86.9779258232426, -4.8516391074264975, 85.12862513748655], [200.0, 0.0, -97.8218675958767, -71.91711850849616, -54.08434689936952, -63.9868669334817, -44.65427626923686, 87.55827271659422, -42.09664500368464, 81.32430155595026, -40.62176173028427], [200.0, 0.0, 13.031086799215895, 12.621997272327889, -36.69174364982493, -63.61788815766365, -61.15698886048846, 28.64655297735432, 21.242466786405533, 22.666820702632595, 59.98139749275444], [200.0, 0.0, -14.278791096755473, -47.76069433509236, -7.135136248986296, -59.777077692964475, -22.658114983470902, -92.79909996217475, -93.12724892830543, -52.20937675188142], [200.0, 0.0, 2.7579129592541163, -59.297145350670036, -76.31054490051228, -3.4447570515307557, 94.4601436137926, -64.08507601048558, 13.035470535180572, -83.9120297136813, -67.77173956191949, 5.4910888419794635], [200.0, 0.0, 9.334105883334342, -27.74444547318291, 74.96059061789933, -11.112727575332993, -50.881594236164894, -74.57591553493221, -17.305159399657356, -82.05934245533848, -53.42348793374691, -2.7224511827087294, -52.88381399404927], [200.0, 0.0, 27.60118523581079, -33.42357969536054, -2.1726563037401725, 14.791216357365533, 33.171701991481385, 16.427302992411796, 64.91364580343249, -42.971359510749174], [200.0, 0.0, -10.91672274749973, -70.47306716188515, -95.15176070328918, 57.37252322566777, 5.662642845280841, 66.41342705991885, -3.3418708174593803, -46.787650644212775, -76.84091155695067, -19.612087951714873, -90.90751161168929], [200.0, 0.0, 69.00214749968904, 19.816712692081584, -51.895714971007024, -20.58988882181694, -4.819883346745901, -96.06975118632295, -79.65224604599446, -85.37419145239771, -0.9648187081910509, 53.693880603829115, -43.048131908585944], [200.0, 0.0, 60.41657951774908, 92.43898941317408, -95.23037156327321, -69.06278387811705, -74.54693070886316, -34.622832868910855, 64.34393694221767, -7.638316835799408], [200.0, 0.0, -17.859520012726747, -6.113220855669788, 75.36119046842748, 23.270354369610224, -48.02855446927157, -83.08728045211049, 62.540057864661925, -91.89291925189139], [200.0, 0.0, 21.748741575640818, -35.15608836671633, -90.55789346831766, 3.0543083418603123, 84.22938550021057, 37.81473865095237, 63.59808070589303, 40.920078973105504, -15.2403037378823, 58.69025848894538, -33.33895641203706, -35.889465770907634], [200.0, 0.0, -12.04363621906781, -80.62711148878023, 86.80496955184971, -65.33097074662871, 73.92290676888092, -11.741966435961348, 6.899913145241099, 90.46343944662681, -28.03054608390161, 29.445226242901423, 50.77937545534446], [200.0, 0.0, 79.3176786094029, -35.809400940722334, 86.46423946530714, -96.53967141769277, 47.75007943800355, 97.59334123068577, -31.749409259121776], [200.0, 0.0, -77.63358300626288, -94.04679255508472, 17.941896645388745, 37.885804878407825, 92.82106725526089, 60.742152779946565, 1.2833231655290822, -75.55036373614612, 79.48325284934981, -38.75097950931996], [200.0, 0.0, -23.267373571053884, -51.61417563304038, 91.3785633109119, 18.187315945030335, 65.55110277642855, 8.313274230972901, -48.89932333918134, 62.09756637770625], [200.0, 0.0, 68.71994236966607, 21.187295081640457, -45.85952339639449, -46.19564072985987, 61.935605667969405, 98.60491125013343, -41.51726321464317], [200.0, 0.0, 76.6324322329844, 17.792887691364157, -92.78052007206941, -34.22206724668324, -61.478088222894776, 73.4615818548034, -89.65636819441023, 69.88460555621978, -63.120946000756284, -43.89697011520444], [200.0, 0.0, 95.39527465290575, -16.00020385061338, -5.525377999390124, -63.67687276076515, 19.868721810697785, -90.87324007342352, -59.52368645280897]], "c": [4.598462832348175, 4.630813330357474, 5.186177745339692, 4.622147082336926, 4.979541116300846, 4.783198278140126, 4.666100893942195, 4.500618602287003, 4.6019846543748795, 5.219657520046185, 5.266744267886333, 5.242835759285021, 4.820378296234341, 4.6887808227500605, 4.68689398034551, 5.254223152314777, 5.169581586024971, 5.488296246536603, 4.981791298820425, 4.545797039138355, 5.419048676024254, 4.838214753230548, 4.960680161524325, 5.061697005387551, 5.179073282002402, 4.518354898986743, 5.377871349713819, 4.753855486342861, 5.038089157309917, 4.875426331757334], "caves": [[1, 2, 3, 4, 5, 6, 7, 8, 9, 10, 11, 12, 13, 14, 15], [16, 17, 18, 19, 20, 21, 22, 23, 24, 25, 26, 27, 28, 29, 30]]},