{"inst1": {"S": [[1, 2, 4, 5, 10, 9, 6, 11, 8, 13, 14, 12, 7], [2, 1, 3, 15, 7, 4, 14], [3, 2, 5, 7, 8, 12, 9, 4, 15, 6, 14, 11], [4, 1, 6, 9, 13, 12, 3, 5, 2, 11, 14, 7], [5, 3, 14, 1, 11, 13, 10, 15, 7, 12, 8, 4, 9], [6, 4, 11, 15, 1, 12, 14, 9, 3], [7, 3, 10, 14, 8, 11, 5, 2, 13, 9, 12, 1, 15, 4], [8, 3, 7, 12, 13, 1, 5], [9, 4, 15, 14, 1, 3, 7, 10, 6, 5, 13, 16], [10, 7, 14, 1, 5, 15, 12, 9], [11, 6, 5, 1, 7, 14, 12, 4, 3], [12, 3, 4, 8, 6, 10, 5, 1, 11, 7, 13], [13, 4, 5, 8, 1, 7, 12, 9], [14, 5, 9, 7, 10, 1, 11, 6, 3, 2, 4], [15, 9, 6, 10, 5, 2, 3, 7], [16, 9, 17, 21, 18, 25, 26, 24, 30, 22, 20, 23], [17, 16, 18, 19, 23, 20, 28, 29, 25, 27, 22, 26], [18, 17, 20, 16, 21, 29, 28, 24, 27, 19], [19, 17, 24, 27, 20, 30, 21, 18, 25, 28], [20, 18, 25, 29, 19, 26, 17, 24, 22, 16], [21, 16, 22, 23, 28, 26, 24, 18, 29, 25, 27, 19], [22, 21, 26, 28, 24, 20, 17, 16, 27], [23, 21, 17, 25, 29, 27, 16, 30], [24, 19, 21, 25, 18, 20, 16, 30, 22, 26, 27], [25, 20, 23, 24, 16, 17, 21, 26, 27, 30, 19], [26, 22, 29, 20, 21, 30, 16, 27, 25, 28, 17, 24], [27, 19, 30, 29, 23, 26, 17, 21, 18, 25, 22, 24], [28, 21, 17, 18, 22, 26, 19], [29, 20, 26, 30, 27, 18, 17, 21, 23], [30, 27, 29, 26, 24, 19, 16, 25, 23]], "f": [[200.0, 0.0, -36.109237983560206, 92.71290130606356, 59.38871716463963, -78.54055120325118, 67.01453951417697, -6.034788197457308, -90.8886383706041, -31.948612222366712, 0.7793876314181603, 29.38027862295891, -59.91168121437494, 62.19399508997523], [200.0, 0.0, 56.570731491137096, -27.746070643519396, 41.31964847200622, -32.64268466699845, -60.607076239455715, -98.41491875121694], [200.0, 0.0, -20.60668667564314, -55.410521887344366, 66.11402727233713, 64.44509613692304, 40.03552204972591, -54.44140151410431, -49.413850556650154, 76.70719159466901, 71.81612167945362, 88.4162928020392, -36.52362070283317], [200.0, 0.0, -22.882563816354228, -51.02073729394303, -93.45676051255325, 28.671448966414715, -17.524756153693577, -94.88277371824496, 88.99747550162512, -81.97238595729593, 19.99854764286941, -8.692602410673246, 76.65069217685596], [200.0, 0.0, 27.510250355040068, 51.23049767370791, 5.737401844685008, 73.81125629149913, -89.51685474408026, -32.15988357862063, -83.91088410761265, 5.948856207984465, -64.84075721010507, -56.50110876854211, -85.1089783986174, -99.13388548081952], [200.0, 0.0, 43.929680883417596, -25.017723045506955, 24.293332676720336, 6.644862936119211, -81.11039984119938, -77.67069995558565, -40.07679071741759, 31.261492806333635], [200.0, 0.0, 96.00712098880312, 31.42467791900785, -99.12172824236707, 23.840319557371025, -23.547990419165863, 27.57573591590241, 50.8314893490599, -16.768689716357677, 80.06859499453962, -64.859870278305, -98.51369982046829, 26.596402238014804, 8.91789115520385], [200.0, 0.0, 50.008887963102964, 4.621427451387716, 45.09851007247136, 0.6321776509914612, -46.210601925531904, -37.217659300031336], [200.0, 0.0, -7.803938994147219, -60.19183530985281, 43.37312779465856, 91.82134034229767, 79.9279587644023, -82.89305233362687, -29.009391403786424, -35.02942701974581, 14.562197301842406, 10.477770096774798, 22.273622808995807], [200.0, 0.0, -60.63257523283334, 24.06168363407881, -43.62269716842708, -76.859001249228, -20.53255909608358, -43.63401853326594, -2.577383213743367], [200.0, 0.0, 69.54131273975585, 66.99852655450805, 10.362956237932819, 33.39630923400683, -85.15812133144681, -11.850214186282827, -38.332190966813705, 39.873999015924234], [200.0, 0.0, -50.387365419474506, -92.71726817056611, 41.1243665167504, 12.322768837620956, -97.85461932297173, 65.5918955096109, 84.5762839563106, -26.766849683970296, -67.63214434308796, 82.42945953323036], [200.0, 0.0, 30.847656627783394, -10.008959630159243, -23.90935098673164, -73.03270169829916, -69.1081154080329, 40.92833713881483, -63.07186831851308], [200.0, 0.0, -74.26106370912385, 85.88881992867708, -10.472048568458758, -21.64394440637365, 47.27468804355021, -26.2251441013426, -83.18830946594873, -94.18733345845976, -14.328904861759796, -44.13596770142305], [200.0, 0.0, -84.1647877703819, 90.20922963812825, -14.546256422344971, -98.01732199563442, 69.15977595029608, -6.987168711513836, 14.972773481388257], [200.0, 0.0, 66.79128381042705, -35.174978085135145, -72.84632842267914, 1.9334473420059783, 69.73264132258583, 62.03601769533231, 25.831481162017077, 57.993863636009955, 63.36151355230537, -85.60099078358883, -59.41710272874905], [200.0, 0.0, 50.32193299226684, 65.44539227260684, -52.549663152417935, 7.876500469967551, 88.33965341565421, 81.54484202811989, -54.82848378117986, -30.247929946014928, -8.485409184985881, -5.3894678903261495, -68.51228883381883], [200.0, 0.0, -54.28987664330271, -7.698184188221169, -20.991324375908583, -37.022125697733756, 84.92135708123041, 98.89563632760276, -93.75290128878886, -51.63810101312614, -87.64896643016995], [200.0, 0.0, -44.06547768158981, -15.148914685385883, 88.83116173131933, 52.60092266226388, -73.82414295905623, -54.204684276057606, 60.584085441315125, -98.54990143169744, 98.30201797748089], [200.0, 0.0, 35.81741025930931, -11.977457052973772, 87.15879518098919, 63.39296123699647, 4.160952914067062, 87.74412471932811, 38.10084831230587, 36.6546889075267, -78.26567141534449], [200.0, 0.0, 39.70985994765777, 96.54834141647251, -92.62101500555661, 31.42468283177817, 69.72472009807038, 23.967843201847217, 6.506713281860832, 36.18294941469566, 81.46778650021172, 47.620671353733755, -40.57699570547493], [200.0, 0.0, 13.228423861496763, 66.03297910946236, 30.740231231920912, 26.303585148987008, 57.998531624533165, -30.021634892234616, -28.82416534086598, -5.434120398998776], [200.0, 0.0, 27.411359752111576, 38.29178117253158, -71.01897754101955, -72.0320170121097, 23.49404497349614, 45.058451404005126, 19.56551340738264], [200.0, 0.0, 38.584019729329654, -69.90949716109513, 6.752941639685006, -14.42310182350548, -9.332746502282951, 51.62344247680066, 76.27353182094865, -72.29706447747076, -7.9164762376755515, -38.375204626786676], [200.0, 0.0, 50.485198413674695, 49.25033578404483, 35.26776325031291, 4.298437106958497, 8.179576705121328, 37.86281150114097, -69.39313407971028, -38.56635447590166, -95.68466465694505, 43.79677838603273], [200.0, 0.0, -67.29773214954069, 50.6431911764269, 87.64077742594824, 92.0495705710172, -5.092887544568536, 98.23329675149705, -77.67514211680097, -21.39246282934164, -44.48149763688492, -6.031770885254839, -98.55334099183625], [200.0, 0.0, -67.61175726709993, -43.44743101126745, -79.81392715880908, 46.12713363781182, -69.04245124048265, -77.91078244431647, 45.275162142861426, -7.46133457611915, -68.48638574112354, -15.822615621413604, -76.56628031280401], [200.0, 0.0, 69.05322135489446, -28.704197321923395, -87.53505869142764, -7.2591861825736625, -24.03049382187339, 76.69115460674129], [200.0, 0.0, -44.062708533337954, -5.726840943371436, -18.982251568109866, 73.55764402960612, -17.52154648289064, 36.90907468521007, 58.97759395292537, -12.271037064513223], [200.0, 0.0, -64.77134359038459, 58.99884598614709, -58.19910382509504, -31.025082076746415, 81.43120909328059, 93.69731096187672, 21.769970778947602, 36.08525896779506]], "c": [4.50030804091832, 5.325718046841063, 5.116207921066894, 5.101968396074321, 4.617574220174058, 5.40099425462567, 5.098713518913169, 5.211792464485307, 5.01293454948971, 4.79877798235757, 4.546097858146237, 4.604373385036749, 4.579611509395746, 4.578980977478602, 4.991318630955547, 5.418934862563335, 5.088525063356309, 5.131939090496613, 5.064097505846296, 4.90996009688355, 5.163131602288123, 4.691945137600557, 5.075588737808938, 4.77518017805294, 4.89643207479716, 5.0014315569180985, 4.883006412215262, 4.514029607479489, 4.8520167340266, 5.181149274207044], "caves": [[1, 2, 3, 4, 5, 6, 7, 8, 9, 10, 11, 12, 13, 14, 15], [16, 17, 18, 19, 20, 21, 22, 23, 24, 25, 26, 27, 28, 29, 30]]},