{"inst1": {"S": [[1, 2, 3, 4, 12, 8, 10, 7, 13], [2, 1, 5, 12, 3, 6, 11, 10, 8, 7], [3, 1, 6, 10, 2, 7, 5, 8, 12], [4, 1, 10, 8, 11, 9, 6], [5, 2, 7, 6, 3, 9, 10, 12], [6, 3, 7, 10, 2, 5, 11, 8, 4], [7, 6, 8, 5, 3, 9, 10, 11, 2, 1], [8, 7, 9, 11, 4, 1, 3, 6, 2], [9, 8, 11, 5, 7, 10, 4], [10, 3, 4, 6, 7, 1, 9, 5, 2], [11, 8, 9, 4, 2, 6, 7], [12, 2, 1, 3, 5], [13, 1, 14, 16, 20, 22, 21], [14, 13, 15, 17, 19, 22, 18], [15, 14, 24, 21, 22, 20, 17], [16, 13, 18, 21, 22, 24, 20, 17, 19], [17, 14, 20, 23, 16, 24, 15, 19, 21], [18, 16, 24, 21, 14, 22], [19, 14, 21, 16, 23, 17, 20], [20, 17, 13, 24, 16, 15, 21, 22, 19, 23], [21, 16, 23, 24, 15, 19, 18, 22, 13, 20, 17], [22, 16, 15, 13, 21, 24, 14, 23, 20, 18], [23, 21, 17, 24, 22, 19, 20], [24, 21, 15, 20, 16, 23, 18, 17, 22]], "f": [[200.0, 0.0, 16.013685974831482, -46.79872274404917, -21.972558928449093, 0.1689601318546785, 79.5406754424244, 20.33495422893392, 7.406616850977454, 77.28890674642257], [200.0, 0.0, 0.180720922526878, 85.94832718408878, -79.28381631375916, -73.19369888408754, -98.6326545917648, 10.608598264253732, 1.13960856822517, 38.61062339847938, -44.93278766380095], [200.0, 0.0, -94.94120849344101, -14.472938136252944, -80.81619984596725, 60.42241366918781, 55.33560019221662, -96.1297999364163, -41.654409600132844, -8.600557674233777], [200.0, 0.0, 79.19936905383042, 2.787630932134766, 89.59816036890518, 26.606808418135742, 79.74397497950534, -73.54141730003141], [200.0, 0.0, -61.18147853131608, 88.82105290751878, 72.21380253831772, -0.9337754020331213, -74.16546757170475, -19.464884242888992, -84.09977293960236], [200.0, 0.0, 24.26149352870881, 79.82802838214083, -5.342885030933209, 91.12668203237195, -33.806202752971906, 45.88714539990744, 15.423249457299026, 22.9536894673489], [200.0, 0.0, -3.0465282755285816, -32.65369693157445, -13.723824838037846, -15.07035651214541, 80.92486898832385, 53.205704725792955, -16.309817283473336, -28.076033154018496, 84.15516953938965], [200.0, 0.0, -41.9733427093574, 25.923167920702326, 19.676585534177548, -52.94108737023209, 41.901109311010764, -1.7484776345079611, 86.62823452186454, 94.64280567182757], [200.0, 0.0, -61.026156464499024, -49.824428255262056, 69.05639693770904, 2.062299590729544, 87.26520588370758, 48.37959800765863], [200.0, 0.0, -72.75082560864317, 12.47241087324793, -72.89816353190166, -58.484850945919305, -81.056796780327, 60.920014848653324, -40.87592984000068, 87.84892904811478], [200.0, 0.0, 70.5327233381398, 44.7276282304832, 78.60848845557304, -21.4009328319513, -42.8814837641861, -58.53466800731317], [200.0, 0.0, -88.11126207036064, -93.5761450796055, -7.7789878481552055, -14.23039642677153], [200.0, 0.0, 51.47321652946102, -33.422670537613364, 91.00174330731204, 80.59373304422405, -98.9558780130182, 30.255940909746748], [200.0, 0.0, -74.15941649048588, 81.02463767376891, -93.66988492785921, -28.479788144992767, 13.361463697133713, -70.06575221543561], [200.0, 0.0, -62.304870295796164, -16.370792792356227, 18.860155647802767, -43.525581460410415, -93.98854453529265, -46.41635005503477], [200.0, 0.0, 11.94494429386328, 10.720883585284092, -58.37585535043974, 75.36801205838057, 85.2051284400241, 60.740435579500684, 78.1093025546564, 40.82968642120974], [200.0, 0.0, -61.200884203703424, -19.884503311972466, -92.18501133696164, -25.16150851227268, -4.127749098951905, -15.165849900725558, 77.8640934944082, 76.09393618336682], [200.0, 0.0, -76.93232715903495, -60.092496523582106, -18.70488353689175, 78.2221769129265, -45.96256457671733], [200.0, 0.0, 70.28314634094883, -42.95734467141623, 54.71659772751385, 34.555360309645835, -43.22144371519594, 70.28028150014313], [200.0, 0.0, 44.64973515575883, -46.00463660677136, -89.40936146059097, 48.53925344686818, 30.204429128972343, -59.062073299060415, 10.48875260064197, -58.242568373740866, -59.60758122185747], [200.0, 0.0, -60.10893396706132, -78.27544188727968, 28.3324776509297, 39.220492437131085, -26.115605076153024, -20.061128627582136, 76.34875171908253, 81.33611793506117, -19.951829972219404, 70.02649141225506], [200.0, 0.0, -0.1782009749761837, 74.30998519018577, 8.700361142620272, 35.51447784486088, -46.83638295239281, -31.986896865272563, -48.23486522667413, 99.94658045836222, -41.035417861842575], [200.0, 0.0, -97.29212913996686, 90.25066734301224, -93.88554720148352, -11.1028443501072, -28.829168172592933, 16.166815178967674], [200.0, 0.0, -15.255216076531886, -86.13612554017112, -96.3586124611524, 83.11347065239971, 22.484397762238228, 4.5550884786906165, -96.38386028570231, -38.78218251418608]], "c": [4.6211214840164505, 5.114520421948909, 5.05097847179562, 4.809729261841355, 4.643708616613815, 4.575214409249407, 5.348652084959049, 4.728429154069035, 4.7297206987319695, 4.865561216158944, 5.029363018125967, 4.862335651314742, 5.055838330970137, 5.091529497854006, 5.262034749843062, 4.849099366127224, 4.651567234437768, 4.68433559584817, 5.404973704452466, 4.991562802730603, 4.803589179097351, 5.353906853337862, 4.51259196848498, 5.361162101502473], "caves": [[1, 2, 3, 4, 5, 6, 7, 8, 9, 10, 11, 12], [13, 14, 15, 16, 17, 18, 19, 20, 21, 22, 23, 24]]}, "inst2": {"S": [[1, 2, 3, 11, 7, 12, 10, 8, 6, 5], [2, 1, 4, 5, 3, 8, 11, 10, 9, 6], [3, 1, 5, 7, 10, 8, 6, 2, 4], [4, 2, 6, 12, 10, 7, 5, 3, 13], [5, 3, 2, 8, 4, 1, 6], [6, 4, 8, 12, 3, 11, 10, 9, 1, 2, 5], [7, 3, 1, 4, 10, 12, 11], [8, 6, 9, 3, 12, 5, 2, 1, 11], [9, 8, 6, 2], [10, 3, 11, 4, 7, 1, 6, 2, 12], [11, 10, 1, 6, 2, 8, 7], [12, 6, 4, 1, 8, 7, 10], [13, 4, 14, 15, 17, 18, 19, 21, 20, 23, 22], [14, 13, 21, 22, 19, 23, 17, 24, 18], [15, 13, 16, 23, 22, 18, 21, 17, 19], [16, 15, 22, 21, 19, 18, 17, 24], [17, 13, 24, 20, 19, 15, 14, 16], [18, 13, 20, 22, 15, 16, 14], [19, 13, 20, 23, 16, 14, 17, 24, 15], [20, 19, 24, 18, 17, 22, 13, 23], [21, 14, 16, 13, 24, 15, 23], [22, 16, 14, 24, 15, 18, 20, 13], [23, 19, 15, 13, 20, 14, 21], [24, 17, 20, 22, 21, 14, 19, 16]],