{"inst1": {"S": [[1, 2, 3, 8, 9, 4], [2, 1, 10, 3, 5, 6, 7, 9, 11], [3, 1, 4, 5, 6, 11, 12, 2, 10, 8, 9], [4, 3, 7, 8, 5, 1, 13], [5, 3, 7, 11, 9, 6, 4, 2, 10], [6, 3, 9, 12, 8, 5, 7, 2, 11], [7, 4, 5, 10, 6, 8, 2, 11, 12, 9], [8, 4, 10, 12, 6, 1, 7, 3], [9, 6, 5, 1, 3, 2, 11, 7], [10, 8, 2, 3, 7, 5, 11], [11, 3, 12, 5, 7, 6, 2, 10, 9], [12, 8, 6, 11, 3, 7], [13, 4, 14, 15, 19, 20, 24, 23, 16, 17, 21, 22], [14, 13, 17, 19, 16, 22, 20], [15, 13, 16, 17, 18, 19, 22, 23, 20], [16, 15, 18, 23, 14, 13, 19, 20, 22], [17, 14, 18, 19, 15, 13, 23], [18, 16, 21, 22, 17, 15, 24, 20], [19, 13, 14, 24, 17, 16, 20, 15], [20, 13, 22, 24, 23, 19, 14, 16, 18, 15, 21], [21, 18, 22, 13, 20], [22, 18, 24, 20, 23, 21, 13, 14, 15, 16], [23, 16, 13, 22, 17, 20, 15], [24, 22, 13, 19, 20, 18]], "f": [[200.0, 0.0, 43.06713921227128, -69.05440478346567, -11.430655308676464, 25.821377534742894, -27.266939202823124], [200.0, 0.0, 25.150254552832397, 97.35725882215351, 6.204899422695465, 17.306751971137935, -97.95063555110485, 52.04056712778402, -37.27053078713538, -60.75390246304282], [200.0, 0.0, 62.86477537024269, -3.454101867209425, 22.972059246198604, 51.362269767041305, 72.77340901512174, -46.18407908936428, 41.132693106362204, -12.990876797081263, -96.80630731952667, -29.779213251029923], [200.0, 0.0, -14.74972377272994, 57.72113461837463, 37.72676659188314, -87.29852886964157, 34.90432461528607, -34.22919806466216], [200.0, 0.0, -98.17818146183215, 45.41190276635918, 6.451680315968722, -1.2675281485314382, -60.05369338230204, 18.77315153202219, -10.236258906020424, 44.531275220326386], [200.0, 0.0, 91.57965648534152, 15.53662374980993, 8.805285769483916, -34.725782654287606, -72.0299098714964, 61.89817067807431, 33.2785545585488, 80.34767591741331], [200.0, 0.0, -17.971311875717856, -74.95147796879584, -8.974410328595672, 2.6411862579806433, 48.98287229401621, -45.49378368122674, -55.80000826564688, 44.315157618226266, -80.69826504358295], [200.0, 0.0, -8.16884349221072, 51.83531688155798, -11.534922135327674, 6.221588289690505, 60.134825376668346, 11.63353329369099, -31.58384106844856], [200.0, 0.0, 60.56235315610892, -36.91751021508747, -69.44539952186204, 52.296334946195834, 71.94479442978461, -48.031111196288066, 70.38970789960233], [200.0, 0.0, -79.42417648037888, -38.30013024866095, 13.194578115488632, 99.7071502639794, 75.60974605155344, 75.7261009694326], [200.0, 0.0, -13.869165038383935, 75.190626701228, 37.552093773555214, 10.703773501944847, -45.75679550073461, 26.836844057694222, -68.81824691404432, 27.21190403738234], [200.0, 0.0, 15.374757832751374, 61.20066966176729, -79.39094830189978, -57.063938206197285, 33.6319609203882], [200.0, 0.0, -31.44925539633805, -60.611402027468884, 15.716436497450047, -62.01187812340869, -43.567183903575504, 37.0502360690663, 55.868106410914194, 90.11729168101397, -22.190966963603454, -58.53855221171334, -1.1477563970455407], [200.0, 0.0, -49.16059431618176, 21.37921267913354, 20.63582119782894, -2.336555236869886, 80.01621873706772, 74.26825199298021], [200.0, 0.0, -76.43661140097177, -49.47479151648828, 24.541631522176566, -88.4472243143003, 3.1602714604793913, 1.830091121506472, -8.45429944550007, -86.04299474216297], [200.0, 0.0, -18.14408466826327, -59.20415962863714, 74.6360993490895, 89.6270031606874, -69.20029067057428, -23.434972463852645, 66.74393863154835, 18.30247345640219], [200.0, 0.0, -10.14701923993635, 8.152050446408921, -60.58391313247717, 98.70271494112468, 36.75762513603973, 4.916431182362535], [200.0, 0.0, 33.172749273328584, -18.330469068060886, 77.08248639415392, -69.39916840358546, -89.51457050252223, 76.55105294205529, 53.54971593377746], [200.0, 0.0, 32.478109593783074, 79.5389559268142, 70.02197313536288, 89.41388459609698, 25.3510271706584, 92.08119994372288, 14.233136608452845], [200.0, 0.0, -38.724269411270164, -9.290878715969209, 85.57489570450534, -2.1984862934731897, -72.25856078593856, -31.0498353156486, 59.0761784135694, -70.37567832218686, 82.44879283832829, 21.626750189450348], [200.0, 0.0, 5.762114034964494, 50.76138640796317, -12.41945908656179, -37.178366023314325], [200.0, 0.0, -38.0026558203159, 54.30403641308224, -22.189427927340954, 37.970309410943436, 92.70150298685968, -60.45376303817487, 39.45162838279255, 92.1960051689511, -47.48105537167871], [200.0, 0.0, 54.30908954457523, -70.35090507829527, 23.24780212441171, 72.47442968336726, 94.02848965337152, -58.08731926651316], [200.0, 0.0, -44.690409888537545, 33.2196101903703, -61.089352486998514, 78.96418106276764, 26.68770355003516]], "c": [5.441561285160653, 4.574702784594741, 4.633880958507109, 4.990786107399242, 5.307433739715642, 4.674970568096655, 4.597552338243999, 4.592597236684797, 5.018187515100806, 4.729945487985333, 4.914718983001184, 5.278155201395587, 5.2091732681324245, 5.157982893504817, 4.504902951404522, 4.585759002840301, 5.105413558256752, 5.10471502575991, 4.704085165944736, 4.945170267416735, 4.7272815533077175, 4.735259924915632, 4.522915307647666, 4.962288917756876], "caves": [[1, 2, 3, 4, 5, 6, 7, 8, 9, 10, 11, 12], [13, 14, 15, 16, 17, 18, 19, 20, 21, 22, 23, 24]]}, "inst2": {"S": [[1, 2, 3, 5, 9, 7, 11, 12, 10], [2, 1, 10, 12, 9, 7, 3, 5, 11, 4], [3, 1, 4, 6, 7, 9, 5, 2, 12, 8], [4, 3, 7, 11, 12, 8, 6, 9, 2], [5, 1, 10, 3, 8, 2], [6, 3, 8, 4, 11, 10, 12, 7], [7, 3, 11, 4, 8, 1, 2, 6, 13], [8, 6, 7, 11, 4, 5, 3], [9, 1, 12, 3, 2, 11, 4], [10, 2, 5, 6, 12, 1], [11, 7, 12, 4, 9, 8, 6, 1, 2], [12, 9, 11, 2, 4, 1, 6, 3, 10], [13, 7, 14, 15, 17, 19, 16, 22, 23, 24], [14, 13, 16, 23, 21, 15, 22, 17, 18], [15, 13, 14, 16, 23, 19, 18, 22], [16, 14, 18, 15, 24, 13, 23, 19, 20, 17], [17, 13, 20, 18, 14, 21, 16], [18, 16, 17, 20, 23, 19, 22, 15, 14], [19, 13, 21, 23, 24, 20, 18, 22, 16, 15], [20, 17, 18, 21, 19, 23, 24, 16], [21, 19, 22, 14, 20, 17], [22, 21, 14, 19, 13, 23, 18, 15], [23, 19, 14, 18, 20, 13, 15, 22, 16], [24, 19, 16, 13, 20]],