{"inst1": {"S": [[1, 2, 3, 4, 8, 5, 7, 9], [2, 1, 5, 7, 8, 3, 4], [3, 1, 9, 10, 2, 7], [4, 1, 6, 9, 7, 5, 2], [5, 2, 7, 8, 10, 6, 4, 1, 9], [6, 4, 9, 5, 8, 10], [7, 5, 4, 2, 9, 3, 1, 10], [8, 5, 6, 2, 10, 1], [9, 6, 3, 4, 7, 1, 5, 11], [10, 5, 6, 3, 8, 7], [11, 9, 12, 17, 15, 16, 20], [12, 11, 13, 14, 15, 20, 19], [13, 12, 17, 18, 19, 14, 15], [14, 12, 16, 20, 19, 13, 18], [15, 12, 16, 11, 13, 19, 20], [16, 14, 15, 20, 18, 11], [17, 13, 20, 11, 19, 18], [18, 13, 19, 17, 16, 14, 20], [19, 13, 20, 14, 17, 18, 12, 15], [20, 14, 19, 17, 12, 16, 18, 11, 15]], "f": [[200.0, 0.0, 43.583129773516035, 60.5667062525008, -36.77748401632213, -30.679200135666008, -62.79205678017507, 48.31866201878219, -13.080261413781491], [200.0, 0.0, -8.223246071099698, 81.14279742748731, 20.731596266594998, 26.616014667866004, -99.91910792111942, 37.80487707420201], [200.0, 0.0, -17.267516044374975, -52.37924526176654, -74.79375868518498, -0.10087175890118871, -79.20523657687295], [200.0, 0.0, 82.35013697682618, -95.73441907781486, 6.575997869606365, -56.763712233334076, 71.57382523001357, -43.62324989920199], [200.0, 0.0, -71.09813153397677, 21.999474224914394, 52.59732949210842, 91.4390043873897, 86.97979994356263, 53.01755018434386, -98.11445993373435, 19.114647544555407], [200.0, 0.0, -40.436406857338895, 5.228519610721705, 18.570618828181363, 92.02763224824488, -24.2136611517765], [200.0, 0.0, 66.07302820500604, 0.8902476335243659, 25.879742829718676, -34.093730928423895, 76.28564932838917, 73.40918337509166, 77.60414712207468], [200.0, 0.0, -44.322570492918075, 71.24858653261812, 31.9834796136899, 48.067195252101236, -11.026491137714833], [200.0, 0.0, -74.62235706726574, -32.16901181752194, 40.629660006594804, -98.0360397886648, -24.373477432620238, 19.66359620765241, 17.273435751443444], [200.0, 0.0, -79.86199893790528, -74.98624921361323, -71.21411075234386, -53.68177308266138, -77.57991155107166], [200.0, 0.0, -74.17133976815803, -55.96736231539741, 3.324716326179611, -14.27114161383769, 56.65327964617251, 33.165353994061086], [200.0, 0.0, 13.731566180100252, 3.668486169265761, -44.925147077601025, 68.59491872471966, -93.16985486475528, -14.202543599361771], [200.0, 0.0, 8.546335376049674, 79.6715494401011, 90.26313231104044, -75.13005701846805, -15.267252463815396, -62.333167081934974], [200.0, 0.0, 0.5909745439155456, -36.68372521724142, 98.00384079387779, 22.727196415091335, -32.49617688955988, -83.65980805575799], [200.0, 0.0, 12.695160964243968, -14.561334573747086, -64.93614279908999, -78.11150946957113, 96.30354118162201, -92.58079872156779], [200.0, 0.0, 1.2212128777424835, 42.74013075676248, -31.94971846818657, -30.334032344848993, -24.948936760509067], [200.0, 0.0, -26.28906313005366, 29.79013686410039, 43.14897165272926, 41.71889620023323, 59.479862141820774], [200.0, 0.0, 99.71822857643848, 24.58003667496438, -16.725938494572446, -51.8574609134489, -39.23914675837634, 15.920922146661454], [200.0, 0.0, 25.62081590355554, 71.59604044131652, -92.47640881949721, 6.467166554206472, -35.597933918653155, -21.927358313027124, -29.008450278358833], [200.0, 0.0, -76.20768862145108, 45.68726837951442, -27.92261416646995, -34.6020955427575, -63.4349277877821, -78.69712309575203, -32.37190190483892, 89.05524429554328]], "c": [5.43953360676501, 4.583316169589542, 5.157679282183963, 5.374730857517116, 4.576160915273933, 4.667769970633818, 5.3611579693905105, 4.961531452471173, 5.039784709478782, 4.764365495211361, 4.735729749925219, 5.111643918716898, 4.9801864765072, 4.752117942905063, 4.841653371970695, 4.850304812618393, 5.056433750712536, 4.623371948017908, 5.4854783148500745, 5.201019452632276], "caves": [[1, 2, 3, 4, 5, 6, 7, 8, 9, 10], [11, 12, 13, 14, 15, 16, 17, 18, 19, 20]]}, "inst2": {"S": [[1, 2, 3, 10, 5, 6, 9, 4, 7, 8], [2, 1, 9, 7, 3, 5], [3, 1, 4, 9, 6, 2, 7], [4, 3, 5, 7, 1, 10], [5, 4, 6, 1, 9, 8, 10, 7, 2], [6, 5, 8, 1, 3, 7], [7, 4, 8, 9, 2, 5, 10, 1, 6, 3], [8, 7, 6, 5, 1, 11], [9, 2, 7, 5, 3, 1], [10, 1, 5, 7, 4], [11, 8, 12, 15, 14, 17], [12, 11, 13, 14, 19, 18, 20], [13, 12, 14, 18, 19, 17], [14, 13, 16, 17, 11, 12, 18, 20], [15, 11, 20, 17, 18, 19], [16, 14, 20, 17, 18], [17, 14, 19, 13, 16, 15, 11, 20, 18], [18, 13, 20, 15, 16, 14, 12, 19, 17], [19, 17, 13, 15, 12, 18, 20], [20, 18, 15, 16, 17, 14, 12, 19]], "f": [[200.0, 0.0, -72.68260708046964, -51.93428667822588, -53.084020320020684, 22.52281352794039, 36.27164670476346, -7.685644819262705, -58.50196336952529, 28.570270249845308, -74.32961313927002], [200.0, 0.0, 4.508988107984746, -23.36244627673778, 85.6034421905706, 24.58637756179465, 38.266565874243796], [200.0, 0.0, -2.4847733682739515, -76.23043099950684, 49.16961419579997, -37.23642286102391, -47.137857410437235, -83.35414161069758], [200.0, 0.0, 91.85124802658058, 65.56342347214657, 60.32569830999679, -33.36805366480553, 4.452717765883074], [200.0, 0.0, -22.944484812734057, -0.38447678652802075, 34.67859422203918, -81.15828467232255, 81.06546352635975, 63.261264275730554, -83.10732608326052, -64.65727175132419], [200.0, 0.0, 31.221555250319845, 61.07160418558939, -77.35440599725787, 2.8421418463493, -47.549477725086135], [200.0, 0.0, -41.90994477343868, -63.3748919863216, 8.05716527503806, 15.263617985954125, 42.0435114786474, -31.041063541112713, -22.859758233439177, 21.20414360606251, -84.3056250711487], [200.0, 0.0, -2.8380200821240154, 95.44033246826137, -37.9108896456215, 52.554833056764274, 37.034336793213015], [200.0, 0.0, 52.88670455965945, 99.11861097331938, -32.774015649296096, 1.259811307685288, -74.12412703711266], [200.0, 0.0, 69.99778669626026, 84.92609628777812, 3.448339224852859, -70.86369745946246], [200.0, 0.0, -40.38079512167172, 30.555682881507384, 27.56160153700924, 94.0855101424702, -42.73573443380971], [200.0, 0.0, -62.71131276618662, 96.66442250668526, 9.413547486302498, -22.74256101225931, -24.288168200762694, 69.08286945049787], [200.0, 0.0, -86.34501970443675, 53.01511451087508, -69.22588234463123, 60.842032470420015, 4.500175555165575], [200.0, 0.0, -70.33063903214062, 0.7867598505481688, 97.06718963366174, 16.13366728305987, 70.92892831883076, 49.32991205001771, 30.97314612552693], [200.0, 0.0, -52.539325481655055, -73.9106600596245, -41.48149921470821, 63.06943305113209, -61.29862175753964], [200.0, 0.0, 48.86019489227203, 52.56529637176013, -82.27703832690743, -42.758941891276606], [200.0, 0.0, 29.596920367806966, -40.74030245996227, 87.49476860027794, 9.053731373410013, 43.54182496400205, 47.88816524525812, 8.963813479702253, -54.08212878413605], [200.0, 0.0, -53.73610277768002, -99.10570776935528, -72.41711533100307, -68.61572795503419, -44.776488389792846, 66.95254640215896, 36.23336218046931, -45.449326661775416], [200.0, 0.0, -87.78863762446885, 61.47874925753343, 53.37223976830374, -39.97085233216626, -39.82201691645986, 97.46577546666803], [200.0, 0.0, -13.474760971764766, -71.65841664628279, 44.94562370180035, -4.012816376257722, -44.968415153675025, 11.858223537993817, -53.793206338285835]], "c": [5.113420701505181, 4.8901691978024475, 5.483389951971318, 4.876831729056214, 4.81502556347927, 5.424440907806126, 5.080505661644568, 4.72789369921233, 5.117301100155637, 5.367953037319933, 4.5539287621592734, 5.359174145893673, 4.923131326274162, 4.90146207870398, 5.489165684153415, 5.327178660274844, 4.876661369200648, 5.211754973796179, 4.707362502277926, 5.1505086814756735], "caves": [[1, 2, 3, 4, 5, 6, 7, 8, 9, 10], [11, 12, 13, 14, 15, 16, 17, 18, 19, 20]]}, "jmap": {"1": 10, "2": 9, "3": 8, "4": 7, "5": 6, "6": 5, "7": 4, "8": 3, "9": 2, "10": 1, "11": 20, "12": 19, "13": 18, "14": 17, "15": 16, "16": 15, "17": 14, "18": 13, "19": 12, "20": 11}}