{"inst1": {"S": [[1, 2, 4, 7, 9, 10], [2, 1, 3, 6, 7, 4, 10, 5], [3, 2, 5, 8, 7, 10, 4, 6, 9], [4, 1, 10, 2, 7, 3, 9], [5, 3, 10, 6, 7, 2], [6, 2, 8, 5, 3, 11], [7, 1, 9, 3, 2, 4, 5, 8], [8, 3, 6, 9, 10, 7], [9, 1, 10, 8, 7, 3, 4], [10, 9, 5, 4, 2, 8, 3, 1], [11, 6, 12, 14, 17, 18, 15, 16, 19, 13], [12, 11, 13, 15, 20, 19, 18], [13, 12, 16, 20, 19, 15, 18, 11], [14, 11, 16, 19, 15], [15, 12, 18, 19, 11, 13, 17, 16, 14, 20], [16, 13, 19, 11, 15, 14, 20], [17, 11, 20, 15, 18], [18, 15, 11, 17, 13, 12], [19, 15, 13, 16, 11, 14, 12], [20, 17, 13, 12, 16, 15]], "f": [[200.0, 0.0, -93.87523083960988, -74.3480035765158, 52.641844796774315, -9.674447029341259, -72.66603057577738], [200.0, 0.0, 35.66166012128376, -28.8604168318755, 6.665051646052467, -70.82232465780149, 54.72202362885801, 54.07727845666697, -70.11265199754149], [200.0, 0.0, 67.51956231833395, -55.87787470618797, 31.157856680308328, 40.91895471175218, -47.120083948253225, 33.44699795818102, 20.02486052042578, -61.42210245194457], [200.0, 0.0, -46.103066618030695, 96.32829183160187, -9.10671099010214, -23.058087377138968, 2.7193920916841474, 18.331680167411267], [200.0, 0.0, 68.40891013213124, -23.723078225287342, -49.63005005397469, -24.40061250655441, -44.274533508169746], [200.0, 0.0, -22.73696600498201, 12.34446778035494, 33.30232078657556, -73.63996046902031, -41.483078374522094], [200.0, 0.0, -3.751149529795672, -73.77053792757087, 44.22810006138804, 44.75627712631811, 15.345796018602687, 94.74986698969452, -78.86927232657703], [200.0, 0.0, -45.63510273628955, 44.19758627447339, -41.36892456982717, -10.749692513100339, 16.43865970581302], [200.0, 0.0, -73.17283272972959, 51.385564390065184, 60.055109486451606, -12.299925387170042, 66.2449927381089, 86.40268181322044], [200.0, 0.0, 59.25071315585557, -38.53185088595876, -21.315815867369214, -65.29794664480231, 89.85367505979605, -88.45590486090227, 13.106236715761032], [200.0, 0.0, -95.80213429225337, -26.71363225741519, -36.49288902111139, -59.48913049964044, -68.68319148462068, -4.894134818021634, -73.00918603927433, 79.86874522896967, -37.62693551840313], [200.0, 0.0, 62.02372061114201, 11.482167558658407, -63.766370296647246, -23.313933384001515, -37.67840811577501, 27.23752716781287], [200.0, 0.0, -56.98497079578719, 60.4369848058564, 7.678806081671219, -36.390545441149015, -19.86235161780585, 23.03934017214766, 65.28576880658063], [200.0, 0.0, -64.32343650185639, -70.13888123761882, 95.132360986045, -9.252241344124613], [200.0, 0.0, -2.751672977795039, -99.6586542454446, -40.49223985372061, 35.852322909812216, -83.45702572037177, 78.26576262239591, 32.75888425484257, -88.78314056531202, -47.621817548757875], [200.0, 0.0, 32.18503569399198, 79.42572696413579, 42.1503682387834, 16.19268539669898, 28.31150016302273, -71.98868801019249], [200.0, 0.0, -8.538278728310367, -36.4120605893812, -63.22905636340466, 76.13661132610507], [200.0, 0.0, -28.46327263439623, -27.423922628250885, -98.11549536072874, -60.97607318991176, 38.540745708972146], [200.0, 0.0, 53.246779200326124, 43.39288629762861, -6.898464567317264, -45.27706257182571, -61.15873421342688, 83.8088534050885], [200.0, 0.0, -5.133759169679886, -67.63708240624109, -80.9160374184102, -62.08565609815992, -36.94322777933714]], "c": [5.350594388350607, 4.832069675458794, 4.844551835130581, 4.819371748170808, 4.829251251546094, 4.69383239208495, 5.1041033317652715, 4.5312399855399725, 5.168756698188101, 4.510872004999948, 5.129317495284517, 4.904417839794641, 5.421859112782523, 4.720106842186877, 5.36448210068187, 4.519613540217135, 5.240118946750988, 4.765306016310786, 5.4402016851408765, 5.096629768647041], "caves": [[1, 2, 3, 4, 5, 6, 7, 8, 9, 10], [11, 12, 13, 14, 15, 16, 17, 18, 19, 20]]}, "inst2": {"S": [[1, 2, 4, 5, 10, 7, 9, 8], [2, 1, 3, 5, 8, 10, 6, 9, 4], [3, 2, 4, 7, 10, 8, 6, 9], [4, 3, 1, 5, 10, 2], [5, 2, 6, 9, 4, 7, 1], [6, 5, 2, 7, 3, 11], [7, 3, 10, 5, 8, 6, 1], [8, 2, 9, 7, 3, 1], [9, 5, 8, 2, 10, 3, 1], [10, 2, 7, 3, 1, 9, 4], [11, 6, 12, 14, 13, 20, 17], [12, 11, 13, 15, 17, 14, 20, 19, 18], [13, 12, 15, 16, 11, 19, 20], [14, 11, 16, 12, 19, 17], [15, 12, 18, 19, 17, 13, 20, 16], [16, 14, 13, 15, 19, 17], [17, 12, 20, 18, 15, 14, 19, 16, 11], [18, 15, 17, 12], [19, 15, 14, 13, 17, 12, 16, 20], [20, 17, 15, 12, 11, 13, 19]], "f": [[200.0, 0.0, 24.840175032311997, 59.88028760335122, -70.03672242500446, 69.13843003686983, -18.19476636752593, -78.16360846338377, -95.34897433337267], [200.0, 0.0, 65.93331730956457, 75.30863041844856, -44.07703727547181, 83.68117577765814, -70.05314115230765, 44.746628584007134, 87.66993324534691, 27.56437824817248], [200.0, 0.0, -75.81091444846233, -87.41422464819955, -80.04611242751096, 67.66774944680574, 60.770000113521625, 45.579698633603314, 48.41417361595284], [200.0, 0.0, -61.6188914517017, 83.75343920571991, 28.73900950033239, -36.62205575734825, -26.68750614353843], [200.0, 0.0, 69.46936547495115, -42.80017372828482, 90.67539802612812, 68.71619850773534, 5.676425496329585, 41.9817245965612], [200.0, 0.0, 47.88876123289416, -35.166923360632474, 41.90746579921043, -20.439598621310306, -45.740992075027684], [200.0, 0.0, 75.1890317992326, -21.138521565098813, -21.086739917308094, -67.21975212375362, -83.09335099082229, 86.98123949243409], [200.0, 0.0, -79.60128153641254, 45.112492652167724, 90.3997519921117, -9.1301321589357, -73.94139286017092], [200.0, 0.0, -10.650252366924695, -91.85894309134906, -24.754651135056548, -73.95437773863789, -95.85394377257894, -71.08753770999485], [200.0, 0.0, -25.35640384704536, 72.94114839503148, 73.62040304504085, -79.54687596342286, 19.31776180796023, 66.01955768115685], [200.0, 0.0, 43.50393218780007, 53.3022905074241, -40.05316884739965, -84.98698450206037, -21.09224614655021, 0.14769112078576452], [200.0, 0.0, -59.42878707012702, 3.587079962922002, -29.82865192170816, -73.0802894059121, 64.21161849859527, -51.374240462562625, 99.30211856958282, -57.170500067361885], [200.0, 0.0, -3.849709187231398, 1.5147571067838816, -59.230324966972425, 84.81398043304166, -2.391749580805125, -76.14629109762015], [200.0, 0.0, 92.91363271454736, 85.32536110832207, 74.07094665175087, 82.52280864523183, 18.462549485265576], [200.0, 0.0, -44.449992076198264, 71.44288799534004, -17.23311146833959, -81.74061093535123, -1.8909888125679064, 79.05298175980147, 20.929711083853686], [200.0, 0.0, 57.053020938190244, -36.12999389890119, 61.23045865996664, -2.459769229756037, 59.763396634724366], [200.0, 0.0, 49.30423224409171, -16.566185871543016, 49.35275150017797, -1.4096216176906928, 96.13044197463321, 92.73207895098687, 18.084354775370315, -66.3860700106452], [200.0, 0.0, -11.958942411116302, -93.5613075519317, 19.090505734385665], [200.0, 0.0, 57.37134461746314, 72.91188925635426, 56.7609470812948, 39.35161506616258, 71.28573612039084, 13.086593299272442, 27.536687396345183], [200.0, 0.0, -91.50397978499672, -97.27926188962665, 86.83172569558806, 93.67466075600963, -69.87932456740819, 37.466857824018994]], "c": [4.539396024340053, 5.177939351970368, 4.574577428094878, 5.477017912287329, 4.89949370975352, 4.86729052444578, 5.381198729455718, 4.853505389096869, 5.3263227187408635, 4.7044597400026555, 4.517560422487586, 5.40132975843771, 5.454994706819285, 4.620090220419009, 4.685605748976041, 4.68231625227067, 5.391987841118786, 5.102921049450652, 4.663507618243515, 4.578408972553955], "caves": [[1, 2, 3, 4, 5, 6, 7, 8, 9, 10], [11, 12, 13, 14, 15, 16, 17, 18, 19, 20]]}, "jmap": {"1": 10, "2": 9, "3": 8, "4": 7, "5": 6, "6": 5, "7": 4, "8": 3, "9": 2, "10": 1, "11": 20, "12": 19, "13": 18, "14": 17, "15": 16, "16": 15, "17": 14, "18": 13, "19": 12, "20": 11}}