{"inst1": {"S": [[1, 2, 9, 10, 8, 7, 6, 3, 11], [2, 1, 3, 4, 6, 8, 5, 10], [3, 2, 7, 4, 10, 1, 9], [4, 2, 5, 9, 10, 3, 7, 8], [5, 4, 9, 2], [6, 2, 8, 9, 10, 1], [7, 3, 9, 8, 1, 4, 10], [8, 6, 2, 1, 7, 10, 4], [9, 1, 4, 7, 6, 5, 3], [10, 1, 4, 6, 8, 3, 7, 2], [11, 1, 12, 13, 14, 15, 20, 17, 19, 16], [12, 11, 17, 18, 15], [13, 11, 20, 15, 17, 14], [14, 11, 19, 13, 15, 17, 20, 16], [15, 11, 16, 18, 13, 14, 19, 12], [16, 15, 17, 19, 11, 14], [17, 16, 18, 20, 12, 11, 13, 14], [18, 17, 15, 12, 19, 20], [19, 16, 14, 20, 11, 18, 15], [20, 13, 17, 11, 19, 18, 14]], "f": [[200.0, 0.0, -68.20712468043824, 30.10159721686243, 86.73975110583679, -8.979055208142416, -86.65530123930054, -36.92458440568884, 58.480079384493756, -80.45110949557095], [200.0, 0.0, -49.22083003338218, -73.79240332494814, -17.17915249622437, 72.95823117483617, -21.08682493246503, 84.45064466339274, 20.052533966859066], [200.0, 0.0, -94.676550305047, 77.63263273051733, 65.3906653324396, 73.61643717436696, -6.443741300998385, 46.749155316965485], [200.0, 0.0, 84.51477268115617, -31.801834476692825, -43.05441178199292, -98.42109214822052, 29.151863947223468, -27.872624285063296, -8.126008940795582], [200.0, 0.0, -10.652911402703214, 86.0383202340195, -96.90175001912912], [200.0, 0.0, 82.40791277695627, -96.389748274386, 5.958901685683049, 51.4714041527033, -81.14858014629466], [200.0, 0.0, 29.50981080871442, -10.404821167834433, 46.03241306706285, -32.40703474017281, -45.447087485872274, 14.905968609022914], [200.0, 0.0, 30.912692936973208, -2.3836285149591907, 97.00739778737804, 22.687119676565114, 89.22595528636172, 96.37907351207917], [200.0, 0.0, 66.04606455940419, 82.59146796981001, 85.4246202920159, 58.05697842657798, -5.747873804019354, 30.268289866826525], [200.0, 0.0, 99.932159916806, 40.34516644017807, 53.50272212512508, -11.856387823120418, -97.13717985228081, 74.6033387372101, 84.35789332679254], [200.0, 0.0, 6.7734420547544305, 62.53835544001407, 14.662772902120857, 93.45803021740504, -40.623772944771595, -82.56275639194763, 43.14070098595564, 33.443880549847506, -56.98491734009992], [200.0, 0.0, -24.27517850716154, 53.98935718688567, -7.462253758463833, -11.940121154984972], [200.0, 0.0, 85.46936676828297, 64.72945414753993, -88.53911277122342, -1.6591955948036086, -83.64498281933064], [200.0, 0.0, 46.39960705132027, -97.76279852764303, 60.69981883520374, 75.4968356024178, -85.31314545501019, -44.29036546678602, 99.81639098219813], [200.0, 0.0, 81.13463552121047, 74.6938941005791, -48.0675113650987, 97.68410029877876, 5.175795064031541, 66.92394960316668, 56.97277504965426], [200.0, 0.0, -52.152087663291205, 86.89899496420314, 0.17680827444308544, -65.20408699514479, -48.74597897874959], [200.0, 0.0, 33.98160904576426, -82.04516834341071, -34.304974103261074, 21.603841666237077, -34.705022698000995, -62.91882825368982, 2.124516356427053], [200.0, 0.0, 85.24854550923476, -2.815363644923319, -13.988290829858506, -28.276933443577555, -80.52753643207365], [200.0, 0.0, -87.14591652420205, 54.90081331934582, 25.287756365535465, 28.60517199410808, -21.101478393729312, -67.24156899497171], [200.0, 0.0, -59.8539388591389, -9.252145193382422, 47.613502073547956, -51.01357125638568, 40.2371031741724, 87.11665929100857]], "c": [4.94826666062208, 5.017778538781361, 4.7997714413179615, 5.039253887272893, 5.221782754260243, 4.532787028824115, 5.367105697350057, 4.593546259030368, 4.814453420799086, 5.111305419820398, 4.794382649993425, 4.531137858298674, 5.342276080994758, 5.433183367381111, 5.492562056983216, 5.080740931274915, 5.113272863496032, 4.546250191940959, 5.254585785229082, 5.415040934188253], "caves": [[1, 2, 3, 4, 5, 6, 7, 8, 9, 10], [11, 12, 13, 14, 15, 16, 17, 18, 19, 20]]}, "inst2": {"S": [[1, 2, 4, 6, 8, 9], [2, 1, 3, 5, 7, 9, 6, 4, 10], [3, 2, 4, 10, 7, 6], [4, 1, 3, 2, 9, 8], [5, 2, 8, 10, 9], [6, 1, 9, 2, 10, 3, 8, 11], [7, 2, 10, 9, 3, 8], [8, 5, 9, 4, 10, 1, 7, 6], [9, 6, 10, 2, 8, 4, 7, 1, 5], [10, 9, 6, 7, 5, 3, 8, 2], [11, 6, 12, 13, 16, 15, 19, 17], [12, 11, 16, 14, 13, 20, 17], [13, 11, 14, 18, 15, 19, 12, 17, 16], [14, 13, 15, 18, 20, 12, 16, 19], [15, 14, 18, 11, 13, 17], [16, 12, 17, 19, 11, 14, 18, 13], [17, 16, 19, 15, 11, 13, 12], [18, 14, 15, 13, 19, 16], [19, 16, 18, 11, 20, 13, 17, 14], [20, 14, 19, 12]], "f": [[200.0, 0.0, -17.133784766715987, -65.79589264180787, 49.43335723088982, -84.77185664743855, 7.301529981407917], [200.0, 0.0, -36.590537142789394, 4.453933965199686, -85.53745458182792, 30.059713800680534, 25.85517249522735, 95.8586972997286, 90.14143807344801, 12.180419650490881], [200.0, 0.0, -76.97407773027518, 21.541595607659314, 40.53100859306189, -23.504177716279862, 55.87323281950709], [200.0, 0.0, 11.095031527190958, 80.09526857794593, -33.86802796920843, 93.50807374635973, -68.63132085853285], [200.0, 0.0, 54.7107451614887, -22.313791366410427, -40.44166949318735, 3.6770277134064555], [200.0, 0.0, -3.8400048319820357, 98.37677616118322, -7.361039690835969, -60.846479399388386, 28.797877626486557, -62.63044789643113, -94.40403389079457], [200.0, 0.0, 39.101416532997256, -97.9737643971829, 15.61839764421633, 17.728524966841274, -72.01629157841442], [200.0, 0.0, -77.42757062586456, 36.083825481187844, 81.7215811056527, 29.625230432768923, -21.38606048056959, -90.30364143868923, 7.213206097584646], [200.0, 0.0, -61.25846597849338, -94.55832311323955, 88.1338799462426, 35.04286210880518, 46.009060979004616, -86.10985425238479, 81.07911508248536, 93.2389414176573], [200.0, 0.0, -6.212624748691464, -76.78701551245568, -39.76282644469793, -26.622673072272597, -80.32453236261155, -19.49294874949532, -40.40341371881691], [200.0, 0.0, 66.27725779288829, -23.324731020381485, 94.26794409656263, -62.7823165512281, 17.244977293378682, 38.112933764508995, -27.23176651800174], [200.0, 0.0, 96.09877030342722, 9.64790556870685, -88.46054093131602, 67.83970247092661, 2.650394038960102, -95.66184614643869], [200.0, 0.0, 87.44200950348977, 14.190659425539787, -50.847434908057295, -10.204641146896964, 51.98429085145661, -44.233170765933025, 42.463762195108565, -6.1018093911872295], [200.0, 0.0, -61.18637936973528, 23.033332816084418, 95.01039885142491, -99.12455841239532, 39.34200381041173, -35.49735695889935, 39.724725338493606], [200.0, 0.0, -24.60363122289524, -66.21131136747974, -31.16601585217267, -78.69207796060947, 30.144872756359288], [200.0, 0.0, -87.4296017637086, -90.0549574576555, 59.82341200691217, 55.53069658608729, 66.39602542405774, 0.053033298045623845, -34.90760828350585], [200.0, 0.0, -80.42217935733326, 58.12652909186351, 23.417016469456353, 6.999579117468757, 51.5876906638983, 70.83866213097166], [200.0, 0.0, -96.3810782477879, 24.905377503686644, -63.176679933086646, -71.89884792655165, -43.724494157735606], [200.0, 0.0, -56.733654029923855, 65.54354823974664, 99.55055618064104, 74.70185860471254, 15.631710744933368, -16.61023742237355, -70.05998320771147], [200.0, 0.0, -95.80555096801515, 47.6264463514831, -70.48447665455377]], "c": [4.850263428750098, 5.032169614519185, 4.673799898832171, 4.773728758599121, 5.414030674138138, 4.742948901785946, 5.091766740144982, 5.187151793741529, 4.508187629215149, 4.650144420329133, 4.887293635538509, 5.191761904936564, 5.23140744782839, 4.902315127999058, 4.5185417406511865, 4.884793577635107, 5.399836408858157, 4.898800360157645, 4.5782712565393915, 5.186875375457984], "caves": [[1, 2, 3, 4, 5, 6, 7, 8, 9, 10], [11, 12, 13, 14, 15, 16, 17, 18, 19, 20]]}, "jmap": {"1": 10, "2": 9, "3": 8, "4": 7, "5": 6, "6": 5, "7": 4, "8": 3, "9": 2, "10": 1, "11": 20, "12": 19, "13": 18, "14": 17, "15": 16, "16": 15, "17": 14, "18": 13, "19": 12, "20": 11}}