{"inst1": {"S": [[1, 2, 5, 6, 7, 10], [2, 1, 3, 9, 11, 6, 10, 4, 7], [3, 2, 4, 7, 10, 9, 8, 5], [4, 3, 11, 12, 10, 8, 2, 6, 9], [5, 1, 8, 7, 3, 11], [6, 1, 10, 11, 12, 9, 2, 8, 7, 4], [7, 3, 8, 9, 1, 12, 11, 6, 5, 2, 13], [8, 7, 5, 6, 3, 9, 12, 4, 10], [9, 7, 2, 3, 6, 8, 11, 4], [10, 3, 6, 11, 4, 1, 2, 8], [11, 4, 6, 10, 2, 7, 12, 9, 5], [12, 4, 7, 6, 8, 11], [13, 7, 14, 15, 23, 20, 16, 18, 22, 19, 24, 17], [14, 13, 16, 24, 21, 15, 18, 19], [15, 13, 19, 14, 23, 18, 20, 24], [16, 14, 17, 18, 20, 21, 19, 13, 23], [17, 16, 22, 18, 21, 19, 23, 13], [18, 16, 19, 17, 20, 14, 13, 21, 15], [19, 18, 21, 16, 15, 23, 14, 17, 24, 13], [20, 16, 13, 18, 22, 21, 15], [21, 19, 16, 14, 23, 18, 17, 20], [22, 17, 24, 20, 13], [23, 13, 24, 19, 21, 15, 17, 16], [24, 23, 22, 14, 19, 13, 15]], "f": [[200.0, 0.0, -25.998399444447486, -34.98607840606098, -45.33569952066592, 16.61302202552113, -10.579603575504581], [200.0, 0.0, 85.60382221764844, 87.87095617174627, -63.9486601979594, 31.054120433304245, 66.86170096069361, 11.319885967264609, -28.413689967612687, 25.360250579302868], [200.0, 0.0, 16.434998676027334, -91.0729188411405, 72.61375464093234, 55.77362812236124, 28.548551641398, 39.97416247451599, -91.13619347988914], [200.0, 0.0, -59.51312329182692, -37.883139080082515, 33.225200677637986, 4.008975852730079, -4.444002749800635, 74.14665236430102, 37.11323997958891, -62.338845757150985], [200.0, 0.0, 9.583449752203999, -99.63764605181925, -36.76659133144329, -27.36689550482594, 35.4160721292055], [200.0, 0.0, 32.88644523632884, 26.84986325509129, -16.490526629605085, -88.69721995289304, 73.97855793892872, 3.8905365447496454, -56.63954430838529, 66.32912640144579, 14.607838964497821], [200.0, 0.0, -41.63859080997155, -54.50050927300389, -12.613669610039956, 0.06224206285354583, -10.541862422847048, 84.56126485171119, -71.02933550646569, -48.74467219908507, 51.64728602804543, 94.76804245284924], [200.0, 0.0, 19.867618353171366, -94.6300441770669, 53.01825100829723, 53.69117128508909, 25.37786015083523, -18.190343810924592, 99.36990479137124, 67.45493928738358], [200.0, 0.0, 65.72424116713746, -32.596993139780906, 65.65719634237648, -52.17116326493638, 58.448466966240844, 7.047629538189959, 78.211407350669], [200.0, 0.0, -6.9800533149265265, -51.4777612012006, -59.16890919204136, 53.32673690971759, 89.44263343974066, 13.851105505631288, -71.20906586238993], [200.0, 0.0, 80.84066554954529, 56.914278300123655, 83.46246478853776, 62.28754018100287, -91.47098148301555, -16.410142890059042, -99.41895042033543, -73.05183448121522], [200.0, 0.0, 58.598548969474294, -26.052438212333094, 58.21003714576871, 38.94334981223584, -8.933798105454006], [200.0, 0.0, -13.476706208367982, -61.464125942623184, -11.40405204431023, -19.386162959133134, -48.893105226160415, -53.30317834765299, -27.682961388272265, 63.57276467587853, -94.53984809872848, 18.23602859725004, 7.652511988232247], [200.0, 0.0, 87.47180510434556, 93.48425553063349, -99.34777487483318, -28.077141261838733, 67.46751043802676, 83.18931482260248, -92.7354217942901], [200.0, 0.0, -71.3206074292178, 93.95172263697089, -69.1067721199571, 70.76000400336142, -50.360377453063435, -34.04119924690527, -79.33329543443142], [200.0, 0.0, -54.85566062970619, -93.68865790451109, -23.618820606936808, 98.52671662762596, 43.45388972925714, 98.70118132891331, 24.6603986509218, -88.38319402430889], [200.0, 0.0, -46.55445235922355, -71.61365234020205, -43.45582330271507, -88.21809658251031, -52.61562691891641, -50.21074296625008, 59.35470457912757], [200.0, 0.0, -25.85669561399351, -25.15054058120345, -85.8035693673318, 76.40762452766619, -12.935214443018861, 84.31993745579362, -80.25851119583065, -5.5984037023441235], [200.0, 0.0, 71.55932032143485, 22.279778504779692, 9.76290315206989, 5.050126449822745, -34.22974631575708, -89.62695501524345, -49.909489489607736, -79.58817594285208, -45.00818773345616], [200.0, 0.0, 22.226248423185435, 34.74821675861999, -90.72210351692038, -0.8537419256372081, -3.3602460878929152, 88.00029224015542], [200.0, 0.0, -60.34495913227582, 24.86470692203295, -29.001974696847665, 19.794699207783452, -73.36137739505577, -56.60241050264323, -82.90368312955896], [200.0, 0.0, -75.67428262291942, -86.85577927083568, -20.912105323567488, -52.95890088555095], [200.0, 0.0, 23.86582306501934, -28.53714646823051, -20.32832618203695, -58.68234877785896, 37.768194129352395, -26.270694169813467, -57.38664271261158], [200.0, 0.0, -45.793615387951014, 49.18367871200755, 59.76021051410147, -29.517328924671983, 35.57283428980953, -11.047069332166416]], "c": [4.5012602498552265, 4.6533116453347025, 4.98959401522912, 4.892905574544896, 5.184781817404191, 5.499048949561711, 5.1736985712685115, 5.295888715035965, 5.224078289906417, 5.261750248192513, 5.490045677213213, 4.694949967783079, 5.158813680201029, 4.548410346810112, 4.767763174423179, 4.66279486122938, 5.4957280593062094, 5.043927713777836, 4.69683957602786, 4.780483504973719, 4.836069152645754, 4.617147067369764, 5.082398939557106, 5.201397053689548], "caves": [[1, 2, 3, 4, 5, 6, 7, 8, 9, 10, 11, 12], [13, 14, 15, 16, 17, 18, 19, 20, 21, 22, 23, 24]]}, "inst2": {"S": [[1, 2, 5, 11, 6, 4, 9, 12], [2, 1, 3, 4, 12, 8, 7, 9, 10], [3, 2, 10, 11, 8, 7, 12, 4], [4, 2, 10, 5, 1, 11, 8, 6, 12, 3, 7], [5, 1, 6, 7, 8, 9, 4], [6, 5, 10, 1, 11, 12, 4, 8], [7, 5, 2, 3, 9, 4], [8, 5, 2, 10, 3, 12, 4, 11, 6], [9, 5, 10, 2, 1, 7, 13], [10, 6, 3, 8, 4, 11, 9, 12, 2], [11, 1, 6, 3, 12, 10, 4, 8], [12, 2, 11, 6, 8, 3, 1, 10, 4], [13, 9, 14, 15, 19, 21, 24, 23, 18, 22, 20], [14, 13, 16, 18, 22, 23, 24, 21], [15, 13, 20, 19, 21, 22, 23, 17], [16, 14, 17, 24, 20, 21, 23, 18], [17, 16, 24, 23, 20, 18, 15, 21], [18, 14, 21, 22, 23, 13, 17, 16], [19, 13, 15, 20, 24, 21, 22], [20, 15, 19, 16, 24, 17, 13], [21, 18, 13, 16, 15, 19, 17, 24, 14], [22, 18, 23, 14, 13, 15, 19], [23, 22, 14, 18, 13, 17, 15, 24, 16], [24, 17, 13, 16, 19, 20, 14, 21, 23]],