{"inst1": {"S": [[1, 2, 3, 14, 7, 8, 11, 9, 6, 15, 5], [2, 1, 3, 6, 10, 7, 14, 5, 9, 8, 15], [3, 2, 4, 7, 8, 12, 1, 14, 10, 11], [4, 3, 5, 9, 7, 10, 15, 12, 6, 8], [5, 4, 13, 8, 12, 10, 2, 11, 6, 15, 1], [6, 2, 4, 10, 12, 1, 5, 11, 7], [7, 3, 10, 11, 4, 15, 14, 13, 2, 1, 8, 12, 9, 6], [8, 3, 5, 15, 14, 1, 4, 7, 2], [9, 4, 14, 12, 13, 10, 2, 1, 7, 16], [10, 7, 2, 4, 5, 13, 3, 6, 15, 9, 12], [11, 7, 13, 15, 1, 5, 3, 6], [12, 3, 14, 9, 5, 13, 4, 7, 6, 10], [13, 11, 5, 15, 7, 12, 10, 14, 9], [14, 12, 15, 9, 7, 3, 1, 2, 8, 13], [15, 14, 13, 7, 8, 11, 4, 10, 2, 1, 5], [16, 9, 17, 18, 23, 20, 25, 28, 21, 30, 27], [17, 16, 19, 20, 21, 18, 24, 26, 25, 22], [18, 16, 25, 24, 17, 27, 26, 30, 23, 21, 19, 28], [19, 17, 22, 27, 28, 26, 29, 24, 18, 20, 23], [20, 17, 28, 24, 26, 16, 21, 19], [21, 17, 23, 26, 29, 27, 28, 18, 20, 24, 16, 22, 30], [22, 19, 27, 26, 29, 21, 30, 23, 28, 17], [23, 21, 24, 16, 27, 18, 26, 19, 22], [24, 23, 20, 18, 17, 29, 28, 19, 27, 21, 26], [25, 18, 30, 27, 26, 16, 17, 29, 28], [26, 21, 19, 18, 29, 28, 20, 25, 23, 17, 22, 24, 30], [27, 19, 28, 21, 18, 22, 25, 23, 24, 30, 16], [28, 27, 19, 20, 24, 26, 21, 16, 18, 22, 25], [29, 21, 24, 26, 19, 22, 25], [30, 25, 18, 27, 22, 16, 21, 26]], "f": [[200.0, 0.0, 31.766609527202448, -23.234878773567647, -2.76763163569016, 50.878975903548906, -37.28240088123891, 65.69848642422262, -81.31416492272857, -90.89717460443254, -91.69320681505604, 20.78811273869381], [200.0, 0.0, 56.16600610146185, -98.4890474751465, -49.726049118610135, 43.60727380003746, -30.07749031611524, 17.584512383517705, 97.05396555680164, -39.900798771610255, -92.54032588080592, -37.85920642289567], [200.0, 0.0, -78.48446950409986, -63.91175065937635, 29.251648091276294, -94.11536293463631, -56.59642786848844, -66.3490491984407, -22.721406796825818, 83.64469139826977, 46.27376702345658], [200.0, 0.0, -89.18643636583106, -88.68118489762367, 70.98598196399087, 89.71115948647, 43.38001169472672, -69.7369455011906, -42.67237090713372, -41.12617396224228, -36.98243871370251], [200.0, 0.0, -48.58759045710934, -5.470022818266318, -91.29541098045554, -13.721498051724268, 35.29146962197505, 96.71878124298374, 61.22894078145653, -31.975648000178737, 53.65585526670156, 96.44922689808895], [200.0, 0.0, 91.93523163165911, 29.73484176851835, 77.68405143754119, 31.72031592952853, -33.68111233257194, -30.90593908138395, -72.78446950924979, 2.1860891734369003], [200.0, 0.0, -25.971834137412266, 56.268075055680015, -8.422510633712266, -58.99602328872431, 62.3508435248666, 97.1943658926661, 37.977008412862915, -48.363423022087204, -93.39584962392674, -41.89414287800477, -6.779938659034723, -95.6194217603196, 71.1091903936169], [200.0, 0.0, 13.02978461958595, 53.54461353642333, -57.74913800644059, -57.302418806195554, -58.047917978325536, -50.77233245422457, -18.689648878883336, 25.97359647813311], [200.0, 0.0, 72.11285165503267, 3.007849321534284, 62.46512865802865, 38.05727800134304, -12.653825175791166, 74.97583526335696, 59.475099008977274, -50.80837225225936, -97.99402719891408], [200.0, 0.0, 13.302830894907537, 8.877501612371507, 85.36104887739606, -92.2093476817602, 17.517483876015728, 15.312494357543383, -31.988490945188808, -77.44980782174046, -57.97631984717877, 87.23139707305012], [200.0, 0.0, -50.57179526779243, -6.3109821463090965, 34.832464635302344, 2.8629205039285344, -96.4947507992463, 42.92431606758449, -33.715895046374996], [200.0, 0.0, 46.25448945964605, 88.00337281286458, 75.63720882205945, -21.822920050721418, -95.61864672064728, -1.0774769208214297, -39.014532700260965, 76.74620472481124, 86.5208989453526], [200.0, 0.0, 70.9237538774398, -88.0118291773444, 59.89689460242011, 32.63251233511559, -66.98409541120338, 69.69244824843754, 86.54634202096022, -54.87555158909976], [200.0, 0.0, -61.00645740435422, -77.64806301902868, 42.08290947826998, 20.795179714513836, 47.6782678157448, -60.90871379150149, -81.76768629082123, 92.65945456170557, -89.37023353753986], [200.0, 0.0, -56.7856564713765, 65.65547440928465, -11.331026506234053, 58.61186667892204, -86.53488810005754, 53.78804109834952, -91.5081026330297, -55.76473819665251, -95.2163605884762, 56.62893418504329], [200.0, 0.0, 80.00906214337422, 51.12284147453414, -87.80868406665667, 91.46414000633376, -14.722683760374288, -62.226758432634696, 56.68325176003255, 47.834554252033776, 43.48588719963462, 3.1678829881616855], [200.0, 0.0, -37.2448916511394, 29.135320170181124, 6.652449616778444, 19.296166730878372, -82.86302772139447, 50.658653391245025, 94.54051393538647, -4.2291921143854605, -86.62343974755903], [200.0, 0.0, -65.91482293938371, 63.70283776925714, -39.77857160463032, 35.92413132293781, 72.2883143404129, 29.44352314295504, -48.81786489952318, 95.97555720527431, 93.28367486895016, -63.487631755696604, -53.69394842344104], [200.0, 0.0, 64.33741183777899, 68.89643342261786, -51.06628513269334, -60.09517744796935, 58.10152137338882, 3.1792476475936304, 30.118518971944262, -23.860214668574553, 14.69563632445614, -94.939768210735], [200.0, 0.0, -20.905706115706835, 32.54674774551163, 53.30125646789161, -67.6157979999022, -71.77922427433805, -10.451301256145218, 3.469734133535507], [200.0, 0.0, 62.394499849361495, 88.1953556484381, 72.1442841348211, 57.243031106230944, 4.184561534911535, 39.497376747614, 15.114641601891933, -85.63116139761702, 70.32349877816601, -87.11835778596621, 96.80945057450508, -22.92517728100858], [200.0, 0.0, -89.50736507548875, 77.11326578149755, -28.122938648437845, -36.54904261756009, -86.69325657974207, 79.81795145028916, -81.65817587371419, 41.42949039865127, -7.422618003126624], [200.0, 0.0, 87.6871229078168, 99.36492057233919, -62.87265401321582, -89.57981897722014, -95.35910749332155, -82.53747475090192, -18.32005227546727, -2.348037298012584], [200.0, 0.0, 45.85018803603269, 44.614532036366406, -40.621427388709066, 43.19982447254067, 50.07840814662137, -88.55853694442486, 53.12917752499382, 3.390806452640849, 12.241723579398812, -46.67474327073946], [200.0, 0.0, -66.14582384521748, 54.026261762212215, -94.36034650065412, -55.99435528081054, 35.08626176053915, -17.266996530427114, 47.66661421521234, 58.3429960953016], [200.0, 0.0, 57.116450510179526, -7.850132396958487, -32.19726001464247, -29.99449318880012, 25.109927528792664, 64.80214242092322, 11.670608204111609, 1.6804592469531476, 22.87223984013247, 54.244001241694065, -0.34275957007283697, 12.765996494825483], [200.0, 0.0, 25.346732740069488, -43.633679236092426, -81.75584020531824, -6.464390751535043, 63.76717314271316, -16.723458034664773, 39.73457126534936, 95.3396670542184, -65.00243535699212, 53.39449770861353], [200.0, 0.0, -1.1695819842913568, 32.65820022955506, -39.21850276137613, -90.32682018045233, -61.63075638606301, 38.66949326876971, -17.309000589241364, -1.6894019813795902, 87.83972141716885, -39.20246584983016], [200.0, 0.0, -14.01003208358771, 68.9589206097477, 1.819334150678853, 97.79201002973845, -29.649131855189115, 67.8075970014548], [200.0, 0.0, -31.314613482558062, 63.85113465950314, 16.877040745489946, 24.08755485629801, -83.23696757200611, 38.45228917285966, 81.49921881843059]], "c": [5.288658758514995, 5.3762698875435975, 4.8242103122773266, 5.103054700064492, 4.719726734993302, 5.017973685536284, 5.341400571220263, 4.6281060144565895, 5.16303942322243, 5.0793441760790135, 4.507979157385611, 5.098305015379418, 5.493227830275551, 4.89628650368849, 5.414670478932204, 4.596823780634568, 5.330668425132876, 5.069028649906464, 4.7828464401688064, 5.095629064413895, 5.326141867234144, 5.112527377038742, 5.2623133106045685, 4.782963158239607, 5.08624486041745, 5.411974061092089, 5.321858465118614, 4.963536113561911, 5.225113261849537, 4.744398097351213], "caves": [[1, 2, 3, 4, 5, 6, 7, 8, 9, 10, 11, 12, 13, 14, 15], [16, 17, 18, 19, 20, 21, 22, 23, 24, 25, 26, 27, 28, 29, 30]]},