{"inst1": {"S": [[1, 2, 3, 4, 7, 5], [2, 1, 6, 7, 5, 9, 3, 4, 10, 11], [3, 1, 9, 10, 5, 6, 2], [4, 1, 5, 6, 9, 2], [5, 4, 7, 3, 2, 9, 10, 1, 8], [6, 2, 3, 4, 9, 10], [7, 5, 8, 2, 9, 1, 10], [8, 7, 10, 5], [9, 3, 6, 10, 2, 4, 5, 7], [10, 8, 3, 9, 5, 7, 6, 2], [11, 2, 12, 13, 15, 19], [12, 11, 16, 20, 15, 14, 19], [13, 11, 14, 19, 18, 20, 15], [14, 13, 15, 17, 20, 19, 12, 16], [15, 14, 18, 19, 12, 17, 20, 11, 13, 16], [16, 12, 19, 14, 15], [17, 14, 19, 15, 18], [18, 15, 20, 19, 13, 17], [19, 15, 13, 18, 16, 14, 17, 20, 11, 12], [20, 12, 18, 14, 19, 15, 13]], "f": [[200.0, 0.0, -52.19101613179351, 74.58492085458106, 60.02169773254755, -71.2489354836974, -6.887751129510344], [200.0, 0.0, -99.42352669746322, 90.9138089144042, 78.3887665294561, -28.309915609792768, -31.608379158074683, 75.34166792462757, 77.8407368723568, 42.637369193819, 71.56970848768809], [200.0, 0.0, 69.28234988212547, 23.631197287386453, 53.397577047613694, 79.7709452442388, -4.711208382530496, 82.50917991788866], [200.0, 0.0, 48.8116503256649, -5.363091683824739, 8.927404091209734, -74.66145059898646, -10.362720354023391], [200.0, 0.0, -8.268569263957492, -39.60292306563036, 65.77875525681746, 94.98495947708929, -6.262248559710182, -69.99669901205172, -71.62263598860663, 93.24634432199797], [200.0, 0.0, -34.77445923935127, -87.23173755464926, -72.58028735574094, -15.302192416042026, -40.13050474226678], [200.0, 0.0, -78.41942546806855, -23.856130731745328, -23.814749175818207, -79.04043020810386, -19.19807751816698, -7.832389990791744], [200.0, 0.0, -14.241708794850805, -0.9071109370050845, 45.2871527201685], [200.0, 0.0, -8.30995033552766, 72.87279723434582, -29.423701008882276, 13.029828831815005, 11.535473470139879, -29.487139264584595, -78.84817989170062], [200.0, 0.0, 69.68436600983385, -51.52950856793159, -63.694269971436015, -83.16813447357494, 48.27651753342652, -57.711694325909654, 3.1396104805734737], [200.0, 0.0, 50.19437757226646, -65.81502491955071, -19.285899866915535, -52.4394937081043, -37.55272470838633], [200.0, 0.0, 36.232052621249736, -14.759295266979056, -44.858341297586165, 55.771854318217784, 7.957280359476715, 46.55043045581917], [200.0, 0.0, -86.16528674266819, -33.00585529626099, -19.65890957572558, 2.179562794611556, -99.31047488764924, -91.80742548696539], [200.0, 0.0, 65.55542297377734, -21.419896208859356, -77.51734039211169, 39.904988546963985, 92.15055046333487, 69.0589360952999, -0.25259664734558207], [200.0, 0.0, -35.17331937688149, 17.452803615124203, 69.6734786978618, 56.99676015446471, -0.32005281581957146, 30.753445924869748, -38.769632415668084, 35.23381140887933, -59.80794606081999], [200.0, 0.0, -31.52895024507556, -23.52088749725276, 80.3689242691383, 11.677397186992255], [200.0, 0.0, 92.87427795123276, -65.64351580670152, -55.68470065738245, 0.7229590101861971], [200.0, 0.0, -86.81766147030856, 3.126384319992437, -32.6240445859544, 67.54431494823136, -14.498840802564871], [200.0, 0.0, 2.362448326626332, -31.996520559936272, 46.49118639110355, -65.15627182618087, -42.27671121800973, 10.516857243472533, -1.6848111870708449, 28.902140097729735, -32.67105160261712], [200.0, 0.0, 53.71068145637423, 2.059871621023923, 21.985393106292463, 80.23248149892213, -33.83059586463799, 66.39948443941486]], "c": [4.849947701545443, 4.9371871371484595, 5.229588615055918, 4.801244933505835, 4.8570536000016755, 5.354619637146831, 4.530028550886518, 4.809655373715952, 5.114756063802273, 5.228447897316352, 5.457386774769514, 4.712241696952151, 4.5533230024077715, 5.469974470384484, 5.250039269708887, 5.316483104323041, 4.603870573632537, 5.182521786922736, 5.468760116810301, 5.284645055113351], "caves": [[1, 2, 3, 4, 5, 6, 7, 8, 9, 10], [11, 12, 13, 14, 15, 16, 17, 18, 19, 20]]}, "inst2": {"S": [[1, 2, 5, 9, 7], [2, 1, 3, 6, 9, 10, 7, 8, 11], [3, 2, 4, 6, 10, 5, 7, 8], [4, 3, 8, 7, 9], [5, 1, 7, 10, 9, 3, 8], [6, 2, 7, 9, 3], [7, 6, 2, 5, 9, 10, 8, 4, 1, 3], [8, 4, 10, 9, 7, 2, 3, 5], [9, 2, 6, 8, 7, 5, 1, 4], [10, 8, 2, 5, 3, 7], [11, 2, 12, 17, 14, 16, 18], [12, 11, 13, 14, 20, 19, 16], [13, 12, 15, 16, 14, 19, 20, 18, 17], [14, 12, 13, 16, 11, 20], [15, 13, 17, 18, 20, 16, 19], [16, 13, 20, 15, 14, 19, 12, 11], [17, 15, 19, 11, 20, 13], [18, 15, 19, 20, 13, 11], [19, 17, 13, 18, 16, 15, 12], [20, 12, 15, 16, 13, 17, 18, 14]], "f": [[200.0, 0.0, -57.51133537435453, 61.77903413853338, 66.77553935796985, 20.152248868120548], [200.0, 0.0, 52.359908740833184, 25.63656750485588, -33.4889775907161, 87.72913211011573, 22.172815442469695, 50.84666504423845, 85.66320784782748, 20.651038706468228], [200.0, 0.0, -41.2129308094694, -39.16220676385722, 85.57739661164656, -45.7416263591266, 78.84837699964244, 59.910479285912864, -78.90205268435786], [200.0, 0.0, 69.9981411068749, -4.877294806607035, 43.35013682078317, -37.32535113112743], [200.0, 0.0, 98.6943244258758, 61.27138607377229, -79.25966919850407, 2.1027625591693466, -39.95431612180029, -86.92656765797418], [200.0, 0.0, 42.39089565749301, 27.16031971944064, -36.39342565150605, -74.80042617605449], [200.0, 0.0, 65.4949989123345, 35.7208102523425, 71.47249387643785, 9.881919049390975, -61.76874050828567, -3.4527167689356375, -21.00980290973451, -78.42666248481076, -97.7905200746629], [200.0, 0.0, 70.25979402121875, -2.2328874293329637, -76.05500618972269, -16.513139927446808, 72.99959380774746, -42.34790458879638, -55.673500622739034], [200.0, 0.0, -77.3472622863927, 21.885760918920383, 2.2050357464437287, 17.705277221434244, -99.98454043666317, -7.439265044117782, 70.95957232774201], [200.0, 0.0, -41.38024515682317, -91.98254467070166, 31.714617631860676, 14.236868049059105, -74.30085923079548], [200.0, 0.0, 33.788736167770004, -8.988085454989946, -12.11894787263006, 35.21375751654894, -65.99648708297397, 14.88929085123849], [200.0, 0.0, -15.744238657629772, 21.273360325419375, -5.011087832371586, 86.97503588224276, 90.58153285198891, 50.298880835699336], [200.0, 0.0, 58.5772913034337, 14.884529510587585, -53.360154131197234, -7.074815032007353, -94.73178696213276, 0.6175332801309663, -46.74756554897898, 0.273019595022439], [200.0, 0.0, -91.52348254883094, 1.3506054870498385, 28.175080126448403, 30.149185943528266, -56.39271423914067], [200.0, 0.0, 66.30952973190026, -99.69765850786459, -84.27984441864783, -30.791661118898684, 10.379250276576379, -6.772801449633548], [200.0, 0.0, -61.26554709389651, -33.91357518439679, -20.473483182017404, -95.87268031785032, 65.94025733098493, -42.86319413504336, -16.829578542958924], [200.0, 0.0, 51.83036588274297, 4.704181479712699, -1.790198124741349, 73.50156204204296, 68.23720759693911], [200.0, 0.0, -20.322269911716507, -95.27781747032635, 26.96390044614112, 61.73704141668277, -91.84608210914934], [200.0, 0.0, -3.8693777659072115, -12.185462737182284, 6.111495697254421, -6.2711046494472455, -71.98719387633194, -88.14072547824907], [200.0, 0.0, -70.02603064186206, 38.79913803900135, -91.17196863820818, -54.66440243987716, -13.05170738773873, 77.83116566570487, 15.49363997075941]], "c": [4.939792791161267, 5.294261609214874, 5.087512078387465, 4.7048807255716545, 4.725253687570778, 4.78575898548, 4.881904469590228, 5.094222559899752, 5.446523720191767, 5.262455512654017, 4.940582475401129, 4.5339846735660565, 5.398791667740624, 5.249140317087074, 5.11977325663208, 4.957919262406412, 5.1450688520653, 4.956998804100495, 5.040618366602967, 5.158696347415464], "caves": [[1, 2, 3, 4, 5, 6, 7, 8, 9, 10], [11, 12, 13, 14, 15, 16, 17, 18, 19, 20]]}, "jmap": {"1": 10, "2": 9, "3": 8, "4": 7, "5": 6, "6": 5, "7": 4, "8": 3, "9": 2, "10": 1, "11": 20, "12": 19, "13": 18, "14": 17, "15": 16, "16": 15, "17": 14, "18": 13, "19": 12, "20": 11}}