{"inst1": {"S": [[1, 2, 3, 4, 9, 10, 6], [2, 1, 5, 8, 6, 3, 4, 9], [3, 1, 6, 10, 7, 2, 8, 9], [4, 1, 9, 8, 2], [5, 2, 7, 8, 9, 10, 6, 11], [6, 3, 2, 10, 8, 1, 9, 5], [7, 5, 9, 3, 8], [8, 2, 10, 5, 6, 7, 4, 3], [9, 7, 1, 5, 4, 6, 2, 3], [10, 8, 6, 3, 1, 5], [11, 5, 12, 14, 15, 19, 17, 13], [12, 11, 13, 15, 18, 17, 14, 19], [13, 12, 16, 20, 17, 14, 18, 19, 11], [14, 11, 17, 13, 16, 18, 12], [15, 11, 18, 19, 12, 17], [16, 13, 14, 20], [17, 14, 20, 11, 13, 12, 15, 19, 18], [18, 15, 12, 13, 14, 17, 19], [19, 15, 11, 20, 17, 13, 12, 18], [20, 17, 13, 19, 16]], "f": [[200.0, 0.0, -91.71305691014437, -65.12311795714199, 54.06962899651371, 62.183879403372934, -31.28827170541022, 89.54904473062733], [200.0, 0.0, 42.87926219100593, 93.65344865606187, -94.4988133524968, 15.94933321554679, -93.03981745665739, 4.6853130671144605, -34.522859050985666], [200.0, 0.0, -60.62667598925766, -1.8424611763345533, -88.22079018876141, -9.768675978158958, 32.67432643928667, -7.652794892433934, -22.1388310626319], [200.0, 0.0, -52.31858519431167, 55.73473572667371, 72.0316414546345, 65.80549467324592], [200.0, 0.0, 53.287423380496634, -6.749288286369803, 9.013188899171753, 53.18947618468746, 12.672597307527278, 44.30478587999951, -15.846005250194795], [200.0, 0.0, -11.633886372430723, -96.11767432485105, 32.18603005438101, -58.14998644470821, -52.56343765487519, 72.86396028972631, -54.58920248734549], [200.0, 0.0, -68.04366551539654, 55.26097002765711, 90.36308695098896, 49.86584425221265], [200.0, 0.0, 38.96473838093559, 0.7125177950806361, -14.664545344794666, 55.41569872131582, 30.251011194997336, -95.71495779523109, -72.26903794568531], [200.0, 0.0, -71.74186313014859, -34.52920330802065, 91.902779728272, -38.48479418866822, 98.08750842044986, 78.37233405933989, -70.96336970894788], [200.0, 0.0, 58.382830675133675, -61.74432896574169, -48.52695012873447, 75.71817208248581, 44.657643196468676], [200.0, 0.0, 41.73848582436213, 34.71820187120203, 13.680174060329975, 58.2297251932353, 12.022657319069241, -68.54047086105972, -94.45303234345899], [200.0, 0.0, -58.55107291440154, 72.95207379560998, -86.38101099204674, -14.718321674966273, 17.799172234130122, 55.27994999333319, -96.56359498062861], [200.0, 0.0, -90.23531892874124, 51.8460038682472, -52.49555668138335, 17.07683254612167, -97.92928476807982, 9.011687168245853, -37.58219330733586, -96.84294429309277], [200.0, 0.0, -34.95406393510989, -69.38614756811579, -79.12151564689418, -45.58716031976719, 70.01052396252658, -3.601933057697493], [200.0, 0.0, -46.528352257677795, -30.64158076836525, 42.168807548169255, -60.52464509189355, 16.234337993852165], [200.0, 0.0, -97.30770298570364, -4.764629947284416, 5.02689415554789], [200.0, 0.0, -88.82948839570746, -37.940008003390545, -55.82737858781341, -62.073812083858336, -16.079229944739602, -64.84828877851554, -97.31374438761505, 78.21342955589432], [200.0, 0.0, -31.751025971915702, 68.19212013080909, 0.24289106784212144, 73.51064755317668, 58.64001036568527, -89.65114230146041], [200.0, 0.0, 95.83858820192633, -28.49848193120581, -34.62324790107376, -4.284743527870405, -35.49909494316419, -7.02315435449079, -69.49010088105298], [200.0, 0.0, -37.370835093427445, 97.51694024461597, -18.408622120072614, -42.27450885087713]], "c": [5.498640157403604, 5.122249494841341, 5.459442504482762, 5.202915317407579, 4.7495404579821185, 5.2050223102795705, 4.55708526525896, 4.829201659235889, 4.765709164077344, 4.957726515296331, 4.94738279831824, 5.28431920972376, 5.047969088499216, 5.250665369646652, 4.810581496505213, 5.4469195305767055, 4.94755157695873, 5.0767750692704245, 4.736567789939795, 4.724340722965098], "caves": [[1, 2, 3, 4, 5, 6, 7, 8, 9, 10], [11, 12, 13, 14, 15, 16, 17, 18, 19, 20]]}, "inst2": {"S": [[1, 2, 4, 7, 8, 3], [2, 1, 3, 5, 6, 10, 8], [3, 2, 5, 10, 1, 6, 4, 8, 11], [4, 1, 9, 3, 10, 7, 5], [5, 3, 6, 2, 4, 8, 9], [6, 5, 9, 3, 7, 10, 2], [7, 1, 6, 9, 4, 10, 8], [8, 1, 9, 10, 7, 5, 2, 3], [9, 8, 4, 6, 7, 5], [10, 8, 3, 4, 7, 6, 2], [11, 3, 12, 13, 20, 14, 16], [12, 11, 15, 16, 19, 18, 17, 20], [13, 11, 14, 17, 18, 19, 16], [14, 13, 15, 16, 11, 20, 17, 19], [15, 12, 14, 17, 20, 18], [16, 12, 14, 20, 11, 17, 13], [17, 13, 15, 16, 14, 12, 19, 20], [18, 13, 19, 12, 15], [19, 18, 13, 20, 12, 17, 14], [20, 11, 16, 19, 14, 15, 12, 17]], "f": [[200.0, 0.0, 85.17655761006185, -97.84960363349143, 32.35073041754146, 90.90776948960568, 66.98386782135802], [200.0, 0.0, -98.24538817874394, 30.855839297644838, 13.969954510192073, 5.366155167494258, 38.604584567326384, 79.96584267669596], [200.0, 0.0, -20.278538004119252, 40.172307924301954, -35.76112889509213, 50.322760814108406, 15.757490218664438, 24.66604139328663, 43.70187781418906, 16.149850522038545], [200.0, 0.0, -94.90540529673659, -62.173869646391154, -23.25180634236832, -85.85264242080916, 83.0069461977357, -8.597483908458114], [200.0, 0.0, -55.65271439303048, -35.96555398413584, 48.98874138932445, -33.553019088407424, 3.3483020984549805, -81.8407352052819], [200.0, 0.0, -19.925444931403135, -30.90410556005041, 6.348331374433491, 28.685781642199725, 98.41732391231733, 65.64862469799255], [200.0, 0.0, 26.44805222992439, -58.7499184920538, -97.83829976550152, -42.92177751028705, -69.63757413292817, -14.631587645258136], [200.0, 0.0, 45.066197716320524, -36.581491452488216, -77.69092772220287, -13.20508142792276, -78.4074279921762, 31.385821656649714, 4.598256824832014], [200.0, 0.0, 99.7897764969677, -83.72062576826471, -2.1317619764076534, 51.98786457200302, 33.74534797054605], [200.0, 0.0, -17.358169402112257, -91.24309687595151, 71.14220129523233, 65.2660567282594, -57.0885512755503, 36.06665198479029], [200.0, 0.0, -54.457552392087514, 34.81678520327727, 58.98172403695887, 82.7989076320286, -3.352082544688595, 7.021611985936405], [200.0, 0.0, 32.26102853407218, -88.20978938240427, -41.80230087532089, -4.5733873786247825, 76.24401941297828, -48.63193468460663, -16.087173391306987], [200.0, 0.0, -81.17415664229144, -16.10716868896882, 57.61676231736455, -11.578304612390134, -27.768784691488623, 98.92735916623872], [200.0, 0.0, 73.29232963629646, 99.49929760431986, -0.06333880167568307, -97.50066427304904, 37.260696818251745, -27.618582265327763, -3.510587458566694], [200.0, 0.0, 24.336863977204047, 97.74368621365568, 42.51880159438901, 51.80290905171327, 44.96415598518724], [200.0, 0.0, -5.818909993093868, 77.77091952340085, -42.488566100146954, -15.297364153931682, 74.109737628868, 91.98906803463758], [200.0, 0.0, -31.986014680906628, -84.25363024860444, -41.11899358448772, -39.02585275934616, 50.61580882398744, 32.482892718744274, -25.98366804099408], [200.0, 0.0, -9.672955548142514, -55.24791130838172, -79.48687241444598, -59.62234678837503], [200.0, 0.0, -84.50433670628455, 68.1637187062047, 30.125579429034175, 24.322713565630295, -47.77136339286203, -90.6115390622057], [200.0, 0.0, 24.391589989041584, 46.95470860445168, -82.90015744716091, -15.917142575500165, -5.23134317885503, 85.66823562800015, 49.08458397918976]], "c": [5.0416638866433585, 4.799530892537263, 5.078779988577573, 5.1160816857787506, 5.071693565927074, 4.695891892337684, 4.637710995694649, 5.050839703078237, 5.202586149912079, 4.597569744736346, 4.695604997388082, 4.953561950466225, 5.394890951629604, 4.892340157010579, 4.513983141364961, 5.141738146447405, 4.53976611449046, 4.94456376675832, 5.145110431911639, 5.098145980315786], "caves": [[1, 2, 3, 4, 5, 6, 7, 8, 9, 10], [11, 12, 13, 14, 15, 16, 17, 18, 19, 20]]}, "jmap": {"1": 10, "2": 9, "3": 8, "4": 7, "5": 6, "6": 5, "7": 4, "8": 3, "9": 2, "10": 1, "11": 20, "12": 19, "13": 18, "14": 17, "15": 16, "16": 15, "17": 14, "18": 13, "19": 12, "20": 11}}