{"inst1": {"S": [[1, 2, 7, 11, 13, 14, 6, 4, 12, 3, 15], [2, 1, 3, 4, 11, 14, 5, 12, 9, 7, 8, 15], [3, 2, 5, 8, 15, 9, 10, 4, 13, 1, 12, 14], [4, 2, 9, 14, 5, 8, 3, 11, 1, 6, 10], [5, 3, 6, 4, 11, 8, 2, 14, 13, 10, 7], [6, 5, 12, 15, 11, 7, 1, 10, 4], [7, 1, 10, 6, 11, 2, 5, 9], [8, 3, 4, 9, 10, 5, 14, 12, 2, 11], [9, 4, 3, 8, 15, 2, 7, 11, 13, 10], [10, 7, 15, 12, 8, 3, 6, 5, 4, 14, 9], [11, 1, 6, 2, 7, 5, 13, 4, 14, 9, 8], [12, 6, 10, 2, 8, 13, 14, 1, 3], [13, 1, 11, 15, 3, 12, 5, 9, 16], [14, 4, 1, 2, 8, 15, 5, 12, 11, 3, 10], [15, 6, 10, 3, 14, 9, 13, 1, 2], [16, 13, 17, 22, 28, 23, 24, 20, 26], [17, 16, 18, 21, 24, 30, 19, 27, 22, 23, 28, 29, 20], [18, 17, 19, 29, 23, 21, 28, 25, 24, 22], [19, 18, 20, 22, 24, 25, 17, 21, 27], [20, 19, 23, 28, 17, 22, 16, 24], [21, 17, 27, 25, 18, 29, 19, 23, 28, 26], [22, 19, 28, 16, 24, 30, 17, 29, 20, 27, 18, 25, 26], [23, 20, 26, 30, 29, 18, 16, 17, 21, 25], [24, 17, 25, 19, 26, 29, 22, 16, 28, 18, 20, 30], [25, 24, 26, 28, 19, 27, 21, 29, 30, 18, 23, 22], [26, 23, 29, 25, 30, 24, 27, 28, 16, 21, 22], [27, 21, 28, 17, 25, 26, 19, 22], [28, 22, 25, 20, 16, 29, 27, 18, 17, 24, 26, 21], [29, 26, 23, 18, 28, 24, 25, 21, 17, 22], [30, 23, 26, 17, 22, 25, 24]], "f": [[200.0, 0.0, 78.06191759304934, -10.436811420464199, 51.12729085442778, 6.994858587631092, -43.35736465943951, -49.536119236768286, -35.595744065354666, 22.96151184776345, 79.22230692920193, -89.94589780333403], [200.0, 0.0, -95.87784520016214, 40.81192955797375, -19.204843322156506, 40.8440390382957, 42.339686645893025, 62.443787826306796, 80.79611013724166, 84.68603685456625, -78.43722864602285, -44.752021933654504, -60.2446819301506], [200.0, 0.0, -93.28517466367268, 66.18446937630071, -67.82798599431916, 68.71330515732083, 16.461198893786523, -73.09231465226425, -39.09424055935424, -36.84382102727612, -47.87390857600609, 60.48963251357995, -78.50759496268809], [200.0, 0.0, 91.92685955530624, -97.33990042550047, 27.134792960709532, 13.54556213191136, -61.3626307022431, 15.424339239512719, -62.9618789350459, 4.410574840997716, 91.02742535393287, 24.664217879047246], [200.0, 0.0, -72.43974867821149, -15.466989693401057, -43.33171172812793, -72.15662594073125, 84.48093402692727, -95.1256060067422, -90.13460010235357, -54.722375408637824, -2.040317150593096, 29.333861580292854], [200.0, 0.0, 27.76768639897025, -84.57029316660451, -87.91267561783404, 12.9790830094751, -59.87069077599261, -89.13733641951949, 89.9648206009712, 69.34525159211205], [200.0, 0.0, -57.79772185224314, -0.46767775021381297, 12.64668600126273, -51.88864298948068, 31.290724204630706, 81.92438061292, -9.961308454256779], [200.0, 0.0, -8.816172418950586, 41.29364938416551, -58.47964203323246, 18.62108237826059, -96.55510841566365, 54.052990393575804, 44.5343725037806, -41.44037620904248, 43.73969156083224], [200.0, 0.0, 65.62548096783243, 82.77220209470113, -20.912626287953785, -1.1943859688491099, 51.84865694009544, 67.69573402354025, -19.175948520173748, 2.1377047715201325, 76.63041516869531], [200.0, 0.0, -37.54040139128807, 56.59255395938623, 50.27605776718509, 62.13437509463873, -33.75210733054994, 72.9794040650259, -47.43328343597195, 23.78970170913832, 67.38982460557632, 61.276007382782495], [200.0, 0.0, -32.762437468518456, -26.864549968432282, 52.98222062015849, 16.685343995882373, 67.691858964267, -28.577429763440332, 58.16806394443466, -12.070553951567797, 94.4591995409701, -72.58627072662296], [200.0, 0.0, -66.0330693720681, 45.20580247183879, -78.61009522128069, -78.66868813845966, 87.74062605449686, -66.14459900397642, 14.461079651272879, -98.75208604378494], [200.0, 0.0, 89.52917303685386, -40.53193190755633, -3.2952791283124228, -46.03277266079164, -57.64078251991438, 29.08506391185024, 88.18773617015454, 70.98283453017548], [200.0, 0.0, -84.03624632032543, -86.5030897703341, 74.24023226098575, -99.3057358775285, -14.087629689800195, 58.924582133522875, 20.541400816953413, -40.11615494707517, -99.36033229840935, -30.89856342797397], [200.0, 0.0, -71.55141570185779, 26.686486939462007, 28.238620264815516, 25.527751276703235, -23.515893382302067, 73.57325619234325, 9.691949724617643, -66.04976328068588], [200.0, 0.0, -61.19277275691988, 39.3081384420894, -25.34918109487647, -45.68661240106715, 68.57882215293117, -9.794099791745037, 89.42527257988925, 96.97396636693196], [200.0, 0.0, 10.09408182921252, 85.57239817063642, 56.56134809387898, -30.407443259239876, -61.2837570900362, 1.0589735003939893, -78.59362857509196, 67.3768432228348, 53.691711352014096, -24.96321731165887, -71.92296282578174, -49.958935147551074], [200.0, 0.0, 89.24452041038965, 64.90683890547172, 25.611328278367253, 82.23404699259737, -97.01094342459776, 97.30157177041127, 46.55607268751356, 99.28978832895446, -52.68999416091893], [200.0, 0.0, -31.733425226947354, 35.744894516272765, 13.71976764919436, 75.69834534333435, -71.36122001017338, -96.87534342856445, -18.73823818830258, 82.40291089581413], [200.0, 0.0, -82.07538496433197, -36.45295570901386, -84.75572682832609, -76.23103233127229, -54.46937130312235, 36.80721955630475, -41.70564895116007], [200.0, 0.0, 23.513029002794973, -84.73382576960475, 71.77494067411168, 51.63397006745303, -70.48378070431012, 7.288534913478117, 78.60624413530482, 68.70447633001146, -5.369264801439244], [200.0, 0.0, -61.88979245296942, 14.536638365062714, 94.82100892140947, 61.610724295589606, 92.44189472320781, 74.66925017133607, 50.611411367107564, -72.98295478763852, -69.34372378698603, 42.836444021825535, 41.93122920377035, 39.054026320482], [200.0, 0.0, 83.7841506043089, -79.70225893708405, -40.65129579959004, -66.52826409469732, -74.02227545782915, 55.90065428677027, 58.71656419543927, 1.433444464631184, -99.59044218719733], [200.0, 0.0, -11.770869052557043, -46.20042230860724, -37.14261115460133, -41.14573757274451, 9.670318636435793, 8.595219640950692, -53.46910688766933, 21.256828808059858, -79.04903383148189, -97.23750629609869, 1.4954671023983845], [200.0, 0.0, 55.83180858582195, -51.44968620334562, 11.510970728967518, -9.719158144475571, -18.03319087584747, -93.20675824255329, 40.234771145613756, 51.94618765187635, 10.016425156923358, -20.35310561709722, -31.658362744682545], [200.0, 0.0, -40.588253101555516, 36.326216054351114, 59.25601148135484, -90.20085758293975, -11.182960477612202, -78.47927706998257, -19.710339950171594, 24.445006227311318, 7.432005096375627, 3.2240430982288792], [200.0, 0.0, -85.79890769097722, -91.45591144681826, -22.499704597947744, 22.088815015137264, -93.84613514511722, 4.668325267816753, 5.612203685891304], [200.0, 0.0, -86.76728792059959, -59.30181209636631, -90.19950288127, 95.41352788104676, -75.77244951328115, 89.43959134414439, 30.739237482375792, 77.58743622889975, 95.857127108687, -29.252486216574948, 72.65493134653953], [200.0, 0.0, 19.91404232595624, -28.33006926997974, 26.578897803668333, 28.002561394523017, -54.836008803530056, 67.7290884052534, -4.859033504069843, -84.936999572507, -97.98827133141783], [200.0, 0.0, 25.32451651560288, -60.48194844236197, 63.91119861233594, 51.58913997291952, -27.34540904693883, 15.627940573672404]], "c": [5.391556652692021, 4.553354768892112, 4.626389945257422, 5.431939929441275, 5.218014890388861, 5.282163880968435, 4.588568191881738, 4.830751763737393, 5.208403972836264, 4.595705138507865, 4.755823940657674, 5.4195117107857005, 5.2759842785194815, 5.4084552978295255, 4.5924976408389355, 4.6051844952887455, 5.288414810329541, 5.262199664286134, 4.9718492438843, 4.569562968977557, 4.565239144457416, 5.088684576399242, 4.83181969726876, 5.134267073658066, 5.470184896938773, 4.511490993575563, 4.608572534700938, 4.854684798483744, 5.313112887764505, 5.026651815579893], "caves": [[1, 2, 3, 4, 5, 6, 7, 8, 9, 10, 11, 12, 13, 14, 15], [16, 17, 18, 19, 20, 21, 22, 23, 24, 25, 26, 27, 28, 29, 30]]},