{"inst1": {"S": [[1, 2, 3, 4, 7, 11, 13, 10, 6, 15, 12], [2, 1, 6, 8, 12, 14, 4, 10, 7, 9, 13], [3, 1, 5, 9, 15, 14, 10, 7, 13, 8, 4], [4, 1, 13, 10, 6, 9, 5, 2, 7, 15, 3], [5, 3, 10, 14, 6, 12, 4, 7, 9, 8], [6, 2, 4, 5, 14, 9, 7, 1, 15, 11, 12], [7, 1, 11, 14, 3, 5, 4, 6, 8, 9, 12, 2], [8, 2, 10, 7, 5, 3, 14, 9], [9, 3, 4, 6, 5, 10, 12, 7, 15, 8, 14, 2], [10, 5, 12, 4, 3, 8, 1, 2, 9], [11, 1, 13, 7, 14, 15, 6, 12], [12, 10, 2, 5, 15, 13, 9, 14, 1, 11, 6, 7], [13, 4, 1, 11, 14, 12, 3, 2, 16], [14, 5, 7, 2, 13, 3, 6, 11, 12, 8, 9], [15, 3, 4, 12, 11, 6, 1, 9], [16, 13, 17, 22, 18, 30, 25, 28, 26, 29], [17, 16, 18, 26, 24, 21, 27, 25, 20], [18, 17, 19, 20, 28, 25, 23, 30, 27, 16, 29], [19, 18, 26, 30, 21, 25, 22, 29], [20, 18, 21, 26, 28, 27, 25, 29, 23, 22, 17, 24], [21, 20, 24, 27, 28, 17, 30, 26, 22, 19, 23, 29], [22, 16, 23, 25, 30, 21, 20, 28, 27, 26, 19, 29], [23, 22, 18, 24, 26, 20, 30, 21, 29], [24, 21, 27, 25, 17, 23, 28, 30, 20], [25, 22, 29, 27, 24, 18, 28, 20, 17, 19, 16, 26], [26, 20, 17, 23, 21, 19, 25, 22, 16], [27, 24, 25, 21, 17, 20, 28, 18, 30, 22], [28, 18, 21, 20, 27, 25, 29, 22, 24, 16], [29, 25, 30, 20, 28, 18, 23, 22, 19, 21, 16], [30, 22, 29, 18, 21, 19, 23, 27, 16, 24]], "f": [[200.0, 0.0, -30.91617121553889, 60.846965832024225, -75.2354415374516, 7.159463554477741, -26.11780687273393, 70.65501140674675, 75.46743115747758, 95.35340229233668, 15.608496658852644, -40.857433162007474], [200.0, 0.0, -39.98902752921918, -7.977775632685757, -67.37251030559935, 44.54288552104346, 50.00292935401154, 6.75478297672234, 52.674412106915455, 90.81242312539852, -18.51988010632759, 36.44040787573219], [200.0, 0.0, 89.63642936344982, -41.13499480488765, 11.734897084199725, 65.74978083656859, 61.236454097948354, -70.04056302858616, 90.82727078972897, -66.91997220095791, 37.147425316095095, -72.71807893735254], [200.0, 0.0, 14.078239406410354, 95.22384449747032, -9.644007372189357, -73.55534735930948, -36.67844742065638, 34.364763217480984, -34.54476653182608, -55.52287635455646, 7.229861812401617, 37.619131380119384], [200.0, 0.0, -82.5318928515034, 80.0764075010878, -5.759693061522819, -51.04169837805519, -8.615844146199914, 19.804770901632686, 26.93968248356984, -43.79179378000471, 94.45957500814148], [200.0, 0.0, 63.53537739472972, 42.485985082052544, -34.977861589021096, -62.95400078661342, -28.334302940135835, 65.42139264977831, 35.53040253015267, 36.23027887720423, -55.04707571114056, -99.27890617502715], [200.0, 0.0, -9.800302746706024, -2.0535719193204294, -69.8186458378806, 22.852785205923354, -20.689437640093832, 66.0011295418045, -79.41541884180856, 55.33290199169058, 93.44238605606476, 35.0751175500184, 21.963768381852322], [200.0, 0.0, -45.864326674813746, -47.01208110122015, 42.064532489837724, -30.618686215535583, -64.64544685792023, 1.882228152314025, -96.69735011781357], [200.0, 0.0, 66.51183871983602, -53.9529542528703, 8.289773626089382, -40.90896192324105, -94.27744075116873, 32.01565639046713, -81.88385117488323, -36.38360651721886, -15.167574210594559, -8.341017383511362, -98.59118598033425], [200.0, 0.0, -19.504415992680002, 11.86308023188456, -74.37022269369284, -85.43235406550009, -77.3758917962191, -65.92835943096134, 69.03628722499175, 63.812034150749966], [200.0, 0.0, 37.78221436855256, -35.264072760254365, -27.084627257845884, 13.813195068362516, 81.54022865094194, 18.7112934260546, 13.526719943153488], [200.0, 0.0, 50.813286607599764, -41.2420740378604, -79.43284861355066, -10.074697704357295, 42.37536285213002, -15.438854111982492, 67.8110349282706, -46.65715776634438, -56.639839640681004, 79.53489153353168, -32.350341571186036], [200.0, 0.0, 80.14051579719714, -73.60237352533001, 23.359299330918446, -93.97076316216588, -75.51166209521047, -20.811884621310405, -54.34833292138259, -49.39573034950651], [200.0, 0.0, -67.48035616990207, -25.620713087787106, 54.9224509985426, 61.28639829261473, 77.5472265793225, 99.23910314423034, -57.35308958806904, 58.39094208192923, 58.510111855315806, 1.0194303440471675], [200.0, 0.0, -13.037154486756819, 10.451981212993665, 55.96538181241053, 12.110119338521109, -30.85989791677697, -7.41692149643316, 65.05053207511249], [200.0, 0.0, 34.30590490554821, -72.3248490423504, 71.64346196377971, 64.66482659825606, -54.56943545207997, 93.79265471709269, 11.857420600621804, -17.04182631365527, -81.66719233857759], [200.0, 0.0, 32.03325678536051, -90.80940198674396, -31.587634860829784, 11.413938582078199, 70.06347038673913, 19.686517429807026, 26.808742232111005, 99.6516452837668], [200.0, 0.0, 74.38978946234644, -62.7716630340208, 36.52695400231296, -29.733962734783038, -73.60815238933256, -86.59391803171867, 28.726047489184815, 82.24573600287309, -55.916370438392995, -62.63700559538168], [200.0, 0.0, -16.780986984207402, -96.14507398065338, 4.222319990721624, -12.392970047465246, -37.03616956344935, -14.452444625291738, -31.51759205642517], [200.0, 0.0, -9.467487568786437, 48.83633419066271, 21.495200046011465, -93.96230719449392, -46.66094858946674, 35.38789444604333, -95.86100850400499, -28.801138005333616, 93.01624952378975, -3.4055888717090754, 55.48573614393899], [200.0, 0.0, -57.24746831141238, 97.12489192531008, 94.25229291149084, 73.45875135230034, -68.0131041894184, 82.4348438178861, 56.90155223817277, -90.8270227240137, 31.139387415121522, -45.76796446353442, -92.2206222895822], [200.0, 0.0, -84.17055513382108, 21.269791605570056, 30.524045951597213, -86.66175243196238, -39.773643578642194, 29.377882220298734, 51.44104770243179, -38.460555838738244, 87.01949961172932, 6.582964050066931, 30.108637908983905], [200.0, 0.0, 43.149286575332056, -3.77753701021033, -73.57742624470774, -85.71859816192597, -96.01436154694314, -62.24371032135245, -69.94045508299524, 68.74149716605874], [200.0, 0.0, -46.058884196532325, -80.43534209999157, 54.8755225203706, -72.04785933592584, -85.93986202399566, -37.42216945784031, 50.62543985655728, 67.85366826414389], [200.0, 0.0, 96.113165222359, 89.61322026634517, 60.016493040576876, -60.41998584711996, -86.81061399085543, 22.314806151881548, 61.3042485622741, 3.12635410780302, -40.581133282476124, 73.08817607862244, 2.056502613414457], [200.0, 0.0, 26.46221830122455, 16.907534103679957, -7.638576045802581, 66.10239201788308, 98.94132021334198, -91.92143424319903, 72.58205478823876, 51.47299857069383], [200.0, 0.0, 50.56652455332, 49.287567895484095, -29.556277664035658, 10.503974537977644, 76.96614870509823, 67.62803890686743, -13.438213315600954, 50.85950130788201, 58.670635017772966], [200.0, 0.0, 30.807702622718793, -88.76897231236718, -72.98571777986913, 37.77646320666395, 16.897505202330265, -99.05919326572734, 29.437533553112203, 11.42841927419418, 29.251902600832192], [200.0, 0.0, -71.5020388411522, -69.8417366511782, 35.12390397580649, -5.882799952619466, 83.47501333064365, -97.16308854505782, 30.919348753391752, 75.07554608922011, 51.61286418218361, 3.9814974344087206], [200.0, 0.0, 46.507520289930795, 46.88407989521497, 28.95275999837674, -20.17261636265173, 3.80440282661898, -0.8069921340307706, -63.62877584597908, -16.45301140470121, -48.936012818264075]], "c": [4.885999622523018, 5.239673888018728, 4.689782107419378, 5.2506120427877025, 4.707127363389736, 5.24692737788922, 5.006628289108965, 4.7077049511288305, 4.7426853429255384, 4.817125946405041, 4.537743539211129, 4.627952894218764, 5.1789788507379395, 5.255785276236086, 5.175173805733031, 5.32961267301818, 5.221888304374654, 5.3634881559275565, 5.028600492307043, 4.900097748729577, 5.170154686814987, 5.390723029377474, 4.987803222136433, 4.571822447882575, 4.945996928710985, 5.275707963639068, 4.906847274519199, 4.856678295779313, 5.495074998048978, 4.80527514100854], "caves": [[1, 2, 3, 4, 5, 6, 7, 8, 9, 10, 11, 12, 13, 14, 15], [16, 17, 18, 19, 20, 21, 22, 23, 24, 25, 26, 27, 28, 29, 30]]},