{"inst1": {"S": [[1, 2, 3, 5, 12, 6, 4, 7], [2, 1, 4, 7, 9, 5, 11, 3, 8], [3, 1, 9, 8, 12, 2, 10, 4, 7], [4, 2, 8, 12, 6, 7, 10, 11, 1, 3, 5], [5, 1, 6, 10, 2, 11, 9, 4], [6, 5, 9, 10, 4, 8, 1, 11], [7, 2, 4, 10, 11, 1, 3, 13], [8, 4, 3, 10, 6, 12, 2], [9, 6, 2, 3, 12, 5], [10, 6, 11, 5, 8, 4, 7, 3, 12], [11, 10, 12, 4, 5, 6, 2, 7], [12, 4, 1, 11, 9, 3, 10, 8], [13, 7, 14, 15, 16, 22, 20, 24, 23, 18, 17], [14, 13, 19, 22, 16, 20, 17], [15, 13, 21, 16, 22, 18], [16, 13, 17, 24, 20, 21, 14, 15, 18, 22], [17, 16, 18, 21, 23, 24, 14, 19, 13], [18, 17, 20, 22, 23, 21, 16, 13, 15], [19, 14, 21, 22, 23, 20, 17], [20, 18, 16, 23, 13, 19, 22, 14], [21, 17, 16, 19, 18, 15, 23], [22, 18, 13, 23, 19, 14, 15, 20, 16, 24], [23, 17, 20, 18, 22, 19, 13, 21, 24], [24, 16, 13, 17, 22, 23]], "f": [[200.0, 0.0, 31.071990562629527, 76.52223710805232, -0.40438067423360646, -94.3150198653413, 4.236031180496758, 83.49641443184757, -26.018220611097732], [200.0, 0.0, 38.655637036662974, -6.176004592097528, -77.08338858674324, -5.270945151864592, -6.514199600074466, 26.735979509044693, -89.7396066922308, -34.09573643726942], [200.0, 0.0, 39.83690956249091, 74.93487793182987, -19.8531374388107, -24.779617200685177, -83.06605235780273, 85.81352994763292, 97.45314380520311, -43.06991888041141], [200.0, 0.0, 97.97821381757272, 11.831404314424333, -15.68820852517463, 52.65915374283339, -62.97131614449547, -49.63104830117413, 95.66860530869839, -50.90911312517585, -76.85674860145598, -59.67821371243724], [200.0, 0.0, 65.04279491942037, -76.77775589494445, 62.14763167961268, 42.253043972652904, 23.475997790709236, -34.716234461126795, 68.2794040762608], [200.0, 0.0, -21.5544000643235, -81.66404174174913, -4.586152230874108, -20.002705909227014, 56.94891111286471, 18.36957456825916, -9.160603454795545], [200.0, 0.0, -16.59594319844082, -44.72966751553551, 1.7173944088904936, 54.46305304879042, -43.31999454495061, 98.2606348919273, -66.73045391475925], [200.0, 0.0, -10.305386209606414, 13.540651527719039, 12.761073612495167, 70.13429539132832, 15.981658214484318, 16.753846750516633], [200.0, 0.0, 22.270067702969378, 92.50848562791802, -73.7369856061663, -14.569041785256044, 64.60900908123102], [200.0, 0.0, 27.566712295836183, -26.060334549632145, 96.11178633784756, -15.505694943663828, 31.454812234184292, 33.711807596024165, 82.08031222215557, -69.61606771714371], [200.0, 0.0, 82.66919154189418, -68.33028039147374, -19.83097925919777, 15.412983217971977, -26.948406506442947, -71.39141448588289, -48.09109020561528], [200.0, 0.0, -29.52109125439708, 66.79935633473397, 88.7433538156931, -96.38217161988302, 84.59755385731, -35.18862682488173, 71.68648685740465], [200.0, 0.0, -76.1401211762141, 85.8477928696078, -31.538797749071247, -36.512179891252615, -65.34982572243484, -94.54299031245345, -79.54425663280466, -86.7354540904112, -71.89001094748303, 48.77037454041402], [200.0, 0.0, -70.65862802870446, 82.68784287089059, -46.77098747986312, -22.74365817025601, 48.536224049814166, 32.27506257195849], [200.0, 0.0, 29.975870432364605, -44.488826644707835, -14.02977696496388, -25.293023093887502, -42.298960549050044], [200.0, 0.0, -49.81872756479695, -53.68164075763009, -94.31266416401655, 89.74161090839495, -38.93243356168274, -42.777357593320886, -62.30186832363083, -58.465451476273, 24.016145350369577], [200.0, 0.0, -18.406387549711, 67.4979535435744, -14.330474810346239, -13.031859198185924, 34.080541252205606, 46.21713360483311, -37.35023682847236, -60.00145409818578], [200.0, 0.0, -48.80190827606654, -54.37298213332653, -43.06281406322243, 66.88318915328313, 98.90554104262776, 97.39673474203872, 46.037366742289045, 51.93481402492848], [200.0, 0.0, -74.93658616501095, -87.00661179863644, 91.88284307136061, -57.45041796808863, -30.21014670385722, -31.96234300486651], [200.0, 0.0, 98.90732330710267, 46.45645643930114, -82.41514301950869, 56.825708633262614, 88.77633224097947, -18.894729520282194, 43.66929332047209], [200.0, 0.0, 35.50039919644659, -13.83794099810942, 9.251967196667543, -28.24245652737092, 28.950915381874132, -51.876109876780106], [200.0, 0.0, 75.23856648229257, -73.45886826007973, -69.16349171461754, 34.70876006078703, 87.45335408143464, 11.72671773731877, -76.00001546349301, 91.07456206451776, 94.95132502619441], [200.0, 0.0, 31.934733115196746, -84.49579886068908, -98.27637830593392, 47.30587903068035, 52.40946042497574, 66.06063230107088, -97.06777129761059, 58.257545799716716], [200.0, 0.0, -13.30430888837084, -19.498005393124473, 85.83417205586636, 50.77391444844472, -73.99361329481312]], "c": [5.387828963345158, 5.327017730909535, 5.061521709713944, 5.038795730667674, 4.699707074485932, 5.4933282360857705, 4.526868509266323, 5.2452198238018966, 4.526146342144005, 5.109077204618357, 4.502590506241202, 5.202775883646721, 5.129390074667829, 4.6912605126767515, 4.986949417154547, 4.891006728116473, 4.814912825005178, 4.901494273488767, 4.8058438337598925, 5.232258490011716, 5.0754845565372, 5.292725543274531, 4.513667991775703, 5.487948677749176], "caves": [[1, 2, 3, 4, 5, 6, 7, 8, 9, 10, 11, 12], [13, 14, 15, 16, 17, 18, 19, 20, 21, 22, 23, 24]]}, "inst2": {"S": [[1, 2, 3, 9, 5, 7, 11, 10], [2, 1, 5, 4, 8, 7, 10, 11, 12, 13], [3, 1, 4, 6, 11, 10, 12, 5], [4, 3, 6, 2, 11, 7, 10], [5, 2, 7, 11, 12, 1, 8, 3], [6, 4, 8, 10, 3, 12, 11, 7], [7, 5, 11, 12, 1, 10, 6, 2, 8, 4], [8, 6, 11, 5, 2, 12, 7, 10], [9, 1, 12], [10, 6, 7, 11, 2, 3, 8, 1, 4], [11, 5, 6, 7, 12, 8, 10, 3, 2, 4, 1], [12, 5, 6, 7, 11, 9, 8, 2, 3], [13, 2, 14, 19, 21, 17, 18, 23], [14, 13, 15, 16, 23, 17], [15, 14, 19, 21, 16, 18, 20, 23, 24, 17], [16, 14, 17, 20, 23, 15, 22, 24, 19], [17, 16, 18, 22, 19, 21, 23, 24, 13, 15, 14], [18, 17, 23, 21, 15, 13, 19], [19, 15, 22, 13, 17, 21, 24, 18, 16], [20, 16, 24, 15, 21, 22], [21, 15, 18, 17, 24, 13, 19, 23, 20], [22, 19, 17, 16, 20, 24], [23, 16, 18, 15, 17, 21, 13, 24, 14], [24, 20, 21, 19, 17, 15, 23, 16, 22]],