{"inst1": {"S": [[1, 2, 8, 4, 6, 10, 7, 9], [2, 1, 3, 4, 7, 9, 5], [3, 2, 5, 8, 4, 6, 10], [4, 2, 1, 3, 10, 5], [5, 3, 6, 7, 10, 8, 2, 4, 9], [6, 5, 3, 8, 1, 10], [7, 5, 9, 2, 8, 10, 1], [8, 1, 3, 9, 5, 7, 6], [9, 7, 8, 2, 5, 1], [10, 5, 3, 7, 4, 1, 6, 11], [11, 10, 12, 14, 17, 20, 13, 19], [12, 11, 13, 15, 16, 19, 18, 20], [13, 12, 18, 11, 20, 17], [14, 11, 20, 16, 19], [15, 12, 17, 16, 18, 20], [16, 12, 15, 17, 19, 20, 14, 18], [17, 15, 11, 18, 16, 20, 13], [18, 13, 17, 12, 15, 20, 16], [19, 12, 20, 16, 11, 14], [20, 14, 19, 11, 17, 12, 15, 16, 18, 13]], "f": [[200.0, 0.0, -40.04057424588696, -29.446922136100852, -49.437640846017004, -28.756875125273762, -0.541639699692098, -76.55994470987967, 61.9040448732387], [200.0, 0.0, -93.10804315563716, -53.83393606956952, -24.581741454358053, 2.8543923540210514, -16.373959179384713, -80.04645827570339], [200.0, 0.0, 18.19632167114964, 43.685426348791935, 74.22364492744072, 72.99705496786456, 56.17669789614909, 43.40329787552562], [200.0, 0.0, -6.0114373199368965, 53.10217316961368, 62.27333345281969, -24.178662362914128, 73.80099043449917], [200.0, 0.0, 18.081994308539294, 41.34455651037165, 7.507051547922328, -29.82256908897849, 89.80806301386721, -6.70678161659839, 85.33450639989513, 77.24491211301354], [200.0, 0.0, 68.8170033276532, -78.38330092458612, -12.760694173188035, 12.05019476478466, 69.43407762173388], [200.0, 0.0, -4.061739272300247, -12.984861373224831, -18.962683582799556, -3.4187752424948092, 92.42090438781251, 79.60225533140559], [200.0, 0.0, -48.28671489667302, -71.64020616331153, -12.596696653045235, 2.295172587951444, -61.132287826481345, 35.788231811273704], [200.0, 0.0, -14.65049058515957, -43.475323492862096, 43.485197188549684, -62.978629977942944, -10.732055623921122], [200.0, 0.0, -57.87459546819489, 60.68138145263089, -28.941093137313658, 1.5187844997361255, 84.15587770800926, -72.05266103344547, -42.319602679402955], [200.0, 0.0, -73.48116101263604, -74.96297113320489, 62.81349939864034, -56.450180347917176, -96.90267191088613, -94.36936716916853, 63.74647856118516], [200.0, 0.0, -98.90543147715924, 85.85062309029318, -98.99347371874153, -11.932557413927514, 72.19989780694857, -26.179111997619998, 23.878601874798445], [200.0, 0.0, -83.36078220605252, 6.189726455741584, 96.73060089127428, -50.56568937435164, -39.48165297034589], [200.0, 0.0, -27.686961559669456, 50.98866999483383, -77.20715080484561, -63.009457469320566], [200.0, 0.0, 78.99777405315325, 48.79556176820121, -18.338753228516435, -82.04343708774935, -36.31029104909731], [200.0, 0.0, 6.12481167729757, -27.630879996366264, -27.058862243139803, 74.04870427053969, 90.39741556107134, 40.58695375677639, 34.929899732261546], [200.0, 0.0, -20.639586008109134, -43.00977954659988, -33.426877055564105, -78.77456294319111, -5.790340089658064, -25.609946515466287], [200.0, 0.0, 71.6896469547411, -93.53046408102566, -49.21913931702515, 79.91448927753018, 24.974506431001096, 30.45791376109639], [200.0, 0.0, 35.17215436582559, 71.17206640760334, -8.338129194031652, 39.66507738875495, 17.623080908249644], [200.0, 0.0, 18.693729063153476, 0.3644359821127541, 21.70969605248223, 61.6073606515926, -89.82434766691047, -79.37201034022637, 69.85858542019383, 64.35903445389745, 85.53444335396898]], "c": [4.906836323399756, 5.015689336820642, 4.550412778276328, 4.500452939712437, 5.430323370707358, 5.064492657250345, 4.940643918034765, 4.642229164428328, 4.607317337955075, 4.574916596603126, 5.029857093410955, 5.4818749819461265, 5.380399396802797, 5.367706615784534, 4.779791100530827, 5.354539433512134, 4.637296559836484, 4.889717118298594, 4.936004145404565, 5.022102132845628], "caves": [[1, 2, 3, 4, 5, 6, 7, 8, 9, 10], [11, 12, 13, 14, 15, 16, 17, 18, 19, 20]]}, "inst2": {"S": [[1, 2, 8, 7, 10, 11], [2, 1, 3, 8, 7, 10, 9, 4], [3, 2, 4, 5, 6, 9, 7, 8, 10], [4, 3, 7, 5, 2, 10, 8], [5, 3, 9, 4, 10, 8], [6, 3, 10, 7], [7, 4, 6, 3, 8, 2, 1, 9], [8, 2, 7, 1, 3, 10, 4, 5], [9, 3, 5, 10, 2, 7], [10, 6, 9, 2, 8, 4, 5, 3, 1], [11, 1, 12, 13, 15, 17, 16, 14, 20], [12, 11, 14, 19, 16, 20], [13, 11, 20, 16], [14, 12, 17, 18, 20, 11, 15, 19], [15, 11, 16, 20, 19, 14, 17], [16, 15, 11, 12, 18, 20, 19, 13], [17, 14, 19, 11, 15, 18], [18, 14, 19, 16, 17, 20], [19, 17, 18, 12, 15, 14, 16, 20], [20, 14, 13, 15, 12, 16, 18, 11, 19]], "f": [[200.0, 0.0, 4.39249305508056, -6.360901307900768, -89.02419688789793, 42.16020904844831, -84.71739806785033], [200.0, 0.0, 8.818157846257456, -33.34707433127677, 54.98944739124354, 40.70262415372385, 98.4889222917634, -67.14310629558187, 45.605073620326465], [200.0, 0.0, 59.926923730489094, -60.57727343849668, 39.70253143333853, -71.01038980699946, 88.4971820107324, -11.935845138875823, -97.2927292799872, -75.14596715401652], [200.0, 0.0, -86.71543726329551, -59.28005515702128, -36.49449011814223, 12.37319135653614, 59.87936603279083, 87.19989616923966], [200.0, 0.0, 1.79587173190503, 63.844644940060746, 17.38961079192267, 93.08110029484328, 82.2096205421135], [200.0, 0.0, 59.1269122811771, -4.227358932916192, 87.01783933162568], [200.0, 0.0, -63.95091691894994, 88.54923799020385, 50.284271071445865, 30.243630613152604, 96.06464760459599, 65.39783578079934, -34.53583056753369], [200.0, 0.0, 67.72085183305425, 37.500849611495354, 30.24900020132597, 96.91362332120343, 45.641822174518644, 65.38691023452698, -32.390863463510925], [200.0, 0.0, 60.6993241687515, -13.724293543249733, -45.1313311073122, -4.164476587946364, -22.465171064465927], [200.0, 0.0, 72.60424864749947, 67.7839021289258, -44.733840275848124, -58.653728856755485, 16.717482619601732, 6.5678300724965055, -13.513465061402075, -60.51044660987217], [200.0, 0.0, -82.56360516184404, -21.33161426244472, 14.351145961091994, 18.304797940153318, 22.520341558247956, 27.8710604693456, 10.029451423623769, -0.19506542029128493], [200.0, 0.0, 38.83755291671906, -6.767583158081081, 69.42213723853799, 91.91629008201883, 4.91421116868791], [200.0, 0.0, 60.452089818019196, 96.9901165923364, -56.3129391016365], [200.0, 0.0, -33.57089342552935, 3.6680479442306346, -74.39794399110176, 15.345392628137478, 57.64806500389626, 37.29842331947455, 3.5521881066682415], [200.0, 0.0, 88.50625861064754, -94.38155406625405, -88.48214909119936, 55.840532678410405, 65.65758849704808, -53.29223669736909], [200.0, 0.0, 32.70143285577169, -49.0419429766241, 33.423156690934476, -56.476985009394866, 96.93384526571201, 99.73168398765628, -61.405809034880555], [200.0, 0.0, 6.944170928881044, -57.84955276253807, -93.24449765360079, 61.09197142290128, 39.94606033849326], [200.0, 0.0, 3.537971742790269, -64.58143834141023, -44.18025863073065, 44.228611673897845, 32.65089551454863], [200.0, 0.0, -47.410477092468014, -27.86339264812605, 48.819831923433775, -66.03602256407586, 22.08114838511188, -43.82987229384745, 48.035034332867], [200.0, 0.0, -93.3071507988449, 34.95374751825193, 64.69587829960048, -67.11816181416933, 54.29633726037713, 48.55796216765906, -14.854110257830566, 59.657055890346]], "c": [4.6223829143463115, 4.804490810132235, 4.640181295731731, 5.431269889044622, 4.549558746591822, 4.676920169257804, 4.511387784220915, 5.114385599477943, 5.226843791182048, 4.622902989426069, 4.505305248662273, 4.59190445058337, 4.79616027442648, 4.655625646752743, 4.961096767541752, 4.631033409267631, 4.590217351609283, 5.290540075204211, 4.968089950556757, 5.486000592473834], "caves": [[1, 2, 3, 4, 5, 6, 7, 8, 9, 10], [11, 12, 13, 14, 15, 16, 17, 18, 19, 20]]}, "jmap": {"1": 10, "2": 9, "3": 8, "4": 7, "5": 6, "6": 5, "7": 4, "8": 3, "9": 2, "10": 1, "11": 20, "12": 19, "13": 18, "14": 17, "15": 16, "16": 15, "17": 14, "18": 13, "19": 12, "20": 11}}