{"inst1": {"S": [[1, 2, 11, 15, 6, 3, 4, 14, 7, 8], [2, 1, 3, 4, 5, 8, 7, 12, 11, 15, 10], [3, 2, 14, 5, 8, 1, 12, 10, 15, 7, 13], [4, 2, 8, 9, 10, 1, 14, 7, 15], [5, 2, 6, 7, 3, 12, 15, 8, 10, 14], [6, 5, 1, 10, 8, 9, 13, 11, 7], [7, 5, 12, 13, 11, 8, 2, 3, 14, 10, 4, 6, 1], [8, 4, 9, 2, 3, 14, 6, 7, 5, 10, 1], [9, 4, 8, 13, 14, 15, 6, 10, 11, 12], [10, 4, 6, 5, 3, 12, 9, 13, 7, 8, 14, 2], [11, 1, 7, 12, 13, 14, 9, 2, 6, 15], [12, 7, 5, 3, 11, 10, 14, 2, 9], [13, 7, 9, 15, 11, 10, 3, 6], [14, 3, 9, 8, 5, 11, 12, 7, 4, 10, 1], [15, 1, 9, 5, 13, 3, 11, 2, 4, 16], [16, 15, 17, 19, 20, 21, 29, 23, 18, 24, 28], [17, 16, 18, 26, 27, 22, 30, 25, 21, 20, 24], [18, 17, 23, 25, 24, 16, 26, 29, 21, 20, 19, 27], [19, 16, 27, 23, 24, 20, 25, 18, 28, 30, 29, 21], [20, 16, 22, 25, 24, 21, 28, 19, 27, 23, 26, 29, 17, 18], [21, 16, 24, 29, 20, 23, 17, 18, 25, 26, 28, 19], [22, 20, 28, 17, 23, 24, 29, 26, 25], [23, 18, 16, 26, 24, 22, 19, 20, 21], [24, 21, 18, 20, 23, 27, 16, 22, 19, 17], [25, 18, 20, 26, 19, 29, 17, 30, 21, 22], [26, 17, 30, 23, 25, 18, 20, 22, 21], [27, 17, 28, 19, 24, 20, 18, 29], [28, 27, 30, 22, 29, 16, 20, 19, 21], [29, 16, 30, 28, 21, 25, 20, 22, 18, 27, 19], [30, 28, 29, 26, 17, 25, 19]], "f": [[200.0, 0.0, 85.50645653106716, 79.07097237658809, 32.08315170176284, 22.236903373106532, -43.13272224714577, 47.26293237224273, 15.120311412282273, 39.52285797460793, -48.91852870461935], [200.0, 0.0, -5.830728322093215, 74.88462547858974, 98.06205907634762, -53.1518789550977, -28.35501843119612, -43.83846696564999, 81.9806468626741, 59.406981626158625, 49.0689863081748, -31.876502382457204], [200.0, 0.0, 34.29857052864585, 46.60618876934151, -30.29925857918798, 27.38652182355392, 84.71866079957198, 61.74501375670361, 89.23043149300136, -60.9645371968699, -72.87191037049897, 62.37555312785275], [200.0, 0.0, -86.21273731494506, -21.767949212672065, 45.958761232854606, 81.07923649904802, -7.045214165086389, -44.29789079115503, 62.01181139446794, 12.364104881131999], [200.0, 0.0, 35.13842367209434, 5.127196990979832, -59.79740965342102, 89.77699975336981, -20.995839829670658, 85.38176264632742, -69.13660587087223, 13.563439969649327, -51.867660498929546], [200.0, 0.0, -65.96348941509589, 86.65957543222358, 69.26278375057247, -91.2119014173624, -76.44631601583075, 56.73170958941163, 16.360861519031978, 9.551804594948221], [200.0, 0.0, -23.622091109728505, 55.37211318398989, -62.121793629857926, 51.30782432745637, 78.08654117035441, 20.090758233559413, -37.33408403495251, -50.75314478449473, -90.61290918791154, -7.073662695010352, 41.81995762674215, 16.68679175159027], [200.0, 0.0, 61.80292912588114, -48.404747579981255, 23.792755037420555, -88.97742193106701, -18.23886879613754, 74.81659459789043, -86.38987573968701, 34.670793836223936, 29.965390616944987, 87.07782351621071], [200.0, 0.0, 43.949759155020885, -53.53849073937198, -50.400837780801155, 68.89576815197567, 89.86395738580111, 25.42299938246724, 83.77782748778347, -6.197816229514386, 73.37085682486904], [200.0, 0.0, 21.691682218183495, -79.22138771710598, -9.918468215734322, 68.3926915558456, 75.02173485054584, 89.0842002063881, 14.172375207152443, 67.79661972709275, 48.109520060251974, -66.67319875523366, -86.52437898177546], [200.0, 0.0, 48.29160270936972, 21.7972511946537, 53.04404113778429, 81.76542601812508, 41.133760936117646, 57.222514621801565, -87.85813072619658, -87.89846439006048, -27.961503007113286], [200.0, 0.0, 10.419010744483925, 40.23674421580434, -51.57245412980789, -82.79613060008, -95.15605561793443, -84.32127045343691, 45.640452823634384, -92.6396002918349], [200.0, 0.0, -70.29490713564266, -95.37965144170373, 68.79665632402305, -60.10439170017528, -40.78182167742233, -99.63755510715686, 71.55100713953809], [200.0, 0.0, -97.37519861667667, 48.42133627676024, -65.51527800079155, -89.71152322552544, 7.824226052245686, -67.24241339802528, 43.209025250560295, 63.78945645298444, 30.683054866619507, 31.41104508340984], [200.0, 0.0, -82.4832883259609, -51.73517500974303, 76.22271908971221, -23.00125205129202, 5.0875087030110455, -9.575793556369616, -49.908733948271, -58.349193366337616, 47.49335061535929], [200.0, 0.0, 24.613118863666685, -30.28533120389283, 40.36002613047533, 3.0078854738745164, 18.909035554698605, -4.095518753102456, 71.22028726917777, 4.699904503853203, -22.727108002139307, 51.503522578824956], [200.0, 0.0, -81.49469069970603, 16.552540086915755, 63.45725327025391, 93.25693835379982, 46.038418483022994, 52.70538871799304, 65.10329983384668, -40.99998248457506, 4.926583696299636, -29.720003865773915], [200.0, 0.0, -36.42167489966446, -40.346079162249126, -90.42956297139494, -60.06112728358124, -86.27354845881705, 74.90717673185215, -43.00047565813252, -12.266548593316795, 38.13509959853221, -60.67601401573563, -88.34816715136917], [200.0, 0.0, -12.415271161896024, -5.832396151360264, 7.248761499860357, -64.98200198734281, 8.804383783243196, -88.91971529732577, 66.21533134512514, -80.21158897941918, -23.016092406201018, -10.471205949749152, 53.22125867317169], [200.0, 0.0, 86.28886210755824, -87.27021543398779, 16.919249283719793, 36.06262968932339, 65.86015066542296, -73.3197395406335, -73.48480759136022, -98.78755190858884, 44.71523549189307, 24.22056574704734, 92.3684066396894, 8.746642481200851, -75.6674773802799], [200.0, 0.0, 42.062954522741755, -5.28813155461938, -87.12848295461133, -42.153226069268015, -37.213888954303044, 6.689650214495968, 35.19825813668267, 55.195879213904185, -19.411939936063938, 78.13935738634761, -35.93900993091732], [200.0, 0.0, -47.5696138688239, 23.972708016675924, 61.575420656435334, -61.00487894321651, 90.09625595231495, -4.053681994039771, 54.762132342809664, -75.21392800603131], [200.0, 0.0, -29.555317669193304, -2.590135767931123, -62.37836529894505, 27.46670757612881, 69.83628143286688, -81.40483682535043, -54.88042584858874, -60.29519330814732], [200.0, 0.0, 58.422833383381544, 64.24011415572319, -16.211532386053108, -27.586569319865628, 39.12880082876376, 8.562832411931431, 86.8796616066231, -14.44613819373406, -33.97603414633006], [200.0, 0.0, 39.81194948567155, 7.952581458990404, 13.17485954098132, -94.20437700645321, -15.588682549196587, 28.54181040705017, -64.37603471942094, -71.88430914234105, 67.50701818189356], [200.0, 0.0, 34.138954966653536, -72.90828319099674, -51.217004594837135, 46.06945960812834, 80.32424298908288, -71.46269711692203, -85.58881589405915, 22.872314525326143], [200.0, 0.0, -68.18853461499954, 35.490580635891874, -80.13564266519289, -25.973122509520906, 97.43083231647142, -31.35265625548964, 82.00186434009072], [200.0, 0.0, -56.05551627483971, 8.749258399556803, -12.843058619841695, -6.127755238261434, 84.18338928456892, -29.516000489074234, 13.567006825767415, 58.55337527127211], [200.0, 0.0, -1.215041738653122, 42.79120759410395, 20.641966289735937, -20.06928666727905, 13.073665634237264, -48.64381661782809, -62.93114655399241, -18.653580903227773, 98.87177008924132, -54.862312434148876], [200.0, 0.0, 36.630496511081944, -79.91803611651164, -26.10438088782616, -5.087550113412509, -94.99693777679268, -27.582408894999567]], "c": [5.435664773935817, 4.657152323506329, 4.951141912002502, 4.82849975185583, 4.589764355189197, 5.1977236858958475, 5.263704314078999, 5.354624095000204, 5.484678567657517, 4.794239368681988, 4.789751398232505, 5.075224977112782, 5.365411215527466, 4.846020930560364, 5.429520439572004, 4.716265791424249, 5.23310870936121, 4.556853576643204, 5.4323037964217065, 5.406955045888388, 4.6888489685955586, 4.600468147005293, 5.48907629354365, 4.774950083422846, 5.072899856193049, 5.120087016269567, 4.5185833651584515, 4.677971032194147, 5.311082190470046, 5.468836809929414], "caves": [[1, 2, 3, 4, 5, 6, 7, 8, 9, 10, 11, 12, 13, 14, 15], [16, 17, 18, 19, 20, 21, 22, 23, 24, 25, 26, 27, 28, 29, 30]]},