{"inst1": {"S": [[1, 2, 4, 7, 9, 6], [2, 1, 3, 5, 6, 7, 8, 9, 11], [3, 2, 8, 9, 10, 7, 4], [4, 1, 9, 8, 5, 6, 10, 7, 3], [5, 2, 4, 6, 7], [6, 2, 4, 8, 7, 5, 1], [7, 2, 1, 4, 6, 5, 10, 3], [8, 2, 10, 4, 9, 3, 6], [9, 4, 8, 3, 10, 1, 2], [10, 8, 4, 9, 3, 7], [11, 2, 12, 17, 15, 16], [12, 11, 13, 14, 15, 19, 20, 18, 16], [13, 12, 20, 14, 15, 19], [14, 12, 18, 15, 13, 17, 19], [15, 12, 16, 17, 20, 14, 18, 13, 11], [16, 15, 11, 20, 12, 17], [17, 11, 15, 20, 14, 19, 16], [18, 14, 19, 15, 12, 20], [19, 18, 12, 13, 17, 20, 14], [20, 13, 15, 12, 17, 19, 16, 18]], "f": [[200.0, 0.0, -19.448240514059446, -22.326026602792794, 87.86152293930638, -15.199677343302852, 79.2614290654407], [200.0, 0.0, 80.99738294712031, -11.666416896579367, -11.946690472165855, -55.12673357666944, -8.600604372470478, -63.62566183330522, 80.39993361508164, -48.780655422662946], [200.0, 0.0, -29.878031109929527, -26.587341797381114, 65.51051973572122, 76.18135197729418, -94.57154816622986, 20.524564498403166], [200.0, 0.0, 56.006689892487, -2.1603040529121875, 25.024203893234322, 72.33489708954282, -54.64420650190191, -29.42854052583983, 85.88551682949361, 77.58588364485655], [200.0, 0.0, 32.030723092146786, -99.104906118682, -53.70252949961471, 74.41637095039715], [200.0, 0.0, 88.66878801652172, 11.803624818015045, -58.15183868050402, -97.16807047155798, -88.68066488986635, -42.17819042587123], [200.0, 0.0, 54.51806786763029, 83.19670087444473, 55.547980933224, -18.871562093211438, 97.89541247242934, 41.92868313687994, -46.9182226919685], [200.0, 0.0, 75.94210703602693, -51.474675454456474, 77.82964455328457, -75.62431577987654, 80.52695093335124, -70.50956998087649], [200.0, 0.0, 42.688453146295615, -97.69419281772902, -91.49894743043008, -42.1539751130092, 23.230785726169366, -60.606014659774175], [200.0, 0.0, -76.3463078854615, 25.254917536662845, 47.08484895238092, 10.12956927918809, -66.67925911293776], [200.0, 0.0, 18.673053864960586, -61.17250217335655, 22.153074402380433, -40.81047875160362, -86.0981068671157], [200.0, 0.0, 13.67769998061268, -21.07989687818945, -7.844687848829079, 77.4450412901221, -46.885208360458975, 39.49863805464009, -61.10644490012329, -49.77165353373374], [200.0, 0.0, 31.06239088016789, 87.79089644404073, 77.41863900247571, -95.0733229322138, 80.75350641235588], [200.0, 0.0, -96.87509721760674, 64.38060024238146, -66.44545499426096, -43.83251104851755, -64.86358267346573, 14.112015983106097], [200.0, 0.0, -76.144696174915, -55.88635683046563, 10.427848161641172, 90.47096080744248, -34.57981861996324, -67.22899734193368, -81.4456302791704, -18.765835213489446], [200.0, 0.0, 73.22193928017393, 56.79370276267397, -78.54432812391421, 3.1173327865863465, 99.34141095022584], [200.0, 0.0, 58.261724436552974, -10.493413514611927, 77.90141534270722, 86.90956902336315, -0.9209450004660003, -10.62749108148937], [200.0, 0.0, 69.18891181640123, -74.14421072670048, 13.816828749915722, -52.24791521913208, 61.323604514003364], [200.0, 0.0, 92.36337062269295, 55.58547664687794, 85.04230780731012, 67.94959548491232, -82.02393238935939, 31.69378627675701], [200.0, 0.0, -85.58119611825956, -14.059389217102392, 81.63007526728299, 22.696680545766455, 18.50650738918489, -18.90248858451631, 98.08731363418788]], "c": [5.06302688301371, 4.526737714529797, 5.464190538761461, 4.686637115649371, 5.391454625792929, 5.2514961511081815, 4.997640452874986, 5.490629172457528, 5.079149720229197, 4.790310592300396, 5.399401800543354, 4.534818805574129, 4.504497670114398, 5.01751238366197, 5.248058146387091, 5.407641165602998, 5.126637434652641, 4.999654298596102, 4.968431333420155, 4.776423971235473], "caves": [[1, 2, 3, 4, 5, 6, 7, 8, 9, 10], [11, 12, 13, 14, 15, 16, 17, 18, 19, 20]]}, "inst2": {"S": [[1, 2, 5, 7, 4, 6, 9], [2, 1, 3, 7, 6, 10, 9, 8], [3, 2, 4, 6, 8, 10, 7, 5], [4, 3, 9, 1, 10], [5, 1, 3, 6, 8, 7], [6, 3, 2, 5, 10, 8, 1], [7, 2, 3, 1, 8, 9, 10, 5, 11], [8, 3, 7, 6, 10, 2, 5], [9, 4, 2, 7, 1, 10], [10, 3, 6, 2, 4, 8, 7, 9], [11, 7, 12, 13, 16, 20, 19, 15], [12, 11, 15, 13, 16, 17], [13, 11, 14, 17, 20, 12, 15, 19], [14, 13, 18, 19, 15, 16], [15, 12, 18, 20, 14, 13, 16, 11], [16, 11, 19, 17, 20, 12, 18, 14, 15], [17, 13, 19, 16, 20, 12], [18, 15, 19, 14, 16], [19, 18, 16, 20, 14, 17, 11, 13], [20, 11, 19, 13, 16, 17, 15]], "f": [[200.0, 0.0, -32.37881759021997, -66.14992081121432, -91.53995364892653, -61.85629918969524, -1.0315819615482447, 12.310759725536347], [200.0, 0.0, -44.50752000807861, 15.456736953427285, 77.74673687742755, 28.30847219977761, 51.17196721470278, -87.87298649181332, 64.3638801839848], [200.0, 0.0, -95.73451628117525, 77.300083523121, 40.730108725407696, -87.30534955072677, -14.400375378939145, -28.32574623462296, 50.39967558378038], [200.0, 0.0, -92.94129032297984, -53.340630686711975, -25.782228212416157, 7.439502878921078], [200.0, 0.0, -24.422966277493853, -48.49377048866652, 26.089708637140152, -55.44850697289356, -1.0924796504552914], [200.0, 0.0, -8.895744403575968, -67.49119071539211, 85.70171615596207, 11.430454527268918, -16.68382847215588, -75.36573518081653], [200.0, 0.0, 81.81791008478692, -24.595104742509676, -98.94987101526613, -91.9816761674353, -93.45769542512623, 86.55607926540596, 43.46055446849244, -41.56139134610646], [200.0, 0.0, 46.2137317288972, -11.74313140805765, -66.75029694368988, 59.921056336882586, 37.73207027340062, -75.18094337725488], [200.0, 0.0, 71.23690293047244, -86.86819955321307, -95.3392489374542, -10.504858355384883, 51.96622661297461], [200.0, 0.0, -26.622510960424695, -88.50423644327077, 86.41769277739144, 3.3284642104901785, 42.9505120561051, -74.12692969043701, -6.5183632480344755], [200.0, 0.0, 81.46198374492633, -42.951298879822694, 82.74293818859775, -89.8094688221619, -23.344946984076188, -71.78479074197732, -38.2095051606099], [200.0, 0.0, -42.4870623803485, 25.11766895983689, 95.27768211020118, 87.88717311319604, -89.09424891747464], [200.0, 0.0, 34.702296023321686, -13.879970186046187, -35.254391352828996, 59.997147643067585, -41.85664231451363, -10.04287749775754, -95.23527797438898], [200.0, 0.0, 93.0082698090053, -27.76715463340058, -30.582373155780363, -97.01270575125275, 19.771531618741744], [200.0, 0.0, 87.22865885072078, -86.81643621578574, -57.76898333948726, 36.00481061487688, -69.07927773460571, 30.03135110825943, -20.086046508186463], [200.0, 0.0, -80.49779034637493, 89.72699569446301, -0.7929871522402543, 94.8807640278952, -5.458528628098502, 83.56355308425469, 39.3737014006023, 61.325263554836184], [200.0, 0.0, -24.82784368095259, 48.217887371483585, 69.27334860288015, -71.73454411188432, 58.354857175689936], [200.0, 0.0, 78.82437114620198, -51.98563212031253, -76.64776824657069, -44.63574605413074], [200.0, 0.0, -24.067677166035885, 18.220403383195503, 44.974299741233594, 85.5001317204511, 54.80922547180063, -16.610545830188617, -82.463570603822], [200.0, 0.0, -45.75904249932996, 55.015939190125266, -82.6262159571926, -49.24955621531619, 28.533166156945722, 31.830218027913638]], "c": [5.184306092882058, 4.848840500844375, 4.6809149774467285, 4.991741515228993, 4.672549251732679, 4.950820179859062, 4.952799066166448, 5.34651591057482, 4.6191307738636445, 4.695138526100914, 5.405394501418536, 4.601650774107683, 4.841071395436154, 5.099104011580769, 5.3756106563588855, 5.1906432947876695, 5.022919168623016, 4.936028922559367, 4.9953488726716415, 5.463983282654328], "caves": [[1, 2, 3, 4, 5, 6, 7, 8, 9, 10], [11, 12, 13, 14, 15, 16, 17, 18, 19, 20]]}, "jmap": {"1": 10, "2": 9, "3": 8, "4": 7, "5": 6, "6": 5, "7": 4, "8": 3, "9": 2, "10": 1, "11": 20, "12": 19, "13": 18, "14": 17, "15": 16, "16": 15, "17": 14, "18": 13, "19": 12, "20": 11}}