{"inst1": {"S": [[1, 2, 6, 8, 13, 10, 7, 9, 15], [2, 1, 3, 4, 8, 9, 13, 14, 5, 15], [3, 2, 5, 10, 12, 13, 9, 14, 4, 7, 11, 16], [4, 2, 12, 5, 6, 13, 8, 3, 9, 14, 15, 11], [5, 3, 9, 12, 6, 7, 4, 14, 2, 15], [6, 1, 7, 5, 14, 4, 13], [7, 6, 11, 14, 5, 12, 10, 13, 1, 3, 9], [8, 2, 1, 13, 11, 4, 9, 10], [9, 5, 3, 14, 2, 13, 15, 4, 1, 12, 8, 11, 7], [10, 3, 13, 1, 7, 15, 8, 11], [11, 7, 15, 14, 8, 3, 9, 12, 4, 10], [12, 5, 3, 4, 14, 13, 7, 9, 11], [13, 10, 3, 8, 1, 12, 7, 4, 2, 9, 15, 14, 6], [14, 7, 11, 12, 6, 9, 3, 15, 5, 2, 4, 13], [15, 11, 10, 14, 9, 13, 4, 2, 5, 1], [16, 3, 17, 20, 23, 24, 21, 19, 26, 28, 29, 18, 25, 27], [17, 16, 18, 19, 28, 29, 27, 24, 30, 25, 23], [18, 17, 21, 25, 26, 20, 29, 30, 27, 16, 23, 28], [19, 17, 22, 28, 16, 24, 27, 26, 25], [20, 16, 25, 29, 23, 24, 18, 28, 21], [21, 18, 26, 16, 23, 25, 29, 27, 28, 20], [22, 19, 27, 26, 29, 30, 25], [23, 16, 25, 21, 26, 20, 24, 18, 17], [24, 16, 27, 30, 17, 25, 19, 26, 28, 20, 29, 23], [25, 18, 23, 24, 20, 21, 29, 26, 19, 30, 28, 17, 16, 22], [26, 18, 21, 22, 24, 16, 29, 19, 23, 25], [27, 24, 17, 22, 19, 21, 18, 16], [28, 17, 19, 24, 16, 30, 20, 21, 25, 18], [29, 17, 26, 20, 25, 21, 30, 18, 22, 16, 24], [30, 24, 28, 17, 29, 25, 22, 18]], "f": [[200.0, 0.0, 89.24655294002852, 66.22782451083289, -75.47868222499392, -26.415395755637338, 26.64069075390232, -36.654869498380684, 45.884535870171625, 74.81657125214609], [200.0, 0.0, 85.59342633719649, -91.83345657437468, 37.752853156210705, -29.26626207572065, -78.97180228494997, -79.26161649124255, 29.900937020157237, 69.67615244904002, -51.058958490848894], [200.0, 0.0, 52.96079698998286, 34.07252254373285, 73.85392443351033, -81.95670986564534, -22.92424980354926, -6.776843746309091, -70.04058708606891, -80.2228494070359, 37.590731141639445, 42.84276530529769, 15.300979882463373], [200.0, 0.0, -71.74349609648225, 59.844732869154036, 12.879205284299534, 96.21005862665297, 20.98856922385126, 21.964981592216205, 79.02781646614672, -22.759742173214413, 83.34514185183761, -54.58850912913664, -53.34271852754491], [200.0, 0.0, 59.57978081327801, -6.517423540343192, 27.12579847088008, 29.807052982373893, -96.43714522823612, -11.41482908581477, 61.724890901522, -38.846944989765845, 5.638543662785622], [200.0, 0.0, -54.28986742682118, 86.98083226987843, 39.03417999445797, -19.58913072820827, 38.50581531556134, -49.905829070636564], [200.0, 0.0, -48.76910310260549, 99.94003082211927, 1.6982066180227129, -41.11387801523749, 41.600331909563934, 77.1340700722125, 39.140383055907016, -64.0977839120736, -47.90341654384653, 42.519437881337026], [200.0, 0.0, 89.21405877481338, -88.35665534859771, 79.14036453449422, 14.380911457922728, 12.546058474565026, -91.30724895341775, 25.889616592634688], [200.0, 0.0, -29.05397270126082, 0.7757280952075174, -61.60597958535809, 93.70190347136325, 53.57221626016639, 6.2858243970538075, -89.87165378623325, 64.45539693361681, -0.4034372184134716, -66.66451270789938, 4.192885686169823, -68.8050539591039], [200.0, 0.0, 31.29209398831556, 70.52275022167423, -47.33983402350355, -39.060517702778405, -48.264630650617214, -6.390107529014211, -95.1698645087053], [200.0, 0.0, 25.185225295788594, 96.68765613028974, 35.73898686440899, 13.04974148551401, -36.20433734855135, -86.12610398178558, 71.02075851504026, 16.41931802116494, -8.462115027813999], [200.0, 0.0, -72.1360417562785, -18.405062871305034, 79.09983484024374, -84.02693760587357, -86.39746395802487, -63.990294279348284, 30.02158516820186, 61.17417519794037], [200.0, 0.0, -79.20717244533344, -32.60991904558441, 32.58174333443093, 26.61971015413702, -41.30203467067952, 10.922454732235076, -46.14938960401933, -73.09380776228898, 69.49257141047931, 74.34444827441082, 32.50738209444029, 13.807944415219154], [200.0, 0.0, 80.53440814818806, 17.50741302533172, 86.31421690979708, 18.205361896280415, 11.94104965843701, -30.182460380223585, -17.593495689634576, 9.602029039650862, 86.57797993003665, -31.351460453928183, -61.63953228034751], [200.0, 0.0, 37.93488286411551, -0.23020235184902926, -2.9195760214562494, 11.664976526069104, -94.97658031381123, -43.842110297289835, 50.82237599020936, -88.64981067117432, -4.390413862621001], [200.0, 0.0, -87.26108006199713, 82.71839244405763, 57.29846966961705, -32.44175001629381, -51.797371394156436, 94.83587786135863, -28.968300960540926, 4.703258122888099, -18.99902103701434, -0.003825475521268551, -50.45266303196085, 22.66135520290653, -51.33568637622141], [200.0, 0.0, -54.51639874246648, 98.0764291877027, -57.154998695186855, 45.725331724861704, 10.333988804016304, -77.65011713061641, -55.8665970209707, -21.97849705446926, -91.97995536228404, 65.66069077365259], [200.0, 0.0, 71.49747630184642, -26.50009987618094, 3.14916268102563, 1.5428672290790812, -96.60018081285666, -6.972958118429751, 50.15191171851554, 13.446806627067298, -7.103149652325391, 63.775342209246546, -0.2816187049037744], [200.0, 0.0, -80.09556280364123, 36.43018681055332, 34.074685905314105, 84.34697003102943, -90.42351012415526, 55.351766710123876, 23.24264628067303, -42.59646271568738], [200.0, 0.0, 65.8048248182319, 86.62882629059112, 94.74275736101288, -95.11880465610616, -34.03028785792892, -3.49782604708353, 73.06422449467489, -97.72465280100822], [200.0, 0.0, 93.47226800673383, -39.830152197834344, -79.8411016029351, 43.26566097119966, 5.2886309634017525, -37.10179603041923, -50.02407658194728, -72.12037968058043, 11.232943017830799], [200.0, 0.0, 42.55580706136017, 98.96151189785402, 72.98078726344495, -45.75361706017698, -85.79655757447395, -36.87160795296174], [200.0, 0.0, 56.387532704291665, 27.09608508186958, 88.8549177618336, 98.51417732114527, 72.94965764944226, -1.1066886401799536, -11.930813751001157, 48.73803769672047], [200.0, 0.0, -49.280300643899054, -37.73178099033354, -21.621664104026085, -38.437934774433224, -2.4277024624346666, -97.84227859297113, -4.528872543151508, 87.15196173030819, -11.136788963688193, -79.36805861818648, -59.03150363259233], [200.0, 0.0, -75.09422060080426, 64.42623452888947, 14.8961403150347, 95.64129406347455, 40.22261003685874, 11.227205642876692, -10.077659311838527, -50.168855008662305, 74.05699442014844, -24.373875124314658, 87.91784804385381, 39.96140304133397, 94.86428586608962], [200.0, 0.0, -8.879036663773498, -10.888918663671255, 84.35698679044658, -16.151509561480104, -86.0936331087946, 6.526615248351875, -75.49678997790701, -33.771395466590825, -29.47971572303598], [200.0, 0.0, -30.569696101863798, 12.424738405558667, -41.91848852222249, 51.25798600276625, -26.736023497688464, -11.881356105919672, 29.837020432622086], [200.0, 0.0, -8.55891020253543, -60.5084427183828, -17.220284381882077, -50.59433997648437, 80.4704511792332, -52.58224417438948, -34.28538120086782, 57.85238076219217, -24.741490566718127], [200.0, 0.0, 19.134391264208194, -84.98304524001988, -31.608977358447365, 12.836419676518984, -69.68566200553295, -1.3781249283287833, 72.55240375865132, 57.26236512168259, -86.02026555573843, 81.54349371840124], [200.0, 0.0, 24.868437107291562, 10.427700037951059, 44.1231551467651, -46.999331575699244, -99.90743743917267, 36.832405522829895, -51.81884995218373]], "c": [5.386073316679543, 4.842014192545162, 4.606293771950831, 5.458607599217973, 5.342151958163358, 5.1828660867827265, 5.223618240154923, 4.794949065189284, 5.27149381782895, 5.191151279970668, 5.348775724443547, 5.059808039961349, 4.569563995160159, 4.726141378831269, 4.709293265066016, 5.436973502120113, 4.9230345874912755, 4.832760557196662, 4.593518618259453, 5.1406824790697065, 5.182899473557274, 4.721728166414919, 5.036028980617098, 4.92887811054716, 5.314187795389603, 4.917788354314439, 4.607882553563551, 5.299801031873931, 5.078767406587632, 4.522406112517756], "caves": [[1, 2, 3, 4, 5, 6, 7, 8, 9, 10, 11, 12, 13, 14, 15], [16, 17, 18, 19, 20, 21, 22, 23, 24, 25, 26, 27, 28, 29, 30]]},