{"inst1": {"S": [[1, 2, 9, 5, 4, 8, 7, 10], [2, 1, 3, 8, 7, 5, 6, 4, 10, 9], [3, 2, 4, 5, 6, 9, 8, 7], [4, 3, 7, 10, 9, 1, 8, 2, 6], [5, 3, 1, 2, 8], [6, 3, 2, 4], [7, 4, 2, 1, 3, 9], [8, 2, 10, 3, 1, 5, 9, 4, 11], [9, 1, 4, 3, 8, 7, 2], [10, 4, 8, 1, 2], [11, 8, 12, 14, 15, 20, 16, 19], [12, 11, 13, 15, 14, 19, 17, 16, 20], [13, 12, 16, 20, 17, 19, 18, 15], [14, 11, 18, 20, 12, 17, 15, 19], [15, 12, 17, 11, 18, 20, 13, 14], [16, 13, 11, 12, 19], [17, 15, 14, 12, 13, 20], [18, 14, 19, 15, 13], [19, 18, 12, 11, 16, 13, 14], [20, 14, 11, 13, 15, 12, 17]], "f": [[200.0, 0.0, -34.425704708949525, -2.8503935333856534, 65.6872173173869, 76.10614848487067, -68.62866066146147, 2.887671036310002, -66.37996299207549], [200.0, 0.0, 12.605580786128169, -93.1326341861482, 19.571786281229375, 33.496902394574505, -32.66551417737726, -77.77172926166129, -29.08291573202124, 7.869464163894269, 90.82000398385206], [200.0, 0.0, -18.53496995148587, -8.816412019730691, 95.33408403913785, -10.067265597432161, -22.273299016277548, 56.622899582059375, 2.368290550228913], [200.0, 0.0, 11.824571252862937, 45.07413794747863, -15.349644562108455, 6.098584283189767, -73.73276479983859, -74.04288174399314, -52.34549345693216, -42.01175924243674], [200.0, 0.0, 59.96798604108471, 89.43802309088102, 60.86432732143117, 42.087517078487544], [200.0, 0.0, -49.09253934440034, 93.3032156701924, 56.70642637600305], [200.0, 0.0, 17.766733062148845, -72.18920011137364, -29.352744751573567, 17.284759747019308, -83.92159018319096], [200.0, 0.0, 16.856061348351425, 70.85396786186035, -16.56608008555873, -0.4700798090197855, 86.58666324687721, 9.464335182436056, 85.07752161528823, 79.0651774530067], [200.0, 0.0, 72.61763641647111, 93.75438478817209, 26.825099022097064, -19.95083069738264, -69.90272106654693, -12.354356243019105], [200.0, 0.0, 93.38535795246132, 20.936996757602234, 42.120755957641066, 80.72026950907969], [200.0, 0.0, 6.881230729228016, -61.8367632808108, 88.5945939119251, -81.62045147046919, -9.569766009447989, 74.53132038015431, -36.277966711100504], [200.0, 0.0, -73.93445862098477, 60.434088372216664, 35.234804540038134, -60.22005231204992, -41.62098481717962, 19.500471183096835, 16.285922738309665, 97.10003078932546], [200.0, 0.0, 56.99274226251436, -85.10001316919362, 98.11383257853154, 78.94185496685486, 56.93444898255899, 81.06407391092712, 93.41936106253124], [200.0, 0.0, -5.628915856656458, 29.970284606416687, 28.963153893112814, -98.55776079197638, 40.74428737293776, -12.10497209099508, -91.99018689717666], [200.0, 0.0, 35.77093467549768, -24.945971840863134, 11.090813304456892, 12.86018408995857, -87.69729659493535, -14.73952911632308, 19.93468238886247], [200.0, 0.0, 90.66813242858393, 48.35659164258161, 80.85169096513557, 81.52712031942797], [200.0, 0.0, -96.58157868401524, -14.812488307622228, -31.794701737089248, -56.27863637747852, -57.25102889871321], [200.0, 0.0, 60.07479733921019, -7.923267272768841, -24.826088980778117, 38.16031247617077], [200.0, 0.0, -74.52103848155483, -26.3186627677213, 55.56442280874725, 16.104468889720238, -29.4747337389174, 15.607879567285664], [200.0, 0.0, 9.440533304573773, -44.854541972912074, 8.621672060969399, -37.741976332109694, -0.16973338631136592, -46.954083094975644]], "c": [5.4631840641212746, 5.014723002535785, 5.062254741191474, 5.187200395938854, 5.4070968826433194, 5.458276224577428, 5.469964692421703, 5.487875089448445, 5.008250080372503, 4.587017475956635, 5.20982394611497, 5.218770295877348, 5.477076114068248, 4.749689434189787, 4.9043829618097625, 5.273512630825234, 4.52223028623431, 4.747006034821356, 4.990428471153535, 5.478151209533214], "caves": [[1, 2, 3, 4, 5, 6, 7, 8, 9, 10], [11, 12, 13, 14, 15, 16, 17, 18, 19, 20]]}, "inst2": {"S": [[1, 2, 5, 6, 7, 9, 3], [2, 1, 3, 9, 8, 7, 4, 10], [3, 2, 4, 5, 6, 1, 10], [4, 3, 8, 9, 6, 2, 5], [5, 1, 3, 8, 9, 4], [6, 1, 10, 4, 3, 9, 8], [7, 1, 10, 2, 8], [8, 4, 2, 9, 5, 10, 6, 7, 11], [9, 2, 10, 1, 4, 8, 6, 5], [10, 7, 9, 6, 8, 2, 3], [11, 8, 12, 13, 15, 17, 14, 20, 18], [12, 11, 20, 13, 19, 16, 14], [13, 11, 14, 16, 19, 12, 18], [14, 13, 17, 20, 18, 11, 12], [15, 11, 17, 18], [16, 13, 18, 17, 19, 12, 20], [17, 11, 20, 16, 14, 15, 19, 18], [18, 16, 14, 20, 19, 17, 11, 15, 13], [19, 13, 12, 16, 18, 17], [20, 17, 12, 14, 18, 16, 11]], "f": [[200.0, 0.0, -25.43560536682845, 28.44745731702263, -77.97786702546712, 37.96336848361239, -61.13182698555839, -76.62679042804292], [200.0, 0.0, -31.007578051393246, -44.03939899626348, 89.8556429717565, -80.98631360606537, 81.98139885388171, -55.12904369803599, -8.33361273488531], [200.0, 0.0, -74.17963361211068, -89.15487476720844, 14.23586912147523, -78.65754951086004, 36.42258353069785, -23.625898401108913], [200.0, 0.0, 52.18318029257934, 25.17804562779333, -63.94729029654955, 20.02004339814354, 0.24370860680849038, 8.391130835796679], [200.0, 0.0, -68.09060731793775, -36.70696224931569, 50.93650780185974, -30.59925507013974, 19.162645848133852], [200.0, 0.0, 38.86547603013868, 48.28848034703954, 14.222302365655693, -37.92507297770511, -12.00974255729026, -52.77679942711843], [200.0, 0.0, 31.83754781858694, 41.12297437481285, -87.82325078161564, -63.15583966963203], [200.0, 0.0, -82.59606042285263, -15.33434721000464, 91.73827237281516, -38.55278172570236, 7.392353183385114, -50.84821738521408, -63.041610336874896, -45.14696433050405], [200.0, 0.0, -88.32321558556674, -81.34413038131505, -50.75391839516394, 95.63315882021699, -93.85050113565615, -58.928835408911006, -87.65468383854471], [200.0, 0.0, -92.3869647570533, -26.549031908982123, 40.352091584190994, -1.729750061003088, 89.09729412714901, 60.27874073935231], [200.0, 0.0, 97.82858383874226, 1.2854010912653813, 10.16393741352215, -50.32057718976552, 77.65925607313346, -58.896812058031635, -23.7710189177712, -98.18046843255055], [200.0, 0.0, 60.9053197055345, -49.11763149170933, -52.310096208158605, -67.04983864777458, 57.248223850939375, 93.2606876694149], [200.0, 0.0, -12.169415323895949, 72.62047789679902, -71.65297676688051, 37.62638203042581, 66.92919901503731, -4.133298786977635], [200.0, 0.0, 78.51579560367516, -88.045079807032, -1.078205278977462, 8.439112234436896, -63.13042071837498, 27.913819259966655], [200.0, 0.0, -15.36039975628125, -50.79368559875967, -17.580857049450003], [200.0, 0.0, 30.486615610559653, 45.15376476776307, -97.0850851514005, 25.699283762632795, 64.15209926183923, 40.102556602544496], [200.0, 0.0, 62.73059325494974, -91.81603468679414, 43.46623884204948, 62.18437084262038, -91.75636586688005, -91.72383421790158, -69.41839240362762], [200.0, 0.0, -75.00921774767247, 2.362912591606836, 38.947646575141825, 26.449803844808883, 30.63451342667689, 20.812160322349428, 78.53358696726083, 74.64828222048527], [200.0, 0.0, 30.284424500290985, 40.62310387161649, -93.03016947060405, 67.26463227350013, 68.70000791275253], [200.0, 0.0, -49.21798189551843, 63.9867099605816, -51.106874071817046, 17.22673132950774, 91.69117806657583, -1.0079717990206793]], "c": [5.359689835396773, 4.9941768333825625, 5.47895182635677, 4.616836935076763, 5.326701462391894, 5.01184610738405, 4.968527935043162, 4.5628021848683975, 4.910403254583418, 4.779401379154473, 4.61126153863502, 4.838045512355071, 5.48005724515698, 5.497873603850638, 5.054296472856871, 5.465295214919437, 4.784497520708128, 4.742763057689054, 4.864388337620372, 5.397989864739798], "caves": [[1, 2, 3, 4, 5, 6, 7, 8, 9, 10], [11, 12, 13, 14, 15, 16, 17, 18, 19, 20]]}, "jmap": {"1": 10, "2": 9, "3": 8, "4": 7, "5": 6, "6": 5, "7": 4, "8": 3, "9": 2, "10": 1, "11": 20, "12": 19, "13": 18, "14": 17, "15": 16, "16": 15, "17": 14, "18": 13, "19": 12, "20": 11}}