{"inst1": {"S": [[1, 2, 5, 6, 7, 8, 9, 14, 12, 4, 3, 13, 10], [2, 1, 3, 4, 8, 10, 9, 7, 14, 5, 15, 13], [3, 2, 12, 10, 11, 14, 1, 7], [4, 2, 7, 12, 11, 15, 1, 9], [5, 1, 13, 9, 8, 10, 6, 12, 2, 15], [6, 1, 10, 7, 9, 12, 11, 5], [7, 1, 11, 4, 14, 6, 10, 13, 8, 2, 3], [8, 1, 13, 14, 5, 9, 2, 7, 10, 11, 15], [9, 1, 14, 5, 6, 8, 11, 2, 4, 16], [10, 6, 3, 12, 11, 7, 5, 2, 8, 15, 1], [11, 7, 13, 14, 10, 4, 12, 6, 9, 3, 15, 8], [12, 3, 10, 14, 15, 4, 1, 11, 6, 13, 5], [13, 11, 15, 5, 8, 7, 12, 1, 2], [14, 9, 11, 15, 12, 8, 7, 1, 3, 2], [15, 13, 14, 12, 4, 11, 8, 5, 10, 2], [16, 9, 17, 18, 19, 21, 29, 22, 26, 28, 24, 20], [17, 16, 23, 24, 20, 25, 22, 27, 28, 26], [18, 16, 20, 27, 23, 28, 21, 30], [19, 16, 30, 21, 25, 22, 28, 23, 27, 20], [20, 18, 17, 21, 23, 22, 29, 27, 24, 16, 28, 26, 19], [21, 16, 22, 26, 19, 25, 20, 18, 23, 28], [22, 21, 25, 16, 24, 27, 23, 19, 17, 20, 30], [23, 17, 24, 28, 29, 22, 18, 20, 26, 25, 21, 19], [24, 23, 29, 17, 22, 27, 25, 20, 16, 30, 28], [25, 22, 28, 30, 19, 21, 17, 24, 23, 27], [26, 21, 16, 27, 23, 17, 29, 20], [27, 18, 26, 22, 24, 17, 20, 25, 28, 19], [28, 25, 23, 30, 18, 16, 19, 17, 29, 27, 20, 21, 24], [29, 24, 16, 23, 30, 20, 26, 28], [30, 25, 19, 28, 29, 18, 22, 24]], "f": [[200.0, 0.0, 62.53982696076073, 19.47523443975352, -39.74102451762385, 89.254883349139, 51.998289205218384, -40.7472086788006, -94.98463418127379, -73.43300889969662, -41.62538443908066, 45.44990210645887, -64.8567474694837, -65.86682046202993], [200.0, 0.0, 91.9424883886326, -90.03406024774141, -81.21885983140002, 34.62713328525702, 67.44074095351482, 8.223361986264122, -18.82961571396344, 66.97863960302037, -63.589598959388184, -82.37602383429137, 81.26075502318659], [200.0, 0.0, -36.90396543277947, 12.236427411470775, -41.16978428256137, -88.48296848796386, 31.740478745072775, -60.951623106106624, -37.22995425070694], [200.0, 0.0, -70.78774227709836, 7.30745317217707, -36.3192806696121, -78.87477698375915, -11.046799393295403, -0.6587301021062419, 22.06270470057987], [200.0, 0.0, -13.106568108619543, 77.55936194792459, 0.2700023143239694, 46.208086211914924, 19.152957596994824, 71.08928525039688, -90.91332837135218, 97.25087285423845, 76.02222216011036], [200.0, 0.0, -53.65680688524226, 94.47006688653605, 15.037052380575666, 49.193820467319796, 21.051848934871444, 70.59624938124041, 40.22935428712642], [200.0, 0.0, 4.858229504120648, 80.12470513819245, 5.153683794382324, -21.239717597811357, -28.345921780851178, -92.6526835726494, 90.42569806069697, -78.60966113669407, 73.84720743693522, -92.76150879273209], [200.0, 0.0, 38.340062555949196, 77.47554401977739, 14.214670246894734, -1.3200406122399144, -11.608822406204977, 76.24307778080284, 53.582180829183024, -71.59368197807794, -15.499939965639609, -76.92931579497649], [200.0, 0.0, -61.535735306123506, -31.888919177460508, 73.38995380040589, -50.04040177229705, -60.21170059565559, -67.1621814138861, 7.541931103279298, 85.93323704361006, 99.32829053768049], [200.0, 0.0, -94.93662265962703, 59.18835694816631, 45.7771213175427, -23.994703502733252, 22.604442844478555, -26.37811321428225, -91.21144123349345, -84.69314994429776, -81.76746697181257, 64.61962888275279], [200.0, 0.0, 32.15843210350662, 34.77377704218987, -36.43859279304331, 42.39146951989419, -20.112219694502677, 7.589645117038635, 8.776909577464288, 79.56746243343305, 73.27310622191652, -62.87312327501837, 19.745361022191823], [200.0, 0.0, -19.705259138212593, -42.68942702517828, 3.588584400153172, 65.91543933207417, 9.775728368760594, -0.2730474924618642, 89.83660978794714, -41.171788542330255, -58.3094512444718, -47.741879365466346], [200.0, 0.0, 17.566632572555708, -71.34123162149346, -10.835385064875425, 25.05175238065769, 89.15498489633814, 49.04811015844233, -63.58457805342699, -24.320083371877367], [200.0, 0.0, -4.581333039088564, -48.20650749893478, -43.01872305546664, -51.37107397212335, 59.35831609269808, -50.6132856279871, -35.639581103757976, -22.403986738934243, -89.49151672259217], [200.0, 0.0, 33.322333479863175, -10.934433575870184, 93.17521103014485, 88.97975480814182, 94.77714941201327, -92.17909950445168, 59.199259709903295, -29.37311847093216, 61.082682756881], [200.0, 0.0, -39.198595581565485, -2.076435880294558, 34.0179290888933, -8.509865937391181, -39.089578229330655, 53.70899431541736, -58.461694712565084, 56.606974177406144, 42.38271754222185, -61.091124184964144, 13.991851818818567], [200.0, 0.0, 92.25276005666387, -37.231769770863956, 54.97072810148105, 36.024567547919474, 47.86696405470023, 24.319381567877542, -95.27325297255584, -85.24319790387686, -85.12417894528528], [200.0, 0.0, 83.32505064092133, 71.35739847121032, -56.27840933402588, 17.492181848319042, 29.755423901156597, -9.839017251756733, 85.60298758007158], [200.0, 0.0, 36.90445398149538, -4.441391016505425, -98.85171641045727, -61.3307406683963, -51.907307901070965, 46.16229597228183, -26.387106076649623, 45.28923224900636, 38.98595466975332], [200.0, 0.0, -38.95439936518419, -27.10420546237127, 2.0057840628690204, 33.071834412312185, -38.86854224211902, 20.514905568478813, 70.14611159551268, -65.78341171479052, 5.617540352097272, -3.066463166526545, -62.12268671836627, 51.53603314543731], [200.0, 0.0, -61.44748698402871, -47.525916108277364, -0.8838667625819419, 50.87251968802009, 62.5048881783077, -65.99323575338151, -44.31496866668252, 84.56692411740269, 59.5278239471704], [200.0, 0.0, -27.74976584875546, 83.72424747264643, 67.18492465767451, -20.24338237777559, -57.15175712480427, -12.14344223174062, -23.1948045753684, 27.453029886012924, 79.36597620564638, -48.09070703591838], [200.0, 0.0, -84.07675282953946, 4.149884830331985, 85.35895439345407, 18.81051477797804, -80.23132526100893, -53.744581711071994, -71.21745878639447, -98.35010435967828, -55.76444777571348, -55.4639057633443, 31.442736341052125], [200.0, 0.0, -54.833403252847624, 83.65477711631306, 50.50633059235074, -91.45814512772577, 2.633369351075543, -99.78502076252573, 77.29603867713317, -61.54031973474299, -29.2967596467548, 73.22983653093924], [200.0, 0.0, 83.69209962788243, -79.24377702388294, 45.73870706722387, 39.95392173818995, -11.760444288369909, -94.24358765018854, 75.7867750338748, 22.71910720821504, -4.023253431678131], [200.0, 0.0, -71.61732753711898, -67.62253526927171, -50.43406332319822, 77.47487332718921, -58.996261912572145, 98.91497226969503, -33.553827185903984], [200.0, 0.0, 96.7344222910525, -2.713459230800508, -74.91175534322498, 43.84800152898025, 32.72248045474397, 23.048167513041417, -15.69892170768048, -90.91527925319862, -85.02489795350006], [200.0, 0.0, 94.69550717613112, 44.410099477709885, -53.23128250035527, -26.056746465586954, -7.088122135257602, -37.25997690888898, -2.5549812968518104, -29.340187934946236, 63.60500905065605, -76.33828196567478, 66.48074908896405, -82.21237833117469], [200.0, 0.0, 31.323245962020607, 28.689989642438917, 39.50519498130467, -24.289351385722433, 97.87244604043875, 39.01090521939923, 7.552895972164864], [200.0, 0.0, -21.102741638777612, 86.34622863791091, 16.822433569979168, 10.092431581132889, 21.617858237085485, -23.275965025619282, -97.31009551132416]], "c": [5.090255258331803, 5.317411280053737, 4.710268984690767, 4.660954960239537, 5.226873223947726, 4.800842788250475, 4.713592429854722, 4.725903311521476, 4.984120084927954, 4.549196202872167, 5.408380498196667, 4.933990566704557, 5.310485516050397, 5.258379598996948, 4.5618085293107775, 4.592243162876209, 4.845239846712219, 5.47042539767178, 4.887644383318169, 4.869194527963318, 4.638483480348449, 5.422899326930306, 4.588658936335818, 5.165028476997781, 5.363794848928215, 5.220424927455071, 4.990298212492974, 4.697832693487842, 5.314259537476878, 5.49040547168092], "caves": [[1, 2, 3, 4, 5, 6, 7, 8, 9, 10, 11, 12, 13, 14, 15], [16, 17, 18, 19, 20, 21, 22, 23, 24, 25, 26, 27, 28, 29, 30]]},