{"inst1": {"S": [[1, 2, 4, 5, 8, 7, 10], [2, 1, 3, 7, 9, 12, 6, 4, 10, 11], [3, 2, 10, 12, 5, 4, 6, 9], [4, 1, 6, 12, 2, 3, 8, 5, 10], [5, 1, 11, 3, 6, 7, 10, 8, 12, 4], [6, 4, 9, 8, 2, 5, 10, 3], [7, 2, 8, 11, 5, 12, 9, 1, 10], [8, 1, 6, 7, 5, 4, 12], [9, 6, 2, 11, 12, 7, 3], [10, 3, 2, 6, 5, 1, 7, 4], [11, 5, 7, 9, 12, 2, 13], [12, 4, 3, 2, 9, 7, 11, 5, 8], [13, 11, 14, 15, 16, 17, 21, 18, 19], [14, 13, 22, 21, 16, 19, 24, 23, 15, 20], [15, 13, 24, 20, 14, 21, 19], [16, 13, 20, 19, 14, 23, 17, 24], [17, 13, 18, 21, 19, 16], [18, 17, 19, 24, 13, 20, 21, 23], [19, 18, 22, 16, 24, 14, 23, 17, 13, 15, 20], [20, 16, 23, 15, 24, 18, 22, 19, 21, 14], [21, 13, 14, 24, 17, 23, 15, 20, 18], [22, 19, 14, 23, 20], [23, 20, 22, 19, 21, 16, 14, 18], [24, 18, 15, 21, 19, 14, 20, 16]], "f": [[200.0, 0.0, -9.160493070702259, -19.61104098336417, 86.53180266489882, 71.57942531778818, -2.3926228689945095, -84.20220340546662], [200.0, 0.0, -62.63623913096947, 28.51780686879639, -59.09777656386981, -82.7817577336224, -29.501394883839716, 50.78508642887807, -4.71220724224497, 32.11161535037312, 19.959172223851198], [200.0, 0.0, -94.71183151734736, 82.5959734432748, 6.504830524588812, -33.64726538402716, 84.52181068473368, 14.001580432893789, -23.11093728096669], [200.0, 0.0, -60.10382827803289, 29.701485110398053, 68.1404452957838, 25.505059372589088, 13.023886922636741, -96.73139485506603, 24.339569293061004, 18.655543602603466], [200.0, 0.0, 28.48074597626389, -17.831121073278066, 26.444767255163136, 50.779545723754225, -17.98912249747562, -47.88402434652785, -47.80620577432679, -4.437769481737441, 10.564429153924216], [200.0, 0.0, 89.61197167972654, 39.87856289300633, -49.84558364171685, -3.124072742985984, -50.762028990858354, -69.93056320847121, 79.35439013483236], [200.0, 0.0, 80.95367952491614, -2.661276381685207, -2.5885471778341884, 48.18368894445435, -39.191748387325795, 44.89502973984032, -79.7646860896193, -28.793593080991297], [200.0, 0.0, 99.66632222472617, -89.07530860054493, -74.38231175451232, -70.32545335122616, -30.824072302581705, -20.373915240474183], [200.0, 0.0, -51.77181163362492, -93.03719773258076, 15.230743180349382, -79.62684014558094, -55.421152676267546, -14.882938466115636], [200.0, 0.0, -20.942824221938604, 85.3896061927121, -85.12469852301112, -18.86762298627216, 34.72283853692628, -6.529202210662088, 50.299534572280976], [200.0, 0.0, 48.89098988073919, 94.65983255922296, -23.827521689079624, 11.42142538206803, 15.0331168460212, 1.7993546706164487], [200.0, 0.0, -45.88446941307191, 54.103969256342424, 5.701047215248245, -61.992780918884115, 1.2027850580611288, 97.0034386928123, -41.52138089032664, 9.808876701672897], [200.0, 0.0, 41.98417566607924, 92.65577420135446, 62.97817781628798, 74.02678023687379, 73.43703404185614, -7.935266729230239, 28.485979166458275, -4.198782113109467], [200.0, 0.0, 12.154074612262079, 0.06523337055939216, 32.66564380135808, 96.65407606951104, 14.437629127975239, 65.07676750208513, -49.38739718931129, 32.82125693239175, -80.66414696691812], [200.0, 0.0, -94.28663661426006, -2.542425860894415, 3.4871224217761565, 84.61428716004345, 41.976516931668286, -22.63916441327931], [200.0, 0.0, -29.34452402302341, -37.60788743858083, -51.09127287428219, 86.8335458190335, 90.03917769460818, -55.734288447664326, -18.35587274185242], [200.0, 0.0, -19.170137173391687, 58.49875883106013, -86.35887366099604, 66.84475644317693, 97.40934021400649], [200.0, 0.0, -26.280149059958568, -38.25735810179756, -75.47852890105018, 10.848878658641281, 46.52388288079061, 99.40673787037622, -28.89246574729194], [200.0, 0.0, 68.84155616749976, 62.9895378483273, 30.15015270459662, -18.95423827551166, 28.977428151903606, 36.80973059930799, -0.45927413143254103, 28.06237008436645, 27.67210087691021, 65.25497562890598], [200.0, 0.0, 13.677979914844563, -31.533741851763164, 76.10476475632868, -0.49477698791629, -57.18721468431001, -77.74621238656705, 46.91409820644012, -75.16431854298804, 39.67182752128178], [200.0, 0.0, 92.66979069312953, -86.02354061241904, 47.952200568244386, 89.33668009257467, 89.08943864754318, -6.707867368419818, 95.05192637954536, 57.86195085770047], [200.0, 0.0, 20.024833135373797, -14.070672043995813, 13.502355759311824, -23.8601163682127], [200.0, 0.0, -33.083276978578844, 17.097639244878525, 58.567205917154695, 98.176048154125, 91.61789531783084, 18.140262538761643, 93.40013899245511], [200.0, 0.0, 76.5580205386438, 49.41718120175895, -13.102387146383832, 23.514517319717477, 71.51903997705978, 26.370047546702114, 81.46644696554115]], "c": [5.200267217956952, 4.722405935113721, 4.835493299084943, 4.678096747279543, 4.792822623586325, 5.4852301348369465, 4.711195912518046, 5.350412940093763, 5.129231994245428, 4.967945410794149, 5.102131299022586, 4.738130936391405, 4.76099146209492, 5.393641866189595, 4.62056802546295, 4.98271879587805, 5.258648947879766, 4.597848437314373, 5.012275344607468, 4.658579469165256, 4.889646585925889, 4.535795741104623, 5.374138593298477, 4.798142881569442], "caves": [[1, 2, 3, 4, 5, 6, 7, 8, 9, 10, 11, 12], [13, 14, 15, 16, 17, 18, 19, 20, 21, 22, 23, 24]]}, "inst2": {"S": [[1, 2, 3, 4, 11, 8, 5, 7, 10], [2, 1, 5, 8, 4, 12, 10, 3, 11, 6], [3, 1, 12, 6, 10, 7, 8, 2], [4, 1, 7, 9, 12, 2, 8, 10, 13], [5, 2, 6, 10, 1, 12, 11, 8], [6, 5, 3, 10, 8, 12, 2], [7, 4, 8, 1, 3, 11, 10], [8, 2, 11, 7, 1, 12, 6, 4, 9, 3, 5], [9, 4, 8, 12], [10, 5, 6, 3, 11, 7, 1, 2, 4], [11, 8, 1, 12, 10, 7, 5, 2], [12, 3, 4, 11, 8, 6, 9, 2, 5], [13, 4, 14, 15, 18, 21, 23, 22, 20], [14, 13, 16, 23, 21, 17, 18, 20, 19], [15, 13, 23, 17, 21], [16, 14, 17, 22, 23, 19, 18, 24, 20, 21], [17, 16, 14, 20, 15, 19], [18, 13, 19, 24, 16, 14, 23, 22, 21, 20], [19, 18, 20, 16, 24, 23, 14, 17, 21], [20, 19, 23, 21, 17, 14, 16, 13, 18], [21, 13, 24, 23, 14, 20, 15, 19, 22, 16, 18], [22, 16, 13, 18, 21, 23], [23, 14, 16, 15, 20, 21, 13, 19, 18, 22], [24, 21, 18, 19, 16]],