{"inst1": {"S": [[1, 2, 6, 4, 7, 3, 10], [2, 1, 3, 9, 5, 4], [3, 2, 4, 9, 10, 1, 8], [4, 3, 5, 8, 1, 6, 10, 2, 7], [5, 4, 7, 8, 2, 10, 6], [6, 1, 7, 4, 5, 10, 11], [7, 5, 10, 9, 1, 6, 4], [8, 4, 5, 9, 10, 3], [9, 2, 3, 7, 8, 10], [10, 7, 9, 3, 4, 1, 5, 8, 6], [11, 6, 12, 13, 14, 15, 17, 16, 19], [12, 11, 18, 19, 13, 20, 17, 14], [13, 11, 14, 12, 16, 17, 20], [14, 11, 16, 13, 17, 20, 12], [15, 11, 20, 19, 16], [16, 14, 11, 15, 18, 13, 20], [17, 11, 18, 14, 19, 13, 12, 20], [18, 12, 17, 19, 16], [19, 12, 15, 18, 11, 17, 20], [20, 15, 14, 12, 19, 17, 13, 16]], "f": [[200.0, 0.0, -87.60731830203493, 8.921946105567535, 15.113813218443184, -41.81312538077493, 13.601453967869848, 90.81518606851769], [200.0, 0.0, -66.04998236361853, -82.1856276110903, 82.1962635219664, 38.65253836185158, 69.11239074114374], [200.0, 0.0, -75.8507618353796, 58.81846392307888, -80.89176868805185, -61.58927300584223, 28.17523695694486, -95.0818470888646], [200.0, 0.0, 95.1401374949614, 39.95618157388887, -62.344379713636776, -92.32116643655426, -79.15181036404731, 96.6510400278358, -51.89365050403254, -94.40431833155746], [200.0, 0.0, 67.40485902619784, -1.2013883394787817, -60.24097764094461, -90.56382472047679, 45.91738214456844, 36.997355715917536], [200.0, 0.0, -30.27426047341486, -35.91722790289553, 5.001972044435954, 59.949334061380945, 32.04878768175854, 37.66738587466871], [200.0, 0.0, -64.69746521400084, -84.3823884817754, -49.91259888318136, -85.78577006259974, 5.98736568099445, 69.85528388272509], [200.0, 0.0, 80.55862443786394, -23.996543381653556, -78.18792127008322, -59.30770659702274, 55.81384774355138], [200.0, 0.0, 63.09090997549125, 93.5699094663853, -64.61563347740568, -62.729392687190334, -2.9605001087147143], [200.0, 0.0, 68.11179476284053, 56.422761308625, -25.30855809354986, -2.6748491853217926, 36.693810659609596, -9.547046493263123, 80.60702871022923, 80.74706404536947], [200.0, 0.0, -39.298698276062225, 14.991166295863877, -18.48531586813329, 52.620864916747514, 98.38888625218082, 35.421530382411625, 72.76753954972668, -18.493155249226323], [200.0, 0.0, -23.923154765495735, -4.809965083262724, 42.49618867775471, -27.76475654447623, -79.55457670857786, 17.909328671053792, -77.67362111652125], [200.0, 0.0, -41.74438789087085, 24.565626066909687, -19.60897537029147, -25.282458347250024, -74.55361956931455, 23.395603023148404], [200.0, 0.0, -44.00392167657219, -50.35407004209353, 45.7832124553494, -30.677038733091734, 13.90561863217199, 48.5134444827068], [200.0, 0.0, 32.753468534535024, 46.64000119104281, 87.72257555143896, -97.46163136536805], [200.0, 0.0, 62.59785518963097, -58.60433485633829, 73.20348782051352, 77.96164641423371, -98.95844971147561, -12.966223513567353], [200.0, 0.0, 34.53008457066458, -34.90929140549308, -12.544347044342308, -72.80124639536587, -32.1854851578252, 5.350788193432621, -44.225637048429256], [200.0, 0.0, -15.773861419723612, -87.71114734537153, 36.39866696326999, -94.50529797211146], [200.0, 0.0, 22.750883788697386, -73.82804502483249, -71.54743721580029, 19.34116118602962, -85.44272986006209, -11.067153278678799], [200.0, 0.0, -98.85563831296294, -21.12586805504293, 48.91461119494353, -8.250783469317202, -3.9030446474105807, -58.3909019099752, 54.30202132588873]], "c": [4.8046854843270275, 5.4706864237662565, 4.645702539491176, 5.220582606154725, 4.890966531738405, 4.7731578947768885, 5.443915517319442, 5.2319315806462265, 4.733168661215159, 5.3951709580887535, 5.383314687332524, 5.258142507364723, 5.064709673814526, 4.9656349035971035, 4.873027241663753, 5.235226919037987, 5.193711623057037, 4.856424493512177, 5.151589845525066, 5.114655309135074], "caves": [[1, 2, 3, 4, 5, 6, 7, 8, 9, 10], [11, 12, 13, 14, 15, 16, 17, 18, 19, 20]]}, "inst2": {"S": [[1, 2, 3, 10, 8, 4, 5, 7], [2, 1, 3, 4, 8, 11], [3, 1, 4, 5, 6, 7, 10, 2, 8], [4, 3, 7, 1, 5, 8, 2, 6, 10], [5, 3, 6, 4, 1, 9, 7], [6, 5, 7, 3, 9, 10, 4], [7, 6, 8, 9, 4, 3, 5, 1], [8, 7, 1, 4, 2, 3], [9, 7, 10, 6, 5], [10, 1, 9, 3, 6, 4], [11, 2, 12, 20, 18, 19, 15], [12, 11, 13, 14, 17, 19, 20, 18, 16, 15], [13, 12, 15, 16, 18, 19, 17, 20], [14, 12, 18, 15, 17], [15, 13, 19, 18, 14, 12, 17, 11], [16, 13, 19, 12, 17], [17, 12, 13, 16, 14, 15], [18, 13, 12, 19, 14, 15, 11, 20], [19, 12, 13, 16, 20, 18, 15, 11], [20, 11, 19, 12, 13, 18]], "f": [[200.0, 0.0, -93.24362241938925, 18.047222410696804, 22.00328823766995, 56.989431345057895, 46.15811656623825, -97.91473508852128, 65.60566301330209], [200.0, 0.0, 85.24419358662921, -5.140800658795186, 12.3846105809853, 6.3087651320262506, 98.97793873407275], [200.0, 0.0, -30.55454445724701, 18.114730170534777, -53.26579178051545, -79.83147800073418, 35.3174800865701, 82.65383304618801, 36.229010086136945, -44.14336131725798], [200.0, 0.0, -43.235946960408555, -96.76461160167726, -11.164664923601485, -80.12347351142135, -79.1426042504641, 61.580043278983986, -27.483015343066718, -32.40856755071177], [200.0, 0.0, 76.10276704195506, -51.47730768947936, -24.5903091328858, -66.763940178664, 74.97458708742137, 29.32037551632829], [200.0, 0.0, -47.92715302855659, 31.191518753639123, 32.51738455387512, 87.49420713910938, -26.105722047355616, 13.554562429748573], [200.0, 0.0, -95.50005587926562, 49.58653634004007, -12.798779249513004, -31.17469417939205, 87.50828016442902, 59.40967824501704, 3.2163641972877244], [200.0, 0.0, -35.08891141364421, -24.598835514496777, -51.655620107468536, -24.045935334843648, -41.441715105019064], [200.0, 0.0, 89.87532878782625, 95.0591713513626, 73.3877142862388, 67.89028734667615], [200.0, 0.0, -96.04050071186505, -28.374222848494135, 10.078288757108634, 96.3692929193852, -99.70600489281343], [200.0, 0.0, -58.663560341698194, 83.45209704302934, -19.50300370487128, 26.793658275256526, -68.31965909203119, -84.44467876973943], [200.0, 0.0, 12.11455233868557, 84.6992622280037, 33.77564199801455, -43.75423749957794, -67.03579004974416, -77.49816319356428, 67.2048540154546, -66.56076029797046, 68.13085463635804], [200.0, 0.0, 70.22863999585923, -23.216621474303434, 60.38816674478598, -82.7306820463374, -18.74141886815348, -37.93742740755863, -98.88136673902146], [200.0, 0.0, 1.1643214517661926, -26.30955749828172, 39.65318572906937, 46.272006192209034], [200.0, 0.0, -47.156971987379606, -43.35539397689783, 96.284921124665, -56.47147641099388, 1.6242541263981503, -68.96535953710642, 21.010162795629018], [200.0, 0.0, 39.97850901231441, 3.7725349613648262, 78.56076871552804, -41.64210448944176], [200.0, 0.0, -86.54885317809189, 61.54989129011066, 37.68860750377265, -5.350246601387032, -13.195363573508034], [200.0, 0.0, 76.93350162953013, 52.94088973394757, 99.07255640651984, -24.99823025583483, -16.07920614114331, -99.23042035022516, 95.30371483859254], [200.0, 0.0, -97.8406319604761, 7.935888171660821, 73.1038739476648, -20.84269623796824, 56.98912617154244, 1.4994318298126696, -34.36439603479449], [200.0, 0.0, -96.85888987317253, 59.56170422746718, -7.339819891660593, 26.846201717824393, 22.947305599899703]], "c": [4.713091285379931, 5.124796286537836, 5.061242585063005, 5.432914726644284, 4.7687200391262365, 4.944756441192177, 5.194743009227155, 4.96796036738841, 5.283303949615023, 4.943134507763264, 4.793241646662671, 5.170836252383654, 5.08446451556002, 4.9685999301136405, 5.037019212688812, 5.1401003796250215, 4.694082053330586, 5.208370682767433, 5.4127905296912315, 5.207296303321824], "caves": [[1, 2, 3, 4, 5, 6, 7, 8, 9, 10], [11, 12, 13, 14, 15, 16, 17, 18, 19, 20]]}, "jmap": {"1": 10, "2": 9, "3": 8, "4": 7, "5": 6, "6": 5, "7": 4, "8": 3, "9": 2, "10": 1, "11": 20, "12": 19, "13": 18, "14": 17, "15": 16, "16": 15, "17": 14, "18": 13, "19": 12, "20": 11}}