{"inst1": {"S": [[1, 2, 4, 6, 8, 5, 3, 10, 12, 13], [2, 1, 3, 7, 9, 6, 5, 10], [3, 2, 5, 9, 10, 11, 1, 8, 12, 4, 7], [4, 1, 10, 8, 6, 3, 7, 9], [5, 3, 1, 7, 9, 11, 2], [6, 1, 7, 2, 10, 12, 4, 11, 9], [7, 6, 2, 5, 12, 8, 4, 3], [8, 1, 3, 9, 12, 4, 7], [9, 3, 12, 8, 2, 11, 10, 5, 6, 4], [10, 3, 4, 1, 6, 9, 12, 2], [11, 3, 9, 5, 6], [12, 9, 7, 8, 6, 3, 1, 10], [13, 1, 14, 15, 20, 19, 22, 24, 17, 23], [14, 13, 16, 21, 20, 23, 18, 24], [15, 13, 23, 17, 19, 18, 21], [16, 14, 17, 18, 21, 20, 19, 24], [17, 16, 19, 22, 15, 24, 20, 13, 18], [18, 16, 20, 23, 15, 19, 14, 17], [19, 17, 21, 15, 13, 16, 24, 18], [20, 18, 21, 13, 16, 14, 22, 17], [21, 14, 23, 20, 19, 16, 24, 15, 22], [22, 17, 24, 23, 13, 20, 21], [23, 21, 15, 22, 24, 18, 14, 13], [24, 22, 21, 23, 17, 19, 13, 14, 16]], "f": [[200.0, 0.0, -11.83820611809827, -59.81398089076486, 73.55442205613699, 17.865250243572927, -38.072950030842435, 11.792095141767799, -61.52923160097667, -91.2023930288296, -6.620332604868473], [200.0, 0.0, 51.169067193732644, 5.583953629948635, -85.73931278155422, 17.238452883805234, 6.362773500434105, -19.831996720473267, -99.56176317659083], [200.0, 0.0, 0.08090335146084815, 99.9608650610528, -77.32313416604966, 82.31089726370364, 35.010671336644265, -45.181717429236954, 73.61023086225703, -92.21490601165507, -94.5512116419672, -89.80084971462439], [200.0, 0.0, 60.644857741362124, -17.64020568321516, 93.60166498127312, -50.13857741330248, -24.104816984545472, -62.943892845506475, -91.70818501427193], [200.0, 0.0, -18.973136754938924, -35.844395182407276, 27.95528518986501, -42.78049780753002, 85.04146367782359, -81.34381967733728], [200.0, 0.0, -29.65482808645723, 25.932175000019676, 65.28940860324323, 69.74567128836154, -16.116307759029368, -43.904575984463975, -18.30787180222866, -67.69949573777816], [200.0, 0.0, -80.16753469390817, -16.854736449642438, 84.00467055567364, 56.790167357472754, 55.74731725093696, -61.49440871428566, -57.960714795470295], [200.0, 0.0, -25.909759467005046, -88.28255678951314, 76.80940163268633, 76.81496384870866, -61.705112221874295, 55.79940527309455], [200.0, 0.0, -10.2227950700706, 45.73480687302789, 42.44802129675445, 27.99322176375587, -72.48807486311415, -37.52241435887884, 66.4531749946222, -32.77366990830524, 9.013229171596947], [200.0, 0.0, -20.158359355467013, 59.00831789459347, -22.21733500403844, -29.229508760738042, 53.529295951874744, 79.72883721545314, 87.46211738373373], [200.0, 0.0, 45.00029972023063, -15.311446493441183, -3.7861575054329855, -74.18404264357063], [200.0, 0.0, -20.130408113725572, -44.8798344170807, 69.99477051614677, 57.50560328704364, -37.547099922411654, -80.32764597902352, -81.38964035563438], [200.0, 0.0, -30.48720693177338, -56.22748809134856, 22.563086221007268, 95.56704436483274, 16.578696427674934, -87.48081192805135, -42.82118235436827, 89.63723549170666, -18.640513055809226], [200.0, 0.0, 61.27540036851589, -23.211681704310095, 60.98236857408344, 30.547522907817214, 2.6813865865031206, -77.31288839640497, 83.46901345076954], [200.0, 0.0, -79.39662244369323, 85.92225049175248, 44.626942139302315, -50.76415664832865, 90.67875082449817, 44.80707708272138], [200.0, 0.0, -11.284292490502711, -82.47026666994056, -85.90086007550151, -9.663891322814688, 54.73958593091417, 59.75353380721658, -96.0488499920547], [200.0, 0.0, 29.86147403772954, -15.58997697672375, 15.203082878066866, -99.2813789827999, 46.58065797788111, 23.377904667976424, -83.99561672434115, -7.350137349034558], [200.0, 0.0, 74.9311463860133, -55.481360096352915, 96.43320883681588, -54.661421010694575, 7.347495438956364, 85.52811062365058, 66.82304445843815], [200.0, 0.0, -67.19424985323465, -84.1947488067564, -25.698543987983278, -29.48266268024056, 22.489210310653384, -36.98264845065293, 75.8867718213444], [200.0, 0.0, -56.079864410767286, 72.85439062049277, 85.29136377004795, 97.62992238317136, -18.254325155693294, -15.2198531324506, -47.46065407806213], [200.0, 0.0, -21.111480447833063, -91.73008229032497, 75.8365522595744, 89.34943771852453, 48.66460342409091, 16.882972370348213, -12.441499115858923, -7.649185173713824], [200.0, 0.0, 12.358248750513901, -68.01422538911342, -22.375329934367972, 13.514281074841715, -34.07867575375203, -81.07922209942132], [200.0, 0.0, -26.280089607995592, 52.46259771829052, -44.93455222773264, 11.329284992862165, -73.79312789027502, 58.90468968553708, -84.59863426046708], [200.0, 0.0, -76.25712526045115, 63.08887909873491, 87.0266911885307, -76.31719624834747, 53.064576033063425, -60.601917682283755, 45.89380486057133, -89.27879535571368]], "c": [4.691506847694699, 5.368313811055386, 4.611386710841159, 4.612763955329417, 4.708439759095731, 5.352102601960684, 5.156918928105618, 4.642561064492023, 5.494396989615939, 5.273371749583293, 4.966030127103253, 4.9861135897011515, 5.38560531830785, 4.606817347874068, 5.153560706023542, 4.867173185013631, 5.059727788930709, 4.641911447243872, 4.8047663011203205, 5.11921462285687, 4.879194407652582, 4.6990675458426505, 5.239811593488064, 4.598820280537051], "caves": [[1, 2, 3, 4, 5, 6, 7, 8, 9, 10, 11, 12], [13, 14, 15, 16, 17, 18, 19, 20, 21, 22, 23, 24]]}, "inst2": {"S": [[1, 2, 4, 12, 9, 3, 10, 6, 5, 13], [2, 1, 3, 7, 10, 4, 9, 6, 12, 5], [3, 2, 10, 11, 9, 5, 1, 7, 12, 4, 6], [4, 1, 5, 8, 2, 3], [5, 4, 6, 7, 11, 10, 3, 8, 1, 2], [6, 5, 7, 9, 12, 1, 2, 3, 10], [7, 5, 9, 2, 6, 3, 12], [8, 4, 5, 12, 9], [9, 7, 1, 3, 6, 12, 11, 2, 8], [10, 3, 5, 1, 2, 6, 12], [11, 5, 3, 9, 12], [12, 1, 3, 7, 9, 6, 11, 8, 2, 10], [13, 1, 14, 15, 19, 22, 24, 23, 16, 21], [14, 13, 18, 15, 17, 19, 21, 20], [15, 13, 16, 17, 20, 24, 14, 23, 19, 18], [16, 15, 17, 18, 19, 13, 21, 20], [17, 15, 21, 24, 14, 16, 20, 22], [18, 14, 16, 15, 24, 19], [19, 13, 23, 22, 21, 15, 14, 16, 18], [20, 15, 24, 23, 14, 17, 16, 21], [21, 17, 19, 23, 14, 24, 16, 13, 20], [22, 13, 24, 23, 19, 17], [23, 19, 22, 15, 13, 21, 20, 24], [24, 13, 22, 20, 15, 17, 21, 23, 18]],